#
# There is insufficient memory for the Java Runtime Environment to continue.
# Native memory allocation (malloc) failed to allocate 1086464 bytes. Error detail: Chunk::new
# Possible reasons:
#   The system is out of physical RAM or swap space
#   This process is running with CompressedOops enabled, and the Java Heap may be blocking the growth of the native heap
# Possible solutions:
#   Reduce memory load on the system
#   Increase physical memory or swap space
#   Check if swap backing store is full
#   Decrease Java heap size (-Xmx/-Xms)
#   Decrease number of Java threads
#   Decrease Java thread stack sizes (-Xss)
#   Set larger code cache with -XX:ReservedCodeCacheSize=
#   JVM is running with Unscaled Compressed Oops mode in which the Java heap is
#     placed in the first 4GB address space. The Java Heap base address is the
#     maximum limit for the native heap growth. Please use -XX:HeapBaseMinAddress
#     to set the Java Heap base and to place the Java Heap above 4GB virtual address.
# This output file may be truncated or incomplete.
#
#  Out of Memory Error (arena.cpp:191), pid=9832, tid=15788
#
# JRE version: OpenJDK Runtime Environment (17.0.11) (build 17.0.11+0--11852314)
# Java VM: OpenJDK 64-Bit Server VM (17.0.11+0--11852314, mixed mode, tiered, compressed oops, compressed class ptrs, g1 gc, windows-amd64)
# No core dump will be written. Minidumps are not enabled by default on client versions of Windows
#

---------------  S U M M A R Y ------------

Command Line: --add-opens=java.base/java.util=ALL-UNNAMED --add-opens=java.base/java.lang=ALL-UNNAMED --add-opens=java.base/java.lang.invoke=ALL-UNNAMED --add-opens=java.prefs/java.util.prefs=ALL-UNNAMED --add-opens=java.base/java.nio.charset=ALL-UNNAMED --add-opens=java.base/java.net=ALL-UNNAMED --add-opens=java.base/java.util.concurrent.atomic=ALL-UNNAMED -Xmx2048m -Dfile.encoding=UTF-8 -Duser.country=TR -Duser.language=tr -Duser.variant -javaagent:C:\Users\gurgi\.gradle\wrapper\dists\gradle-8.7-bin\bhs2wmbdwecv87pi65oeuq5iu\gradle-8.7\lib\agents\gradle-instrumentation-agent-8.7.jar org.gradle.launcher.daemon.bootstrap.GradleDaemon 8.7

Host: 12th Gen Intel(R) Core(TM) i5-12450H, 12 cores, 15G,  Windows 11 , 64 bit Build 26100 (10.0.26100.3775)
Time: Thu May  1 18:31:16 2025 Türkiye Standart Saati elapsed time: 13.614698 seconds (0d 0h 0m 13s)

---------------  T H R E A D  ---------------

Current thread (0x00000245160b3350):  JavaThread "C2 CompilerThread0" daemon [_thread_in_native, id=15788, stack(0x0000008b5ab00000,0x0000008b5ac00000)]


Current CompileTask:
C2:  13614 15239       4       com.android.tools.r8.graph.F3::b (716 bytes)

Stack: [0x0000008b5ab00000,0x0000008b5ac00000]
Native frames: (J=compiled Java code, j=interpreted, Vv=VM code, C=native code)
V  [jvm.dll+0x687bb9]
V  [jvm.dll+0x84142a]
V  [jvm.dll+0x8430ae]
V  [jvm.dll+0x843713]
V  [jvm.dll+0x24a35f]
V  [jvm.dll+0xac544]
V  [jvm.dll+0xacb8c]
V  [jvm.dll+0x369c37]
V  [jvm.dll+0x1be312]
V  [jvm.dll+0x21c029]
V  [jvm.dll+0x21b311]
V  [jvm.dll+0x1a63ed]
V  [jvm.dll+0x22b1ee]
V  [jvm.dll+0x229375]
V  [jvm.dll+0x7f5647]
V  [jvm.dll+0x7efa4a]
V  [jvm.dll+0x686a35]
C  [ucrtbase.dll+0x37b0]
C  [KERNEL32.DLL+0x2e8d7]
C  [ntdll.dll+0xb14fc]


---------------  P R O C E S S  ---------------

Threads class SMR info:
_java_thread_list=0x000002451a50fc60, length=178, elements={
0x000002457784b410, 0x0000024511b9e9f0, 0x0000024516060a40, 0x0000024516091010,
0x00000245160918e0, 0x00000245160921b0, 0x0000024516092a80, 0x00000245160b3350,
0x00000245160b3c60, 0x00000245160b4570, 0x0000024511b85df0, 0x0000024516362e60,
0x000002451649fe20, 0x000002451834e860, 0x000002451772fb10, 0x0000024517efd8c0,
0x0000024517dbdb10, 0x000002451829e870, 0x00000245172ee710, 0x00000245172eebf0,
0x0000024518279610, 0x000002451827a030, 0x0000024518277cc0, 0x00000245182786e0,
0x00000245182777b0, 0x0000024518279b20, 0x000002451827a540, 0x00000245182772a0,
0x0000024519ad4fa0, 0x0000024519ad3b60, 0x0000024519ad4070, 0x0000024519ad4a90,
0x0000024519ad59c0, 0x0000024519ad2c30, 0x0000024519ad9b90, 0x0000024519ad8750,
0x0000024519ad9170, 0x0000024519ad7820, 0x0000024519ad7310, 0x0000024519ad6e00,
0x0000024519ad8240, 0x0000024519ad7d30, 0x0000024519ad8c60, 0x0000024519ad9680,
0x0000024519ad68f0, 0x000002451bc5e160, 0x000002451bc609e0, 0x000002451bc60ef0,
0x000002451bc61400, 0x000002451bc5f090, 0x000002451bc5dc50, 0x000002451bc5eb80,
0x000002451bc61910, 0x000002451bc61e20, 0x000002451bc5fab0, 0x000002451bc5e670,
0x000002451bc62d50, 0x000002451bc63260, 0x000002451bc64190, 0x0000024519a85390,
0x000002451bc2fc30, 0x000002451bc2ed00, 0x000002451bc30140, 0x000002451bc2e7f0,
0x000002451bc31070, 0x000002451bc338f0, 0x000002451bc30650, 0x000002451bc34310,
0x000002451bc33e00, 0x000002451bc324b0, 0x000002451bc329c0, 0x000002451bc35240,
0x000002451bc31fa0, 0x000002451bc34d30, 0x000002451bc333e0, 0x000002451bc31a90,
0x000002451bc35750, 0x000002451bc35c60, 0x000002451bc36170, 0x0000024519ad2720,
0x0000024519ad4580, 0x00000245182781d0, 0x000002451b5bdb60, 0x000002451b5be580,
0x000002451b5bd650, 0x000002451b5bc210, 0x000002451b5be070, 0x000002451b5bf4b0,
0x000002451b5bd140, 0x000002451b5bea90, 0x000002451b5bbd00, 0x000002451b5befa0,
0x000002451b5bf9c0, 0x000002451b5bc720, 0x000002451b5bfed0, 0x000002451b5c03e0,
0x000002451b5bcc30, 0x000002451b5c08f0, 0x000002451b5c0e00, 0x000002451b5c3170,
0x000002451b5c1310, 0x000002451b5c1820, 0x000002451b5c3680, 0x000002451b5c1d30,
0x000002451b5c2240, 0x000002451b5c2750, 0x000002451b5c2c60, 0x000002451c8c64c0,
0x000002451c8c69d0, 0x000002451c8c6ee0, 0x000002451c8c8d40, 0x000002451c8c9250,
0x000002451c8c7e10, 0x000002451c8c9760, 0x000002451c8c5fb0, 0x000002451c8c8830,
0x000002451c8c8320, 0x000002451c8c9c70, 0x000002451c8ca690, 0x000002451c8ca180,
0x000002451c8caba0, 0x000002451c8c73f0, 0x000002451c8cb0b0, 0x000002451c8c7900,
0x000002451c8cb5c0, 0x000002451c8cbad0, 0x000002451c8cd930, 0x000002451c8cd420,
0x000002451c8cbfe0, 0x000002451c8cc4f0, 0x000002451c8cca00, 0x000002451c8ccf10,
0x000002451c7dde20, 0x000002451c7ded50, 0x000002451c7df770, 0x000002451c7df260,
0x000002451c7e15d0, 0x000002451c7dfc80, 0x000002451c7e1ae0, 0x000002451c7e06a0,
0x000002451c7de840, 0x000002451c7e2a10, 0x000002451c7e10c0, 0x000002451c7e0bb0,
0x000002451c7e0190, 0x000002451c7e4360, 0x000002451c7e2500, 0x000002451c7e3430,
0x000002451c7e2f20, 0x000002451c7e3940, 0x000002451c7e57a0, 0x000002451c7e1ff0,
0x000002451c7e3e50, 0x000002451c7e4870, 0x000002451c7e5290, 0x00000245196d60e0,
0x00000245196d56c0, 0x00000245196d4ca0, 0x00000245196d7520, 0x00000245196d7a30,
0x00000245196d7010, 0x00000245196d8960, 0x00000245196d8450, 0x00000245196d6b00,
0x00000245196d65f0, 0x00000245196d7f40, 0x00000245196d51b0, 0x00000245196d8e70,
0x00000245196d9380, 0x00000245196d5bd0, 0x00000245196d9890, 0x00000245196dc620,
0x00000245196da2b0, 0x00000245196d9da0, 0x00000245196db6f0, 0x00000245196dbc00,
0x00000245196da7c0, 0x000002451c7de330
}

Java Threads: ( => current thread )
  0x000002457784b410 JavaThread "main" [_thread_blocked, id=10664, stack(0x0000008b59e00000,0x0000008b59f00000)]
  0x0000024511b9e9f0 JavaThread "Reference Handler" daemon [_thread_blocked, id=14688, stack(0x0000008b5a500000,0x0000008b5a600000)]
  0x0000024516060a40 JavaThread "Finalizer" daemon [_thread_blocked, id=14728, stack(0x0000008b5a600000,0x0000008b5a700000)]
  0x0000024516091010 JavaThread "Signal Dispatcher" daemon [_thread_blocked, id=15172, stack(0x0000008b5a700000,0x0000008b5a800000)]
  0x00000245160918e0 JavaThread "Attach Listener" daemon [_thread_blocked, id=10936, stack(0x0000008b5a800000,0x0000008b5a900000)]
  0x00000245160921b0 JavaThread "Service Thread" daemon [_thread_blocked, id=12640, stack(0x0000008b5a900000,0x0000008b5aa00000)]
  0x0000024516092a80 JavaThread "Monitor Deflation Thread" daemon [_thread_blocked, id=19572, stack(0x0000008b5aa00000,0x0000008b5ab00000)]
=>0x00000245160b3350 JavaThread "C2 CompilerThread0" daemon [_thread_in_native, id=15788, stack(0x0000008b5ab00000,0x0000008b5ac00000)]
  0x00000245160b3c60 JavaThread "C1 CompilerThread0" daemon [_thread_blocked, id=20880, stack(0x0000008b5ac00000,0x0000008b5ad00000)]
  0x00000245160b4570 JavaThread "Sweeper thread" daemon [_thread_blocked, id=11936, stack(0x0000008b5ad00000,0x0000008b5ae00000)]
  0x0000024511b85df0 JavaThread "Common-Cleaner" daemon [_thread_blocked, id=4888, stack(0x0000008b5ae00000,0x0000008b5af00000)]
  0x0000024516362e60 JavaThread "Notification Thread" daemon [_thread_blocked, id=20636, stack(0x0000008b5af00000,0x0000008b5b000000)]
  0x000002451649fe20 JavaThread "C2 CompilerThread1" daemon [_thread_in_native, id=22844, stack(0x0000008b5b100000,0x0000008b5b200000)]
  0x000002451834e860 JavaThread "Daemon health stats" [_thread_blocked, id=12584, stack(0x0000008b5b700000,0x0000008b5b800000)]
  0x000002451772fb10 JavaThread "Incoming local TCP Connector on port 55487" [_thread_in_native, id=21144, stack(0x0000008b5b800000,0x0000008b5b900000)]
  0x0000024517efd8c0 JavaThread "Daemon periodic checks" [_thread_blocked, id=8756, stack(0x0000008b5b900000,0x0000008b5ba00000)]
  0x0000024517dbdb10 JavaThread "Daemon" [_thread_blocked, id=20944, stack(0x0000008b5ba00000,0x0000008b5bb00000)]
  0x000002451829e870 JavaThread "Handler for socket connection from /127.0.0.1:55487 to /127.0.0.1:55488" [_thread_in_native, id=15808, stack(0x0000008b5bb00000,0x0000008b5bc00000)]
  0x00000245172ee710 JavaThread "Cancel handler" [_thread_blocked, id=23456, stack(0x0000008b5bc00000,0x0000008b5bd00000)]
  0x00000245172eebf0 JavaThread "Daemon worker" [_thread_blocked, id=14952, stack(0x0000008b5bd00000,0x0000008b5be00000)]
  0x0000024518279610 JavaThread "Asynchronous log dispatcher for DefaultDaemonConnection: socket connection from /127.0.0.1:55487 to /127.0.0.1:55488" [_thread_blocked, id=21640, stack(0x0000008b5be00000,0x0000008b5bf00000)]
  0x000002451827a030 JavaThread "Stdin handler" [_thread_blocked, id=17316, stack(0x0000008b5bf00000,0x0000008b5c000000)]
  0x0000024518277cc0 JavaThread "Daemon client event forwarder" [_thread_blocked, id=20264, stack(0x0000008b5c000000,0x0000008b5c100000)]
  0x00000245182786e0 JavaThread "Cache worker for journal cache (C:\Users\gurgi\.gradle\caches\journal-1)" [_thread_blocked, id=1320, stack(0x0000008b5c700000,0x0000008b5c800000)]
  0x00000245182777b0 JavaThread "File lock request listener" [_thread_in_native, id=22664, stack(0x0000008b5c800000,0x0000008b5c900000)]
  0x0000024518279b20 JavaThread "Cache worker for file hash cache (C:\Users\gurgi\.gradle\caches\8.7\fileHashes)" [_thread_blocked, id=22660, stack(0x0000008b5c900000,0x0000008b5ca00000)]
  0x000002451827a540 JavaThread "Cache worker for file hash cache (C:\Users\gurgi\IdeaProjects\burak2\.gradle\8.7\fileHashes)" [_thread_blocked, id=22372, stack(0x0000008b5cb00000,0x0000008b5cc00000)]
  0x00000245182772a0 JavaThread "File watcher server" daemon [_thread_in_native, id=2752, stack(0x0000008b5cc00000,0x0000008b5cd00000)]
  0x0000024519ad4fa0 JavaThread "File watcher consumer" daemon [_thread_blocked, id=23496, stack(0x0000008b5cd00000,0x0000008b5ce00000)]
  0x0000024519ad3b60 JavaThread "Cache worker for checksums cache (C:\Users\gurgi\IdeaProjects\burak2\.gradle\8.7\checksums)" [_thread_blocked, id=16820, stack(0x0000008b5ce00000,0x0000008b5cf00000)]
  0x0000024519ad4070 JavaThread "Cache worker for cache directory md-supplier (C:\Users\gurgi\.gradle\caches\8.7\md-supplier)" [_thread_blocked, id=16136, stack(0x0000008b5cf00000,0x0000008b5d000000)]
  0x0000024519ad4a90 JavaThread "Cache worker for cache directory md-rule (C:\Users\gurgi\.gradle\caches\8.7\md-rule)" [_thread_blocked, id=21024, stack(0x0000008b5ca00000,0x0000008b5cb00000)]
  0x0000024519ad59c0 JavaThread "Cache worker for file content cache (C:\Users\gurgi\.gradle\caches\8.7\fileContent)" [_thread_blocked, id=21668, stack(0x0000008b5d000000,0x0000008b5d100000)]
  0x0000024519ad2c30 JavaThread "Cache worker for Build Output Cleanup Cache (C:\Users\gurgi\IdeaProjects\burak2\.gradle\buildOutputCleanup)" [_thread_blocked, id=23488, stack(0x0000008b5d200000,0x0000008b5d300000)]
  0x0000024519ad9b90 JavaThread "Unconstrained build operations" [_thread_blocked, id=15592, stack(0x0000008b5d300000,0x0000008b5d400000)]
  0x0000024519ad8750 JavaThread "Unconstrained build operations Thread 2" [_thread_blocked, id=21068, stack(0x0000008b5d400000,0x0000008b5d500000)]
  0x0000024519ad9170 JavaThread "Unconstrained build operations Thread 3" [_thread_blocked, id=15612, stack(0x0000008b5d500000,0x0000008b5d600000)]
  0x0000024519ad7820 JavaThread "Unconstrained build operations Thread 4" [_thread_blocked, id=22904, stack(0x0000008b5d600000,0x0000008b5d700000)]
  0x0000024519ad7310 JavaThread "Unconstrained build operations Thread 5" [_thread_blocked, id=22932, stack(0x0000008b5d700000,0x0000008b5d800000)]
  0x0000024519ad6e00 JavaThread "Unconstrained build operations Thread 6" [_thread_blocked, id=9324, stack(0x0000008b5d800000,0x0000008b5d900000)]
  0x0000024519ad8240 JavaThread "Unconstrained build operations Thread 7" [_thread_blocked, id=1880, stack(0x0000008b5d900000,0x0000008b5da00000)]
  0x0000024519ad7d30 JavaThread "Unconstrained build operations Thread 8" [_thread_blocked, id=14992, stack(0x0000008b5da00000,0x0000008b5db00000)]
  0x0000024519ad8c60 JavaThread "Unconstrained build operations Thread 9" [_thread_blocked, id=18016, stack(0x0000008b5db00000,0x0000008b5dc00000)]
  0x0000024519ad9680 JavaThread "Unconstrained build operations Thread 10" [_thread_blocked, id=22940, stack(0x0000008b5dc00000,0x0000008b5dd00000)]
  0x0000024519ad68f0 JavaThread "Unconstrained build operations Thread 11" [_thread_blocked, id=5296, stack(0x0000008b5dd00000,0x0000008b5de00000)]
  0x000002451bc5e160 JavaThread "Unconstrained build operations Thread 12" [_thread_blocked, id=8616, stack(0x0000008b5de00000,0x0000008b5df00000)]
  0x000002451bc609e0 JavaThread "Unconstrained build operations Thread 13" [_thread_blocked, id=13188, stack(0x0000008b5df00000,0x0000008b5e000000)]
  0x000002451bc60ef0 JavaThread "Unconstrained build operations Thread 14" [_thread_blocked, id=20904, stack(0x0000008b5e000000,0x0000008b5e100000)]
  0x000002451bc61400 JavaThread "Unconstrained build operations Thread 15" [_thread_blocked, id=13580, stack(0x0000008b5e100000,0x0000008b5e200000)]
  0x000002451bc5f090 JavaThread "Unconstrained build operations Thread 16" [_thread_blocked, id=20396, stack(0x0000008b5e200000,0x0000008b5e300000)]
  0x000002451bc5dc50 JavaThread "Unconstrained build operations Thread 17" [_thread_blocked, id=20784, stack(0x0000008b5e300000,0x0000008b5e400000)]
  0x000002451bc5eb80 JavaThread "Unconstrained build operations Thread 18" [_thread_blocked, id=8676, stack(0x0000008b5e400000,0x0000008b5e500000)]
  0x000002451bc61910 JavaThread "Unconstrained build operations Thread 19" [_thread_blocked, id=18616, stack(0x0000008b5e500000,0x0000008b5e600000)]
  0x000002451bc61e20 JavaThread "Unconstrained build operations Thread 20" [_thread_blocked, id=20240, stack(0x0000008b5e600000,0x0000008b5e700000)]
  0x000002451bc5fab0 JavaThread "Unconstrained build operations Thread 21" [_thread_blocked, id=22848, stack(0x0000008b5e700000,0x0000008b5e800000)]
  0x000002451bc5e670 JavaThread "Unconstrained build operations Thread 22" [_thread_blocked, id=10896, stack(0x0000008b5e800000,0x0000008b5e900000)]
  0x000002451bc62d50 JavaThread "build event listener" [_thread_blocked, id=12608, stack(0x0000008b5d100000,0x0000008b5d200000)]
  0x000002451bc63260 JavaThread "Memory manager" [_thread_blocked, id=23352, stack(0x0000008b5ea00000,0x0000008b5eb00000)]
  0x000002451bc64190 JavaThread "build event listener" [_thread_blocked, id=22116, stack(0x0000008b5ec00000,0x0000008b5ed00000)]
  0x0000024519a85390 JavaThread "C2 CompilerThread2" daemon [_thread_in_native, id=9784, stack(0x0000008b5eb00000,0x0000008b5ec00000)]
  0x000002451bc2fc30 JavaThread "included builds" [_thread_blocked, id=8844, stack(0x0000008b5ed00000,0x0000008b5ee00000)]
  0x000002451bc2ed00 JavaThread "Execution worker" [_thread_blocked, id=17448, stack(0x0000008b5ee00000,0x0000008b5ef00000)]
  0x000002451bc30140 JavaThread "Execution worker Thread 2" [_thread_blocked, id=4424, stack(0x0000008b5ef00000,0x0000008b5f000000)]
  0x000002451bc2e7f0 JavaThread "Execution worker Thread 3" [_thread_blocked, id=9208, stack(0x0000008b5f000000,0x0000008b5f100000)]
  0x000002451bc31070 JavaThread "Execution worker Thread 4" [_thread_in_native, id=23436, stack(0x0000008b5f100000,0x0000008b5f200000)]
  0x000002451bc338f0 JavaThread "Execution worker Thread 5" [_thread_blocked, id=23200, stack(0x0000008b5f200000,0x0000008b5f300000)]
  0x000002451bc30650 JavaThread "Execution worker Thread 6" [_thread_blocked, id=21984, stack(0x0000008b5f300000,0x0000008b5f400000)]
  0x000002451bc34310 JavaThread "Execution worker Thread 7" [_thread_blocked, id=21120, stack(0x0000008b5f400000,0x0000008b5f500000)]
  0x000002451bc33e00 JavaThread "Execution worker Thread 8" [_thread_blocked, id=21524, stack(0x0000008b5f500000,0x0000008b5f600000)]
  0x000002451bc324b0 JavaThread "Execution worker Thread 9" [_thread_blocked, id=21596, stack(0x0000008b5f600000,0x0000008b5f700000)]
  0x000002451bc329c0 JavaThread "Execution worker Thread 10" [_thread_blocked, id=10024, stack(0x0000008b5f700000,0x0000008b5f800000)]
  0x000002451bc35240 JavaThread "Execution worker Thread 11" [_thread_blocked, id=5324, stack(0x0000008b5f800000,0x0000008b5f900000)]
  0x000002451bc31fa0 JavaThread "Cache worker for execution history cache (C:\Users\gurgi\IdeaProjects\burak2\.gradle\8.7\executionHistory)" [_thread_blocked, id=17896, stack(0x0000008b5f900000,0x0000008b5fa00000)]
  0x000002451bc34d30 JavaThread "Unconstrained build operations Thread 23" [_thread_blocked, id=7328, stack(0x0000008b5fa00000,0x0000008b5fb00000)]
  0x000002451bc333e0 JavaThread "Unconstrained build operations Thread 24" [_thread_blocked, id=5012, stack(0x0000008b5fb00000,0x0000008b5fc00000)]
  0x000002451bc31a90 JavaThread "Unconstrained build operations Thread 25" [_thread_blocked, id=20116, stack(0x0000008b5fc00000,0x0000008b5fd00000)]
  0x000002451bc35750 JavaThread "Unconstrained build operations Thread 26" [_thread_blocked, id=1576, stack(0x0000008b5fd00000,0x0000008b5fe00000)]
  0x000002451bc35c60 JavaThread "Unconstrained build operations Thread 27" [_thread_in_Java, id=12564, stack(0x0000008b5fe00000,0x0000008b5ff00000)]
  0x000002451bc36170 JavaThread "Unconstrained build operations Thread 28" [_thread_blocked, id=4336, stack(0x0000008b5ff00000,0x0000008b60000000)]
  0x0000024519ad2720 JavaThread "Unconstrained build operations Thread 29" [_thread_blocked, id=6372, stack(0x0000008b60000000,0x0000008b60100000)]
  0x0000024519ad4580 JavaThread "Unconstrained build operations Thread 30" [_thread_blocked, id=22360, stack(0x0000008b60100000,0x0000008b60200000)]
  0x00000245182781d0 JavaThread "Unconstrained build operations Thread 31" [_thread_blocked, id=23432, stack(0x0000008b60200000,0x0000008b60300000)]
  0x000002451b5bdb60 JavaThread "Unconstrained build operations Thread 32" [_thread_blocked, id=10116, stack(0x0000008b60300000,0x0000008b60400000)]
  0x000002451b5be580 JavaThread "Unconstrained build operations Thread 33" [_thread_blocked, id=22304, stack(0x0000008b60400000,0x0000008b60500000)]
  0x000002451b5bd650 JavaThread "Unconstrained build operations Thread 34" [_thread_blocked, id=15324, stack(0x0000008b60500000,0x0000008b60600000)]
  0x000002451b5bc210 JavaThread "Unconstrained build operations Thread 35" [_thread_blocked, id=10252, stack(0x0000008b60600000,0x0000008b60700000)]
  0x000002451b5be070 JavaThread "Unconstrained build operations Thread 36" [_thread_blocked, id=18036, stack(0x0000008b60700000,0x0000008b60800000)]
  0x000002451b5bf4b0 JavaThread "Unconstrained build operations Thread 37" [_thread_blocked, id=19652, stack(0x0000008b60800000,0x0000008b60900000)]
  0x000002451b5bd140 JavaThread "Unconstrained build operations Thread 38" [_thread_blocked, id=19332, stack(0x0000008b60900000,0x0000008b60a00000)]
  0x000002451b5bea90 JavaThread "Unconstrained build operations Thread 39" [_thread_blocked, id=13160, stack(0x0000008b60a00000,0x0000008b60b00000)]
  0x000002451b5bbd00 JavaThread "Unconstrained build operations Thread 40" [_thread_blocked, id=20420, stack(0x0000008b60b00000,0x0000008b60c00000)]
  0x000002451b5befa0 JavaThread "Unconstrained build operations Thread 41" [_thread_blocked, id=20676, stack(0x0000008b60c00000,0x0000008b60d00000)]
  0x000002451b5bf9c0 JavaThread "Unconstrained build operations Thread 42" [_thread_blocked, id=17980, stack(0x0000008b60d00000,0x0000008b60e00000)]
  0x000002451b5bc720 JavaThread "Unconstrained build operations Thread 43" [_thread_blocked, id=19632, stack(0x0000008b60e00000,0x0000008b60f00000)]
  0x000002451b5bfed0 JavaThread "Unconstrained build operations Thread 44" [_thread_blocked, id=21088, stack(0x0000008b60f00000,0x0000008b61000000)]
  0x000002451b5c03e0 JavaThread "Unconstrained build operations Thread 45" [_thread_blocked, id=15176, stack(0x0000008b61000000,0x0000008b61100000)]
  0x000002451b5bcc30 JavaThread "Unconstrained build operations Thread 46" [_thread_blocked, id=2628, stack(0x0000008b61100000,0x0000008b61200000)]
  0x000002451b5c08f0 JavaThread "Unconstrained build operations Thread 47" [_thread_blocked, id=11900, stack(0x0000008b61200000,0x0000008b61300000)]
  0x000002451b5c0e00 JavaThread "Unconstrained build operations Thread 48" [_thread_blocked, id=22500, stack(0x0000008b61300000,0x0000008b61400000)]
  0x000002451b5c3170 JavaThread "Unconstrained build operations Thread 49" [_thread_blocked, id=23148, stack(0x0000008b61400000,0x0000008b61500000)]
  0x000002451b5c1310 JavaThread "Unconstrained build operations Thread 50" [_thread_blocked, id=1708, stack(0x0000008b61500000,0x0000008b61600000)]
  0x000002451b5c1820 JavaThread "Unconstrained build operations Thread 51" [_thread_blocked, id=14708, stack(0x0000008b61600000,0x0000008b61700000)]
  0x000002451b5c3680 JavaThread "Unconstrained build operations Thread 52" [_thread_blocked, id=23464, stack(0x0000008b61700000,0x0000008b61800000)]
  0x000002451b5c1d30 JavaThread "Unconstrained build operations Thread 53" [_thread_blocked, id=13156, stack(0x0000008b61800000,0x0000008b61900000)]
  0x000002451b5c2240 JavaThread "Unconstrained build operations Thread 54" [_thread_blocked, id=16988, stack(0x0000008b61900000,0x0000008b61a00000)]
  0x000002451b5c2750 JavaThread "Unconstrained build operations Thread 55" [_thread_blocked, id=21612, stack(0x0000008b61a00000,0x0000008b61b00000)]
  0x000002451b5c2c60 JavaThread "Unconstrained build operations Thread 56" [_thread_blocked, id=22112, stack(0x0000008b61b00000,0x0000008b61c00000)]
  0x000002451c8c64c0 JavaThread "Unconstrained build operations Thread 57" [_thread_blocked, id=7388, stack(0x0000008b61c00000,0x0000008b61d00000)]
  0x000002451c8c69d0 JavaThread "Unconstrained build operations Thread 58" [_thread_blocked, id=10912, stack(0x0000008b61d00000,0x0000008b61e00000)]
  0x000002451c8c6ee0 JavaThread "Unconstrained build operations Thread 59" [_thread_blocked, id=12220, stack(0x0000008b61e00000,0x0000008b61f00000)]
  0x000002451c8c8d40 JavaThread "Unconstrained build operations Thread 60" [_thread_blocked, id=15804, stack(0x0000008b61f00000,0x0000008b62000000)]
  0x000002451c8c9250 JavaThread "Unconstrained build operations Thread 61" [_thread_blocked, id=22712, stack(0x0000008b62000000,0x0000008b62100000)]
  0x000002451c8c7e10 JavaThread "Unconstrained build operations Thread 62" [_thread_blocked, id=21600, stack(0x0000008b62100000,0x0000008b62200000)]
  0x000002451c8c9760 JavaThread "Unconstrained build operations Thread 63" [_thread_blocked, id=9132, stack(0x0000008b62200000,0x0000008b62300000)]
  0x000002451c8c5fb0 JavaThread "Unconstrained build operations Thread 64" [_thread_blocked, id=3328, stack(0x0000008b62300000,0x0000008b62400000)]
  0x000002451c8c8830 JavaThread "Unconstrained build operations Thread 65" [_thread_blocked, id=1948, stack(0x0000008b62400000,0x0000008b62500000)]
  0x000002451c8c8320 JavaThread "Unconstrained build operations Thread 66" [_thread_blocked, id=20776, stack(0x0000008b62500000,0x0000008b62600000)]
  0x000002451c8c9c70 JavaThread "Unconstrained build operations Thread 67" [_thread_blocked, id=13356, stack(0x0000008b62600000,0x0000008b62700000)]
  0x000002451c8ca690 JavaThread "Unconstrained build operations Thread 68" [_thread_blocked, id=22384, stack(0x0000008b62700000,0x0000008b62800000)]
  0x000002451c8ca180 JavaThread "Unconstrained build operations Thread 69" [_thread_blocked, id=17320, stack(0x0000008b62800000,0x0000008b62900000)]
  0x000002451c8caba0 JavaThread "Unconstrained build operations Thread 70" [_thread_blocked, id=19468, stack(0x0000008b62900000,0x0000008b62a00000)]
  0x000002451c8c73f0 JavaThread "Unconstrained build operations Thread 71" [_thread_blocked, id=1988, stack(0x0000008b62a00000,0x0000008b62b00000)]
  0x000002451c8cb0b0 JavaThread "Unconstrained build operations Thread 72" [_thread_blocked, id=19736, stack(0x0000008b62b00000,0x0000008b62c00000)]
  0x000002451c8c7900 JavaThread "Unconstrained build operations Thread 73" [_thread_blocked, id=21160, stack(0x0000008b62c00000,0x0000008b62d00000)]
  0x000002451c8cb5c0 JavaThread "Unconstrained build operations Thread 74" [_thread_blocked, id=20384, stack(0x0000008b62d00000,0x0000008b62e00000)]
  0x000002451c8cbad0 JavaThread "Unconstrained build operations Thread 75" [_thread_blocked, id=21356, stack(0x0000008b62e00000,0x0000008b62f00000)]
  0x000002451c8cd930 JavaThread "Unconstrained build operations Thread 76" [_thread_blocked, id=22336, stack(0x0000008b62f00000,0x0000008b63000000)]
  0x000002451c8cd420 JavaThread "Unconstrained build operations Thread 77" [_thread_blocked, id=20992, stack(0x0000008b63000000,0x0000008b63100000)]
  0x000002451c8cbfe0 JavaThread "Unconstrained build operations Thread 78" [_thread_blocked, id=3348, stack(0x0000008b63100000,0x0000008b63200000)]
  0x000002451c8cc4f0 JavaThread "Unconstrained build operations Thread 79" [_thread_blocked, id=8512, stack(0x0000008b63200000,0x0000008b63300000)]
  0x000002451c8cca00 JavaThread "Unconstrained build operations Thread 80" [_thread_blocked, id=16172, stack(0x0000008b63300000,0x0000008b63400000)]
  0x000002451c8ccf10 JavaThread "Unconstrained build operations Thread 81" [_thread_blocked, id=7376, stack(0x0000008b63400000,0x0000008b63500000)]
  0x000002451c7dde20 JavaThread "Unconstrained build operations Thread 82" [_thread_blocked, id=16516, stack(0x0000008b63500000,0x0000008b63600000)]
  0x000002451c7ded50 JavaThread "Unconstrained build operations Thread 83" [_thread_blocked, id=20144, stack(0x0000008b63600000,0x0000008b63700000)]
  0x000002451c7df770 JavaThread "Unconstrained build operations Thread 84" [_thread_blocked, id=22292, stack(0x0000008b63700000,0x0000008b63800000)]
  0x000002451c7df260 JavaThread "Unconstrained build operations Thread 85" [_thread_blocked, id=16404, stack(0x0000008b63800000,0x0000008b63900000)]
  0x000002451c7e15d0 JavaThread "Unconstrained build operations Thread 86" [_thread_blocked, id=12740, stack(0x0000008b63900000,0x0000008b63a00000)]
  0x000002451c7dfc80 JavaThread "Unconstrained build operations Thread 87" [_thread_blocked, id=13260, stack(0x0000008b63a00000,0x0000008b63b00000)]
  0x000002451c7e1ae0 JavaThread "Unconstrained build operations Thread 88" [_thread_blocked, id=22080, stack(0x0000008b63b00000,0x0000008b63c00000)]
  0x000002451c7e06a0 JavaThread "Unconstrained build operations Thread 89" [_thread_blocked, id=21648, stack(0x0000008b63c00000,0x0000008b63d00000)]
  0x000002451c7de840 JavaThread "Unconstrained build operations Thread 90" [_thread_blocked, id=22868, stack(0x0000008b63d00000,0x0000008b63e00000)]
  0x000002451c7e2a10 JavaThread "Unconstrained build operations Thread 91" [_thread_blocked, id=21720, stack(0x0000008b63e00000,0x0000008b63f00000)]
  0x000002451c7e10c0 JavaThread "Unconstrained build operations Thread 92" [_thread_blocked, id=23452, stack(0x0000008b63f00000,0x0000008b64000000)]
  0x000002451c7e0bb0 JavaThread "Unconstrained build operations Thread 93" [_thread_blocked, id=6132, stack(0x0000008b64000000,0x0000008b64100000)]
  0x000002451c7e0190 JavaThread "Unconstrained build operations Thread 94" [_thread_blocked, id=23032, stack(0x0000008b64100000,0x0000008b64200000)]
  0x000002451c7e4360 JavaThread "Unconstrained build operations Thread 95" [_thread_blocked, id=22760, stack(0x0000008b64200000,0x0000008b64300000)]
  0x000002451c7e2500 JavaThread "Unconstrained build operations Thread 96" [_thread_blocked, id=23484, stack(0x0000008b64300000,0x0000008b64400000)]
  0x000002451c7e3430 JavaThread "Unconstrained build operations Thread 97" [_thread_blocked, id=22964, stack(0x0000008b64400000,0x0000008b64500000)]
  0x000002451c7e2f20 JavaThread "Unconstrained build operations Thread 98" [_thread_blocked, id=12560, stack(0x0000008b64500000,0x0000008b64600000)]
  0x000002451c7e3940 JavaThread "Unconstrained build operations Thread 99" [_thread_blocked, id=3836, stack(0x0000008b64600000,0x0000008b64700000)]
  0x000002451c7e57a0 JavaThread "Unconstrained build operations Thread 100" [_thread_blocked, id=9584, stack(0x0000008b64700000,0x0000008b64800000)]
  0x000002451c7e1ff0 JavaThread "Unconstrained build operations Thread 101" [_thread_blocked, id=8612, stack(0x0000008b64800000,0x0000008b64900000)]
  0x000002451c7e3e50 JavaThread "Unconstrained build operations Thread 102" [_thread_blocked, id=9736, stack(0x0000008b64900000,0x0000008b64a00000)]
  0x000002451c7e4870 JavaThread "Unconstrained build operations Thread 103" [_thread_blocked, id=23208, stack(0x0000008b64a00000,0x0000008b64b00000)]
  0x000002451c7e5290 JavaThread "Unconstrained build operations Thread 104" [_thread_blocked, id=21532, stack(0x0000008b64b00000,0x0000008b64c00000)]
  0x00000245196d60e0 JavaThread "Unconstrained build operations Thread 105" [_thread_blocked, id=20628, stack(0x0000008b64c00000,0x0000008b64d00000)]
  0x00000245196d56c0 JavaThread "Unconstrained build operations Thread 106" [_thread_blocked, id=21592, stack(0x0000008b64d00000,0x0000008b64e00000)]
  0x00000245196d4ca0 JavaThread "Unconstrained build operations Thread 107" [_thread_blocked, id=21836, stack(0x0000008b64e00000,0x0000008b64f00000)]
  0x00000245196d7520 JavaThread "Unconstrained build operations Thread 108" [_thread_blocked, id=15200, stack(0x0000008b64f00000,0x0000008b65000000)]
  0x00000245196d7a30 JavaThread "Unconstrained build operations Thread 109" [_thread_blocked, id=12936, stack(0x0000008b65000000,0x0000008b65100000)]
  0x00000245196d7010 JavaThread "Unconstrained build operations Thread 110" [_thread_blocked, id=5544, stack(0x0000008b65100000,0x0000008b65200000)]
  0x00000245196d8960 JavaThread "Unconstrained build operations Thread 111" [_thread_blocked, id=16704, stack(0x0000008b65200000,0x0000008b65300000)]
  0x00000245196d8450 JavaThread "Unconstrained build operations Thread 112" [_thread_blocked, id=15716, stack(0x0000008b65300000,0x0000008b65400000)]
  0x00000245196d6b00 JavaThread "Unconstrained build operations Thread 113" [_thread_blocked, id=22176, stack(0x0000008b65400000,0x0000008b65500000)]
  0x00000245196d65f0 JavaThread "Unconstrained build operations Thread 114" [_thread_blocked, id=5628, stack(0x0000008b65500000,0x0000008b65600000)]
  0x00000245196d7f40 JavaThread "Unconstrained build operations Thread 115" [_thread_blocked, id=13084, stack(0x0000008b65600000,0x0000008b65700000)]
  0x00000245196d51b0 JavaThread "Unconstrained build operations Thread 116" [_thread_blocked, id=15632, stack(0x0000008b65700000,0x0000008b65800000)]
  0x00000245196d8e70 JavaThread "Unconstrained build operations Thread 117" [_thread_blocked, id=19512, stack(0x0000008b65800000,0x0000008b65900000)]
  0x00000245196d9380 JavaThread "Unconstrained build operations Thread 118" [_thread_blocked, id=11148, stack(0x0000008b65900000,0x0000008b65a00000)]
  0x00000245196d5bd0 JavaThread "Unconstrained build operations Thread 119" [_thread_blocked, id=23440, stack(0x0000008b65a00000,0x0000008b65b00000)]
  0x00000245196d9890 JavaThread "Unconstrained build operations Thread 120" [_thread_blocked, id=20928, stack(0x0000008b65b00000,0x0000008b65c00000)]
  0x00000245196dc620 JavaThread "WorkerExecutor Queue" [_thread_in_native, id=21000, stack(0x0000008b65c00000,0x0000008b65d00000)]
  0x00000245196da2b0 JavaThread "RMI Scheduler(0)" daemon [_thread_blocked, id=6504, stack(0x0000008b65d00000,0x0000008b65e00000)]
  0x00000245196d9da0 JavaThread "RMI RenewClean-[127.0.0.1:17619,org.jetbrains.kotlin.daemon.common.LoopbackNetworkInterface$ClientLoopbackSocketFactory@28668fc9]" daemon [_thread_blocked, id=5644, stack(0x0000008b65e00000,0x0000008b65f00000)]
  0x00000245196db6f0 JavaThread "RMI GC Daemon" daemon [_thread_blocked, id=4984, stack(0x0000008b65f00000,0x0000008b66000000)]
  0x00000245196dbc00 JavaThread "RMI TCP Accept-0" daemon [_thread_in_native, id=7220, stack(0x0000008b66000000,0x0000008b66100000)]
  0x00000245196da7c0 JavaThread "RMI Reaper" [_thread_blocked, id=12912, stack(0x0000008b66100000,0x0000008b66200000)]
  0x000002451c7de330 JavaThread "RMI TCP Connection(1)-127.0.0.1" daemon [_thread_in_native, id=8228, stack(0x0000008b66200000,0x0000008b66300000)]

Other Threads:
  0x0000024511b9e4c0 VMThread "VM Thread" [stack: 0x0000008b5a400000,0x0000008b5a500000] [id=16664]
  0x000002457784c0a0 WatcherThread [stack: 0x0000008b5b000000,0x0000008b5b100000] [id=13912]
  0x00000245778aa9d0 GCTaskThread "GC Thread#0" [stack: 0x0000008b59f00000,0x0000008b5a000000] [id=18876]
  0x0000024517113810 GCTaskThread "GC Thread#1" [stack: 0x0000008b5b200000,0x0000008b5b300000] [id=19972]
  0x0000024516e20900 GCTaskThread "GC Thread#2" [stack: 0x0000008b5b300000,0x0000008b5b400000] [id=7536]
  0x000002451666dde0 GCTaskThread "GC Thread#3" [stack: 0x0000008b5b400000,0x0000008b5b500000] [id=19648]
  0x000002451666e0a0 GCTaskThread "GC Thread#4" [stack: 0x0000008b5b500000,0x0000008b5b600000] [id=19852]
  0x00000245170b52f0 GCTaskThread "GC Thread#5" [stack: 0x0000008b5b600000,0x0000008b5b700000] [id=17284]
  0x000002451833e860 GCTaskThread "GC Thread#6" [stack: 0x0000008b5c100000,0x0000008b5c200000] [id=22428]
  0x0000024518c77cc0 GCTaskThread "GC Thread#7" [stack: 0x0000008b5c200000,0x0000008b5c300000] [id=22956]
  0x00000245189fcf70 GCTaskThread "GC Thread#8" [stack: 0x0000008b5c300000,0x0000008b5c400000] [id=12648]
  0x0000024517efdda0 GCTaskThread "GC Thread#9" [stack: 0x0000008b5c400000,0x0000008b5c500000] [id=18648]
  0x00000245778bb990 ConcurrentGCThread "G1 Main Marker" [stack: 0x0000008b5a000000,0x0000008b5a100000] [id=20428]
  0x00000245778bdce0 ConcurrentGCThread "G1 Conc#0" [stack: 0x0000008b5a100000,0x0000008b5a200000] [id=21176]
  0x00000245185b4580 ConcurrentGCThread "G1 Conc#1" [stack: 0x0000008b5c500000,0x0000008b5c600000] [id=9820]
  0x00000245176b73c0 ConcurrentGCThread "G1 Conc#2" [stack: 0x0000008b5c600000,0x0000008b5c700000] [id=8876]
  0x0000024511a48600 ConcurrentGCThread "G1 Refine#0" [stack: 0x0000008b5a200000,0x0000008b5a300000] [id=10688]
  0x000002451a8ad3d0 ConcurrentGCThread "G1 Refine#1" [stack: 0x0000008b5e900000,0x0000008b5ea00000] [id=23540]
  0x0000024522d57650 ConcurrentGCThread "G1 Refine#2" [stack: 0x0000008b66300000,0x0000008b66400000] [id=7984]
  0x00000245224c7d80 ConcurrentGCThread "G1 Refine#3" [stack: 0x0000008b66400000,0x0000008b66500000] [id=6816]
  0x0000024511a49cf0 ConcurrentGCThread "G1 Service" [stack: 0x0000008b5a300000,0x0000008b5a400000] [id=7096]

Threads with active compile tasks:
C2 CompilerThread0    13641 15239       4       com.android.tools.r8.graph.F3::b (716 bytes)
C2 CompilerThread1    13641 15476   !   4       com.android.tools.r8.graph.g4::c (813 bytes)
C2 CompilerThread2    13641 15407       4       com.android.tools.r8.internal.kd::a (4363 bytes)

VM state: not at safepoint (normal execution)

VM Mutex/Monitor currently owned by a thread: None

Heap address: 0x0000000080000000, size: 2048 MB, Compressed Oops mode: 32-bit

CDS archive(s) not mapped
Compressed class space mapped at: 0x0000000100000000-0x0000000140000000, reserved size: 1073741824
Narrow klass base: 0x0000000000000000, Narrow klass shift: 3, Narrow klass range: 0x140000000

GC Precious Log:
 CPUs: 12 total, 12 available
 Memory: 16108M
 Large Page Support: Disabled
 NUMA Support: Disabled
 Compressed Oops: Enabled (32-bit)
 Heap Region Size: 1M
 Heap Min Capacity: 8M
 Heap Initial Capacity: 252M
 Heap Max Capacity: 2G
 Pre-touch: Disabled
 Parallel Workers: 10
 Concurrent Workers: 3
 Concurrent Refinement Workers: 10
 Periodic GC: Disabled

Heap:
 garbage-first heap   total 696320K, used 226793K [0x0000000080000000, 0x0000000100000000)
  region size 1024K, 64 young (65536K), 28 survivors (28672K)
 Metaspace       used 117730K, committed 118656K, reserved 1179648K
  class space    used 16523K, committed 16960K, reserved 1048576K

Heap Regions: E=young(eden), S=young(survivor), O=old, HS=humongous(starts), HC=humongous(continues), CS=collection set, F=free, OA=open archive, CA=closed archive, TAMS=top-at-mark-start (previous, next)
|   0|0x0000000080000000, 0x0000000080100000, 0x0000000080100000|100%|HS|  |TAMS 0x0000000080100000, 0x0000000080000000| Complete 
|   1|0x0000000080100000, 0x0000000080200000, 0x0000000080200000|100%|HC|  |TAMS 0x0000000080200000, 0x0000000080100000| Complete 
|   2|0x0000000080200000, 0x0000000080300000, 0x0000000080300000|100%|HC|  |TAMS 0x0000000080300000, 0x0000000080200000| Complete 
|   3|0x0000000080300000, 0x0000000080400000, 0x0000000080400000|100%|HC|  |TAMS 0x0000000080400000, 0x0000000080300000| Complete 
|   4|0x0000000080400000, 0x0000000080500000, 0x0000000080500000|100%| O|  |TAMS 0x0000000080500000, 0x0000000080400000| Untracked 
|   5|0x0000000080500000, 0x0000000080600000, 0x0000000080600000|100%| O|  |TAMS 0x0000000080600000, 0x0000000080500000| Untracked 
|   6|0x0000000080600000, 0x0000000080700000, 0x0000000080700000|100%| O|  |TAMS 0x0000000080700000, 0x0000000080600000| Untracked 
|   7|0x0000000080700000, 0x0000000080800000, 0x0000000080800000|100%| O|  |TAMS 0x0000000080800000, 0x0000000080700000| Untracked 
|   8|0x0000000080800000, 0x0000000080900000, 0x0000000080900000|100%| O|  |TAMS 0x0000000080900000, 0x0000000080800000| Untracked 
|   9|0x0000000080900000, 0x0000000080a00000, 0x0000000080a00000|100%| O|  |TAMS 0x0000000080a00000, 0x0000000080900000| Untracked 
|  10|0x0000000080a00000, 0x0000000080b00000, 0x0000000080b00000|100%| O|  |TAMS 0x0000000080b00000, 0x0000000080a00000| Untracked 
|  11|0x0000000080b00000, 0x0000000080c00000, 0x0000000080c00000|100%| O|  |TAMS 0x0000000080c00000, 0x0000000080b00000| Untracked 
|  12|0x0000000080c00000, 0x0000000080d00000, 0x0000000080d00000|100%| O|  |TAMS 0x0000000080d00000, 0x0000000080c00000| Untracked 
|  13|0x0000000080d00000, 0x0000000080e00000, 0x0000000080e00000|100%| O|  |TAMS 0x0000000080e00000, 0x0000000080d00000| Untracked 
|  14|0x0000000080e00000, 0x0000000080f00000, 0x0000000080f00000|100%| O|  |TAMS 0x0000000080f00000, 0x0000000080e00000| Untracked 
|  15|0x0000000080f00000, 0x0000000081000000, 0x0000000081000000|100%| O|  |TAMS 0x0000000081000000, 0x0000000080f00000| Untracked 
|  16|0x0000000081000000, 0x0000000081100000, 0x0000000081100000|100%| O|  |TAMS 0x0000000081100000, 0x0000000081000000| Untracked 
|  17|0x0000000081100000, 0x0000000081200000, 0x0000000081200000|100%| O|  |TAMS 0x0000000081200000, 0x0000000081100000| Untracked 
|  18|0x0000000081200000, 0x0000000081300000, 0x0000000081300000|100%| O|  |TAMS 0x0000000081300000, 0x0000000081200000| Untracked 
|  19|0x0000000081300000, 0x0000000081400000, 0x0000000081400000|100%| O|  |TAMS 0x0000000081400000, 0x0000000081300000| Untracked 
|  20|0x0000000081400000, 0x0000000081500000, 0x0000000081500000|100%| O|  |TAMS 0x0000000081500000, 0x0000000081400000| Untracked 
|  21|0x0000000081500000, 0x0000000081600000, 0x0000000081600000|100%| O|  |TAMS 0x0000000081600000, 0x0000000081500000| Untracked 
|  22|0x0000000081600000, 0x0000000081700000, 0x0000000081700000|100%| O|  |TAMS 0x0000000081700000, 0x0000000081600000| Untracked 
|  23|0x0000000081700000, 0x0000000081800000, 0x0000000081800000|100%| O|  |TAMS 0x0000000081800000, 0x0000000081700000| Untracked 
|  24|0x0000000081800000, 0x0000000081900000, 0x0000000081900000|100%|HS|  |TAMS 0x0000000081900000, 0x0000000081800000| Complete 
|  25|0x0000000081900000, 0x0000000081a00000, 0x0000000081a00000|100%|HS|  |TAMS 0x0000000081a00000, 0x0000000081900000| Complete 
|  26|0x0000000081a00000, 0x0000000081b00000, 0x0000000081b00000|100%| O|  |TAMS 0x0000000081b00000, 0x0000000081a00000| Untracked 
|  27|0x0000000081b00000, 0x0000000081c00000, 0x0000000081c00000|100%| O|  |TAMS 0x0000000081c00000, 0x0000000081b00000| Untracked 
|  28|0x0000000081c00000, 0x0000000081d00000, 0x0000000081d00000|100%| O|  |TAMS 0x0000000081d00000, 0x0000000081c00000| Untracked 
|  29|0x0000000081d00000, 0x0000000081e00000, 0x0000000081e00000|100%| O|  |TAMS 0x0000000081e00000, 0x0000000081d00000| Untracked 
|  30|0x0000000081e00000, 0x0000000081f00000, 0x0000000081f00000|100%|HS|  |TAMS 0x0000000081f00000, 0x0000000081e00000| Complete 
|  31|0x0000000081f00000, 0x0000000082000000, 0x0000000082000000|100%|HC|  |TAMS 0x0000000082000000, 0x0000000081f00000| Complete 
|  32|0x0000000082000000, 0x0000000082100000, 0x0000000082100000|100%|HS|  |TAMS 0x0000000082100000, 0x0000000082000000| Complete 
|  33|0x0000000082100000, 0x0000000082200000, 0x0000000082200000|100%|HC|  |TAMS 0x0000000082200000, 0x0000000082100000| Complete 
|  34|0x0000000082200000, 0x0000000082300000, 0x0000000082300000|100%|HS|  |TAMS 0x0000000082300000, 0x0000000082200000| Complete 
|  35|0x0000000082300000, 0x0000000082400000, 0x0000000082400000|100%|HS|  |TAMS 0x0000000082400000, 0x0000000082300000| Complete 
|  36|0x0000000082400000, 0x0000000082500000, 0x0000000082500000|100%|HC|  |TAMS 0x0000000082500000, 0x0000000082400000| Complete 
|  37|0x0000000082500000, 0x0000000082600000, 0x0000000082600000|100%|HC|  |TAMS 0x0000000082600000, 0x0000000082500000| Complete 
|  38|0x0000000082600000, 0x0000000082700000, 0x0000000082700000|100%|HC|  |TAMS 0x0000000082700000, 0x0000000082600000| Complete 
|  39|0x0000000082700000, 0x0000000082800000, 0x0000000082800000|100%|HS|  |TAMS 0x0000000082800000, 0x0000000082700000| Complete 
|  40|0x0000000082800000, 0x0000000082900000, 0x0000000082900000|100%| O|  |TAMS 0x0000000082900000, 0x0000000082800000| Untracked 
|  41|0x0000000082900000, 0x0000000082a00000, 0x0000000082a00000|100%|HS|  |TAMS 0x0000000082a00000, 0x0000000082900000| Complete 
|  42|0x0000000082a00000, 0x0000000082b00000, 0x0000000082b00000|100%|HS|  |TAMS 0x0000000082b00000, 0x0000000082a00000| Complete 
|  43|0x0000000082b00000, 0x0000000082c00000, 0x0000000082c00000|100%| O|  |TAMS 0x0000000082c00000, 0x0000000082b00000| Untracked 
|  44|0x0000000082c00000, 0x0000000082d00000, 0x0000000082d00000|100%| O|  |TAMS 0x0000000082d00000, 0x0000000082c00000| Untracked 
|  45|0x0000000082d00000, 0x0000000082e00000, 0x0000000082e00000|100%| O|  |TAMS 0x0000000082e00000, 0x0000000082d00000| Untracked 
|  46|0x0000000082e00000, 0x0000000082f00000, 0x0000000082f00000|100%| O|  |TAMS 0x0000000082f00000, 0x0000000082e00000| Untracked 
|  47|0x0000000082f00000, 0x0000000083000000, 0x0000000083000000|100%| O|  |TAMS 0x0000000083000000, 0x0000000082f00000| Untracked 
|  48|0x0000000083000000, 0x0000000083100000, 0x0000000083100000|100%| O|  |TAMS 0x0000000083100000, 0x0000000083000000| Untracked 
|  49|0x0000000083100000, 0x0000000083200000, 0x0000000083200000|100%| O|  |TAMS 0x0000000083200000, 0x0000000083100000| Untracked 
|  50|0x0000000083200000, 0x0000000083300000, 0x0000000083300000|100%| O|  |TAMS 0x0000000083300000, 0x0000000083200000| Untracked 
|  51|0x0000000083300000, 0x0000000083400000, 0x0000000083400000|100%| O|  |TAMS 0x0000000083400000, 0x0000000083300000| Untracked 
|  52|0x0000000083400000, 0x0000000083500000, 0x0000000083500000|100%| O|  |TAMS 0x0000000083500000, 0x0000000083400000| Untracked 
|  53|0x0000000083500000, 0x0000000083600000, 0x0000000083600000|100%| O|  |TAMS 0x0000000083600000, 0x0000000083500000| Untracked 
|  54|0x0000000083600000, 0x0000000083700000, 0x0000000083700000|100%| O|  |TAMS 0x0000000083700000, 0x0000000083600000| Untracked 
|  55|0x0000000083700000, 0x0000000083800000, 0x0000000083800000|100%| O|  |TAMS 0x0000000083800000, 0x0000000083700000| Untracked 
|  56|0x0000000083800000, 0x0000000083900000, 0x0000000083900000|100%| O|  |TAMS 0x0000000083900000, 0x0000000083800000| Untracked 
|  57|0x0000000083900000, 0x0000000083a00000, 0x0000000083a00000|100%| O|  |TAMS 0x0000000083a00000, 0x0000000083900000| Untracked 
|  58|0x0000000083a00000, 0x0000000083b00000, 0x0000000083b00000|100%| O|  |TAMS 0x0000000083b00000, 0x0000000083a00000| Untracked 
|  59|0x0000000083b00000, 0x0000000083c00000, 0x0000000083c00000|100%| O|  |TAMS 0x0000000083c00000, 0x0000000083b00000| Untracked 
|  60|0x0000000083c00000, 0x0000000083d00000, 0x0000000083d00000|100%| O|  |TAMS 0x0000000083d00000, 0x0000000083c00000| Untracked 
|  61|0x0000000083d00000, 0x0000000083e00000, 0x0000000083e00000|100%| O|  |TAMS 0x0000000083d00000, 0x0000000083d00000| Untracked 
|  62|0x0000000083e00000, 0x0000000083f00000, 0x0000000083f00000|100%| O|  |TAMS 0x0000000083f00000, 0x0000000083e00000| Untracked 
|  63|0x0000000083f00000, 0x0000000084000000, 0x0000000084000000|100%| O|  |TAMS 0x0000000084000000, 0x0000000083f00000| Untracked 
|  64|0x0000000084000000, 0x0000000084100000, 0x0000000084100000|100%| O|  |TAMS 0x0000000084100000, 0x0000000084000000| Untracked 
|  65|0x0000000084100000, 0x0000000084200000, 0x0000000084200000|100%| O|  |TAMS 0x0000000084200000, 0x0000000084100000| Untracked 
|  66|0x0000000084200000, 0x0000000084300000, 0x0000000084300000|100%| O|  |TAMS 0x0000000084300000, 0x0000000084200000| Untracked 
|  67|0x0000000084300000, 0x0000000084400000, 0x0000000084400000|100%| O|  |TAMS 0x0000000084400000, 0x0000000084300000| Untracked 
|  68|0x0000000084400000, 0x0000000084500000, 0x0000000084500000|100%| O|  |TAMS 0x0000000084500000, 0x0000000084400000| Untracked 
|  69|0x0000000084500000, 0x0000000084600000, 0x0000000084600000|100%|HS|  |TAMS 0x0000000084600000, 0x0000000084500000| Complete 
|  70|0x0000000084600000, 0x0000000084700000, 0x0000000084700000|100%| O|  |TAMS 0x0000000084700000, 0x0000000084600000| Untracked 
|  71|0x0000000084700000, 0x0000000084800000, 0x0000000084800000|100%| O|  |TAMS 0x0000000084800000, 0x0000000084700000| Untracked 
|  72|0x0000000084800000, 0x0000000084900000, 0x0000000084900000|100%|HS|  |TAMS 0x0000000084900000, 0x0000000084800000| Complete 
|  73|0x0000000084900000, 0x0000000084a00000, 0x0000000084a00000|100%|HC|  |TAMS 0x0000000084a00000, 0x0000000084900000| Complete 
|  74|0x0000000084a00000, 0x0000000084b00000, 0x0000000084b00000|100%|HC|  |TAMS 0x0000000084b00000, 0x0000000084a00000| Complete 
|  75|0x0000000084b00000, 0x0000000084c00000, 0x0000000084c00000|100%|HC|  |TAMS 0x0000000084c00000, 0x0000000084b00000| Complete 
|  76|0x0000000084c00000, 0x0000000084d00000, 0x0000000084d00000|100%| O|  |TAMS 0x0000000084d00000, 0x0000000084c00000| Untracked 
|  77|0x0000000084d00000, 0x0000000084e00000, 0x0000000084e00000|100%| O|  |TAMS 0x0000000084e00000, 0x0000000084d00000| Untracked 
|  78|0x0000000084e00000, 0x0000000084f00000, 0x0000000084f00000|100%| O|  |TAMS 0x0000000084f00000, 0x0000000084e00000| Untracked 
|  79|0x0000000084f00000, 0x0000000085000000, 0x0000000085000000|100%| O|  |TAMS 0x0000000085000000, 0x0000000084f00000| Untracked 
|  80|0x0000000085000000, 0x0000000085100000, 0x0000000085100000|100%| O|  |TAMS 0x0000000085100000, 0x0000000085000000| Untracked 
|  81|0x0000000085100000, 0x0000000085200000, 0x0000000085200000|100%| O|  |TAMS 0x0000000085200000, 0x0000000085100000| Untracked 
|  82|0x0000000085200000, 0x0000000085300000, 0x0000000085300000|100%| O|  |TAMS 0x0000000085300000, 0x0000000085200000| Untracked 
|  83|0x0000000085300000, 0x0000000085400000, 0x0000000085400000|100%| O|  |TAMS 0x0000000085400000, 0x0000000085300000| Untracked 
|  84|0x0000000085400000, 0x0000000085500000, 0x0000000085500000|100%| O|  |TAMS 0x0000000085500000, 0x0000000085400000| Untracked 
|  85|0x0000000085500000, 0x0000000085600000, 0x0000000085600000|100%| O|  |TAMS 0x0000000085600000, 0x0000000085500000| Untracked 
|  86|0x0000000085600000, 0x0000000085700000, 0x0000000085700000|100%| O|  |TAMS 0x0000000085700000, 0x0000000085600000| Untracked 
|  87|0x0000000085700000, 0x0000000085800000, 0x0000000085800000|100%| O|  |TAMS 0x0000000085800000, 0x0000000085700000| Untracked 
|  88|0x0000000085800000, 0x0000000085900000, 0x0000000085900000|100%| O|  |TAMS 0x0000000085900000, 0x0000000085800000| Untracked 
|  89|0x0000000085900000, 0x0000000085a00000, 0x0000000085a00000|100%| O|  |TAMS 0x0000000085a00000, 0x0000000085900000| Untracked 
|  90|0x0000000085a00000, 0x0000000085b00000, 0x0000000085b00000|100%| O|  |TAMS 0x0000000085b00000, 0x0000000085a00000| Untracked 
|  91|0x0000000085b00000, 0x0000000085c00000, 0x0000000085c00000|100%| O|  |TAMS 0x0000000085c00000, 0x0000000085b00000| Untracked 
|  92|0x0000000085c00000, 0x0000000085d00000, 0x0000000085d00000|100%| O|  |TAMS 0x0000000085d00000, 0x0000000085c00000| Untracked 
|  93|0x0000000085d00000, 0x0000000085e00000, 0x0000000085e00000|100%| O|  |TAMS 0x0000000085e00000, 0x0000000085d00000| Untracked 
|  94|0x0000000085e00000, 0x0000000085f00000, 0x0000000085f00000|100%| O|  |TAMS 0x0000000085f00000, 0x0000000085e00000| Untracked 
|  95|0x0000000085f00000, 0x0000000086000000, 0x0000000086000000|100%| O|  |TAMS 0x0000000086000000, 0x0000000085f00000| Untracked 
|  96|0x0000000086000000, 0x0000000086100000, 0x0000000086100000|100%| O|  |TAMS 0x0000000086100000, 0x0000000086000000| Untracked 
|  97|0x0000000086100000, 0x0000000086200000, 0x0000000086200000|100%| O|  |TAMS 0x0000000086100000, 0x0000000086100000| Untracked 
|  98|0x0000000086200000, 0x0000000086300000, 0x0000000086300000|100%| O|  |TAMS 0x0000000086300000, 0x0000000086200000| Complete 
|  99|0x0000000086300000, 0x0000000086400000, 0x0000000086400000|100%| O|  |TAMS 0x0000000086400000, 0x0000000086300000| Untracked 
| 100|0x0000000086400000, 0x0000000086500000, 0x0000000086500000|100%| O|  |TAMS 0x0000000086500000, 0x0000000086400000| Untracked 
| 101|0x0000000086500000, 0x0000000086600000, 0x0000000086600000|100%| O|  |TAMS 0x0000000086600000, 0x0000000086500000| Complete 
| 102|0x0000000086600000, 0x0000000086700000, 0x0000000086700000|100%| O|  |TAMS 0x0000000086700000, 0x0000000086600000| Untracked 
| 103|0x0000000086700000, 0x0000000086800000, 0x0000000086800000|100%| O|  |TAMS 0x0000000086800000, 0x0000000086700000| Untracked 
| 104|0x0000000086800000, 0x0000000086900000, 0x0000000086900000|100%| O|  |TAMS 0x0000000086800000, 0x0000000086800000| Untracked 
| 105|0x0000000086900000, 0x0000000086a00000, 0x0000000086a00000|100%| O|  |TAMS 0x0000000086900000, 0x0000000086900000| Untracked 
| 106|0x0000000086a00000, 0x0000000086b00000, 0x0000000086b00000|100%| O|  |TAMS 0x0000000086b00000, 0x0000000086a00000| Untracked 
| 107|0x0000000086b00000, 0x0000000086c00000, 0x0000000086c00000|100%| O|  |TAMS 0x0000000086c00000, 0x0000000086b00000| Untracked 
| 108|0x0000000086c00000, 0x0000000086d00000, 0x0000000086d00000|100%| O|  |TAMS 0x0000000086c00000, 0x0000000086c00000| Untracked 
| 109|0x0000000086d00000, 0x0000000086e00000, 0x0000000086e00000|100%| O|  |TAMS 0x0000000086d00000, 0x0000000086d00000| Untracked 
| 110|0x0000000086e00000, 0x0000000086f00000, 0x0000000086f00000|100%| O|  |TAMS 0x0000000086f00000, 0x0000000086e00000| Untracked 
| 111|0x0000000086f00000, 0x0000000087000000, 0x0000000087000000|100%| O|  |TAMS 0x0000000087000000, 0x0000000086f00000| Untracked 
| 112|0x0000000087000000, 0x0000000087100000, 0x0000000087100000|100%| O|  |TAMS 0x0000000087100000, 0x0000000087000000| Complete 
| 113|0x0000000087100000, 0x0000000087200000, 0x0000000087200000|100%| O|  |TAMS 0x0000000087200000, 0x0000000087100000| Untracked 
| 114|0x0000000087200000, 0x0000000087300000, 0x0000000087300000|100%| O|  |TAMS 0x0000000087300000, 0x0000000087200000| Untracked 
| 115|0x0000000087300000, 0x0000000087400000, 0x0000000087400000|100%| O|  |TAMS 0x0000000087400000, 0x0000000087300000| Untracked 
| 116|0x0000000087400000, 0x0000000087500000, 0x0000000087500000|100%| O|  |TAMS 0x0000000087500000, 0x0000000087400000| Untracked 
| 117|0x0000000087500000, 0x0000000087600000, 0x0000000087600000|100%| O|  |TAMS 0x0000000087600000, 0x0000000087500000| Untracked 
| 118|0x0000000087600000, 0x0000000087600000, 0x0000000087700000|  0%| F|  |TAMS 0x0000000087600000, 0x0000000087600000| Untracked 
| 119|0x0000000087700000, 0x0000000087700000, 0x0000000087800000|  0%| F|  |TAMS 0x0000000087700000, 0x0000000087700000| Untracked 
| 120|0x0000000087800000, 0x000000008787a600, 0x0000000087900000| 47%| O|  |TAMS 0x0000000087800000, 0x0000000087800000| Untracked 
| 121|0x0000000087900000, 0x0000000087900000, 0x0000000087a00000|  0%| F|  |TAMS 0x0000000087900000, 0x0000000087900000| Untracked 
| 122|0x0000000087a00000, 0x0000000087a00000, 0x0000000087b00000|  0%| F|  |TAMS 0x0000000087a00000, 0x0000000087a00000| Untracked 
| 123|0x0000000087b00000, 0x0000000087b00000, 0x0000000087c00000|  0%| F|  |TAMS 0x0000000087b00000, 0x0000000087b00000| Untracked 
| 124|0x0000000087c00000, 0x0000000087c00000, 0x0000000087d00000|  0%| F|  |TAMS 0x0000000087c00000, 0x0000000087c00000| Untracked 
| 125|0x0000000087d00000, 0x0000000087d00000, 0x0000000087e00000|  0%| F|  |TAMS 0x0000000087d00000, 0x0000000087d00000| Untracked 
| 126|0x0000000087e00000, 0x0000000087e00000, 0x0000000087f00000|  0%| F|  |TAMS 0x0000000087e00000, 0x0000000087e00000| Untracked 
| 127|0x0000000087f00000, 0x0000000087f00000, 0x0000000088000000|  0%| F|  |TAMS 0x0000000087f00000, 0x0000000087f00000| Untracked 
| 128|0x0000000088000000, 0x0000000088000000, 0x0000000088100000|  0%| F|  |TAMS 0x0000000088000000, 0x0000000088000000| Untracked 
| 129|0x0000000088100000, 0x0000000088100000, 0x0000000088200000|  0%| F|  |TAMS 0x0000000088100000, 0x0000000088100000| Untracked 
| 130|0x0000000088200000, 0x0000000088200000, 0x0000000088300000|  0%| F|  |TAMS 0x0000000088200000, 0x0000000088200000| Untracked 
| 131|0x0000000088300000, 0x0000000088300000, 0x0000000088400000|  0%| F|  |TAMS 0x0000000088300000, 0x0000000088300000| Untracked 
| 132|0x0000000088400000, 0x0000000088400000, 0x0000000088500000|  0%| F|  |TAMS 0x0000000088400000, 0x0000000088400000| Untracked 
| 133|0x0000000088500000, 0x0000000088500000, 0x0000000088600000|  0%| F|  |TAMS 0x0000000088500000, 0x0000000088500000| Untracked 
| 134|0x0000000088600000, 0x0000000088600000, 0x0000000088700000|  0%| F|  |TAMS 0x0000000088600000, 0x0000000088600000| Untracked 
| 135|0x0000000088700000, 0x0000000088700000, 0x0000000088800000|  0%| F|  |TAMS 0x0000000088700000, 0x0000000088700000| Untracked 
| 136|0x0000000088800000, 0x0000000088800000, 0x0000000088900000|  0%| F|  |TAMS 0x0000000088800000, 0x0000000088800000| Untracked 
| 137|0x0000000088900000, 0x0000000088900000, 0x0000000088a00000|  0%| F|  |TAMS 0x0000000088900000, 0x0000000088900000| Untracked 
| 138|0x0000000088a00000, 0x0000000088a00000, 0x0000000088b00000|  0%| F|  |TAMS 0x0000000088a00000, 0x0000000088a00000| Untracked 
| 139|0x0000000088b00000, 0x0000000088b00000, 0x0000000088c00000|  0%| F|  |TAMS 0x0000000088b00000, 0x0000000088b00000| Untracked 
| 140|0x0000000088c00000, 0x0000000088c00000, 0x0000000088d00000|  0%| F|  |TAMS 0x0000000088c00000, 0x0000000088c00000| Untracked 
| 141|0x0000000088d00000, 0x0000000088d00000, 0x0000000088e00000|  0%| F|  |TAMS 0x0000000088d00000, 0x0000000088d00000| Untracked 
| 142|0x0000000088e00000, 0x0000000088e00000, 0x0000000088f00000|  0%| F|  |TAMS 0x0000000088e00000, 0x0000000088e00000| Untracked 
| 143|0x0000000088f00000, 0x0000000088f00000, 0x0000000089000000|  0%| F|  |TAMS 0x0000000088f00000, 0x0000000088f00000| Untracked 
| 144|0x0000000089000000, 0x0000000089000000, 0x0000000089100000|  0%| F|  |TAMS 0x0000000089000000, 0x0000000089000000| Untracked 
| 145|0x0000000089100000, 0x0000000089100000, 0x0000000089200000|  0%| F|  |TAMS 0x0000000089100000, 0x0000000089100000| Untracked 
| 146|0x0000000089200000, 0x0000000089200000, 0x0000000089300000|  0%| F|  |TAMS 0x0000000089200000, 0x0000000089200000| Untracked 
| 147|0x0000000089300000, 0x0000000089300000, 0x0000000089400000|  0%| F|  |TAMS 0x0000000089300000, 0x0000000089300000| Untracked 
| 148|0x0000000089400000, 0x0000000089400000, 0x0000000089500000|  0%| F|  |TAMS 0x0000000089400000, 0x0000000089400000| Untracked 
| 149|0x0000000089500000, 0x0000000089500000, 0x0000000089600000|  0%| F|  |TAMS 0x0000000089500000, 0x0000000089500000| Untracked 
| 150|0x0000000089600000, 0x0000000089600000, 0x0000000089700000|  0%| F|  |TAMS 0x0000000089600000, 0x0000000089600000| Untracked 
| 151|0x0000000089700000, 0x0000000089700000, 0x0000000089800000|  0%| F|  |TAMS 0x0000000089700000, 0x0000000089700000| Untracked 
| 152|0x0000000089800000, 0x0000000089900000, 0x0000000089900000|100%| O|  |TAMS 0x0000000089900000, 0x0000000089800000| Untracked 
| 153|0x0000000089900000, 0x0000000089a00000, 0x0000000089a00000|100%| O|  |TAMS 0x0000000089a00000, 0x0000000089900000| Untracked 
| 154|0x0000000089a00000, 0x0000000089b00000, 0x0000000089b00000|100%| O|  |TAMS 0x0000000089b00000, 0x0000000089a00000| Untracked 
| 155|0x0000000089b00000, 0x0000000089c00000, 0x0000000089c00000|100%| O|  |TAMS 0x0000000089c00000, 0x0000000089b00000| Untracked 
| 156|0x0000000089c00000, 0x0000000089d00000, 0x0000000089d00000|100%| O|  |TAMS 0x0000000089d00000, 0x0000000089c00000| Untracked 
| 157|0x0000000089d00000, 0x0000000089e00000, 0x0000000089e00000|100%| O|  |TAMS 0x0000000089e00000, 0x0000000089d00000| Untracked 
| 158|0x0000000089e00000, 0x0000000089f00000, 0x0000000089f00000|100%| O|  |TAMS 0x0000000089f00000, 0x0000000089e00000| Untracked 
| 159|0x0000000089f00000, 0x000000008a000000, 0x000000008a000000|100%| O|  |TAMS 0x000000008a000000, 0x0000000089f00000| Untracked 
| 160|0x000000008a000000, 0x000000008a100000, 0x000000008a100000|100%| O|  |TAMS 0x000000008a100000, 0x000000008a000000| Untracked 
| 161|0x000000008a100000, 0x000000008a200000, 0x000000008a200000|100%| O|  |TAMS 0x000000008a200000, 0x000000008a100000| Untracked 
| 162|0x000000008a200000, 0x000000008a300000, 0x000000008a300000|100%| O|  |TAMS 0x000000008a300000, 0x000000008a200000| Untracked 
| 163|0x000000008a300000, 0x000000008a400000, 0x000000008a400000|100%| O|  |TAMS 0x000000008a400000, 0x000000008a300000| Complete 
| 164|0x000000008a400000, 0x000000008a500000, 0x000000008a500000|100%| O|  |TAMS 0x000000008a500000, 0x000000008a400000| Complete 
| 165|0x000000008a500000, 0x000000008a600000, 0x000000008a600000|100%| O|  |TAMS 0x000000008a600000, 0x000000008a500000| Untracked 
| 166|0x000000008a600000, 0x000000008a700000, 0x000000008a700000|100%| O|  |TAMS 0x000000008a700000, 0x000000008a600000| Untracked 
| 167|0x000000008a700000, 0x000000008a800000, 0x000000008a800000|100%| O|  |TAMS 0x000000008a800000, 0x000000008a700000| Untracked 
| 168|0x000000008a800000, 0x000000008a900000, 0x000000008a900000|100%| O|  |TAMS 0x000000008a900000, 0x000000008a800000| Untracked 
| 169|0x000000008a900000, 0x000000008aa00000, 0x000000008aa00000|100%| O|  |TAMS 0x000000008aa00000, 0x000000008a900000| Untracked 
| 170|0x000000008aa00000, 0x000000008ab00000, 0x000000008ab00000|100%| O|  |TAMS 0x000000008ab00000, 0x000000008aa00000| Untracked 
| 171|0x000000008ab00000, 0x000000008ac00000, 0x000000008ac00000|100%| O|  |TAMS 0x000000008ac00000, 0x000000008ab00000| Untracked 
| 172|0x000000008ac00000, 0x000000008ad00000, 0x000000008ad00000|100%| O|  |TAMS 0x000000008ad00000, 0x000000008ac00000| Untracked 
| 173|0x000000008ad00000, 0x000000008ae00000, 0x000000008ae00000|100%| O|  |TAMS 0x000000008ae00000, 0x000000008ad00000| Untracked 
| 174|0x000000008ae00000, 0x000000008af00000, 0x000000008af00000|100%| O|  |TAMS 0x000000008af00000, 0x000000008ae00000| Untracked 
| 175|0x000000008af00000, 0x000000008b000000, 0x000000008b000000|100%| O|  |TAMS 0x000000008b000000, 0x000000008af00000| Untracked 
| 176|0x000000008b000000, 0x000000008b100000, 0x000000008b100000|100%| O|  |TAMS 0x000000008b100000, 0x000000008b000000| Untracked 
| 177|0x000000008b100000, 0x000000008b200000, 0x000000008b200000|100%| O|  |TAMS 0x000000008b200000, 0x000000008b100000| Untracked 
| 178|0x000000008b200000, 0x000000008b300000, 0x000000008b300000|100%| O|  |TAMS 0x000000008b300000, 0x000000008b200000| Untracked 
| 179|0x000000008b300000, 0x000000008b400000, 0x000000008b400000|100%| O|  |TAMS 0x000000008b400000, 0x000000008b300000| Untracked 
| 180|0x000000008b400000, 0x000000008b500000, 0x000000008b500000|100%| O|  |TAMS 0x000000008b500000, 0x000000008b400000| Untracked 
| 181|0x000000008b500000, 0x000000008b600000, 0x000000008b600000|100%| O|  |TAMS 0x000000008b600000, 0x000000008b500000| Untracked 
| 182|0x000000008b600000, 0x000000008b700000, 0x000000008b700000|100%| O|  |TAMS 0x000000008b700000, 0x000000008b600000| Untracked 
| 183|0x000000008b700000, 0x000000008b800000, 0x000000008b800000|100%| O|  |TAMS 0x000000008b800000, 0x000000008b700000| Untracked 
| 184|0x000000008b800000, 0x000000008b900000, 0x000000008b900000|100%| O|  |TAMS 0x000000008b900000, 0x000000008b800000| Untracked 
| 185|0x000000008b900000, 0x000000008ba00000, 0x000000008ba00000|100%| O|  |TAMS 0x000000008ba00000, 0x000000008b900000| Untracked 
| 186|0x000000008ba00000, 0x000000008bb00000, 0x000000008bb00000|100%| O|  |TAMS 0x000000008bb00000, 0x000000008ba00000| Untracked 
| 187|0x000000008bb00000, 0x000000008bc00000, 0x000000008bc00000|100%| O|  |TAMS 0x000000008bc00000, 0x000000008bb00000| Untracked 
| 188|0x000000008bc00000, 0x000000008bd00000, 0x000000008bd00000|100%| O|  |TAMS 0x000000008bd00000, 0x000000008bc00000| Untracked 
| 189|0x000000008bd00000, 0x000000008be00000, 0x000000008be00000|100%| O|  |TAMS 0x000000008be00000, 0x000000008bd00000| Untracked 
| 190|0x000000008be00000, 0x000000008bf00000, 0x000000008bf00000|100%| O|  |TAMS 0x000000008be6a000, 0x000000008be00000| Untracked 
| 191|0x000000008bf00000, 0x000000008bf00000, 0x000000008c000000|  0%| F|  |TAMS 0x000000008bf00000, 0x000000008bf00000| Untracked 
| 192|0x000000008c000000, 0x000000008c000000, 0x000000008c100000|  0%| F|  |TAMS 0x000000008c000000, 0x000000008c000000| Untracked 
| 193|0x000000008c100000, 0x000000008c100000, 0x000000008c200000|  0%| F|  |TAMS 0x000000008c100000, 0x000000008c100000| Untracked 
| 194|0x000000008c200000, 0x000000008c200000, 0x000000008c300000|  0%| F|  |TAMS 0x000000008c200000, 0x000000008c200000| Untracked 
| 195|0x000000008c300000, 0x000000008c300000, 0x000000008c400000|  0%| F|  |TAMS 0x000000008c300000, 0x000000008c300000| Untracked 
| 196|0x000000008c400000, 0x000000008c400000, 0x000000008c500000|  0%| F|  |TAMS 0x000000008c400000, 0x000000008c400000| Untracked 
| 197|0x000000008c500000, 0x000000008c500000, 0x000000008c600000|  0%| F|  |TAMS 0x000000008c500000, 0x000000008c500000| Untracked 
| 198|0x000000008c600000, 0x000000008c600000, 0x000000008c700000|  0%| F|  |TAMS 0x000000008c600000, 0x000000008c600000| Untracked 
| 199|0x000000008c700000, 0x000000008c700000, 0x000000008c800000|  0%| F|  |TAMS 0x000000008c700000, 0x000000008c700000| Untracked 
| 200|0x000000008c800000, 0x000000008c800000, 0x000000008c900000|  0%| F|  |TAMS 0x000000008c800000, 0x000000008c800000| Untracked 
| 201|0x000000008c900000, 0x000000008c900000, 0x000000008ca00000|  0%| F|  |TAMS 0x000000008c900000, 0x000000008c900000| Untracked 
| 202|0x000000008ca00000, 0x000000008ca00000, 0x000000008cb00000|  0%| F|  |TAMS 0x000000008ca00000, 0x000000008ca00000| Untracked 
| 203|0x000000008cb00000, 0x000000008cb00000, 0x000000008cc00000|  0%| F|  |TAMS 0x000000008cb00000, 0x000000008cb00000| Untracked 
| 204|0x000000008cc00000, 0x000000008cc00000, 0x000000008cd00000|  0%| F|  |TAMS 0x000000008cc00000, 0x000000008cc00000| Untracked 
| 205|0x000000008cd00000, 0x000000008cd00000, 0x000000008ce00000|  0%| F|  |TAMS 0x000000008cd00000, 0x000000008cd00000| Untracked 
| 206|0x000000008ce00000, 0x000000008ce00000, 0x000000008cf00000|  0%| F|  |TAMS 0x000000008ce00000, 0x000000008ce00000| Untracked 
| 207|0x000000008cf00000, 0x000000008cf00000, 0x000000008d000000|  0%| F|  |TAMS 0x000000008cf00000, 0x000000008cf00000| Untracked 
| 208|0x000000008d000000, 0x000000008d000000, 0x000000008d100000|  0%| F|  |TAMS 0x000000008d000000, 0x000000008d000000| Untracked 
| 209|0x000000008d100000, 0x000000008d100000, 0x000000008d200000|  0%| F|  |TAMS 0x000000008d100000, 0x000000008d100000| Untracked 
| 210|0x000000008d200000, 0x000000008d200000, 0x000000008d300000|  0%| F|  |TAMS 0x000000008d200000, 0x000000008d200000| Untracked 
| 211|0x000000008d300000, 0x000000008d300000, 0x000000008d400000|  0%| F|  |TAMS 0x000000008d300000, 0x000000008d300000| Untracked 
| 212|0x000000008d400000, 0x000000008d400000, 0x000000008d500000|  0%| F|  |TAMS 0x000000008d400000, 0x000000008d400000| Untracked 
| 213|0x000000008d500000, 0x000000008d500000, 0x000000008d600000|  0%| F|  |TAMS 0x000000008d500000, 0x000000008d500000| Untracked 
| 214|0x000000008d600000, 0x000000008d600000, 0x000000008d700000|  0%| F|  |TAMS 0x000000008d600000, 0x000000008d600000| Untracked 
| 215|0x000000008d700000, 0x000000008d700000, 0x000000008d800000|  0%| F|  |TAMS 0x000000008d700000, 0x000000008d700000| Untracked 
| 216|0x000000008d800000, 0x000000008d800000, 0x000000008d900000|  0%| F|  |TAMS 0x000000008d800000, 0x000000008d800000| Untracked 
| 217|0x000000008d900000, 0x000000008d900000, 0x000000008da00000|  0%| F|  |TAMS 0x000000008d900000, 0x000000008d900000| Untracked 
| 218|0x000000008da00000, 0x000000008da00000, 0x000000008db00000|  0%| F|  |TAMS 0x000000008da00000, 0x000000008da00000| Untracked 
| 219|0x000000008db00000, 0x000000008db00000, 0x000000008dc00000|  0%| F|  |TAMS 0x000000008db00000, 0x000000008db00000| Untracked 
| 220|0x000000008dc00000, 0x000000008dc00000, 0x000000008dd00000|  0%| F|  |TAMS 0x000000008dc00000, 0x000000008dc00000| Untracked 
| 221|0x000000008dd00000, 0x000000008dd00000, 0x000000008de00000|  0%| F|  |TAMS 0x000000008dd00000, 0x000000008dd00000| Untracked 
| 222|0x000000008de00000, 0x000000008de00000, 0x000000008df00000|  0%| F|  |TAMS 0x000000008de00000, 0x000000008de00000| Untracked 
| 223|0x000000008df00000, 0x000000008df00000, 0x000000008e000000|  0%| F|  |TAMS 0x000000008df00000, 0x000000008df00000| Untracked 
| 224|0x000000008e000000, 0x000000008e100000, 0x000000008e100000|100%| S|CS|TAMS 0x000000008e000000, 0x000000008e000000| Complete 
| 225|0x000000008e100000, 0x000000008e200000, 0x000000008e200000|100%| S|CS|TAMS 0x000000008e100000, 0x000000008e100000| Complete 
| 226|0x000000008e200000, 0x000000008e300000, 0x000000008e300000|100%| S|CS|TAMS 0x000000008e200000, 0x000000008e200000| Complete 
| 227|0x000000008e300000, 0x000000008e400000, 0x000000008e400000|100%| S|CS|TAMS 0x000000008e300000, 0x000000008e300000| Complete 
| 228|0x000000008e400000, 0x000000008e500000, 0x000000008e500000|100%| S|CS|TAMS 0x000000008e400000, 0x000000008e400000| Complete 
| 229|0x000000008e500000, 0x000000008e600000, 0x000000008e600000|100%| S|CS|TAMS 0x000000008e500000, 0x000000008e500000| Complete 
| 230|0x000000008e600000, 0x000000008e700000, 0x000000008e700000|100%| S|CS|TAMS 0x000000008e600000, 0x000000008e600000| Complete 
| 231|0x000000008e700000, 0x000000008e800000, 0x000000008e800000|100%| S|CS|TAMS 0x000000008e700000, 0x000000008e700000| Complete 
| 232|0x000000008e800000, 0x000000008e900000, 0x000000008e900000|100%| S|CS|TAMS 0x000000008e800000, 0x000000008e800000| Complete 
| 233|0x000000008e900000, 0x000000008ea00000, 0x000000008ea00000|100%| S|CS|TAMS 0x000000008e900000, 0x000000008e900000| Complete 
| 234|0x000000008ea00000, 0x000000008eb00000, 0x000000008eb00000|100%| S|CS|TAMS 0x000000008ea00000, 0x000000008ea00000| Complete 
| 235|0x000000008eb00000, 0x000000008ec00000, 0x000000008ec00000|100%| S|CS|TAMS 0x000000008eb00000, 0x000000008eb00000| Complete 
| 236|0x000000008ec00000, 0x000000008ed00000, 0x000000008ed00000|100%| S|CS|TAMS 0x000000008ec00000, 0x000000008ec00000| Complete 
| 237|0x000000008ed00000, 0x000000008ee00000, 0x000000008ee00000|100%| S|CS|TAMS 0x000000008ed00000, 0x000000008ed00000| Complete 
| 238|0x000000008ee00000, 0x000000008ef00000, 0x000000008ef00000|100%| S|CS|TAMS 0x000000008ee00000, 0x000000008ee00000| Complete 
| 239|0x000000008ef00000, 0x000000008f000000, 0x000000008f000000|100%| S|CS|TAMS 0x000000008ef00000, 0x000000008ef00000| Complete 
| 240|0x000000008f000000, 0x000000008f100000, 0x000000008f100000|100%| S|CS|TAMS 0x000000008f000000, 0x000000008f000000| Complete 
| 241|0x000000008f100000, 0x000000008f200000, 0x000000008f200000|100%| S|CS|TAMS 0x000000008f100000, 0x000000008f100000| Complete 
| 242|0x000000008f200000, 0x000000008f300000, 0x000000008f300000|100%| S|CS|TAMS 0x000000008f200000, 0x000000008f200000| Complete 
| 243|0x000000008f300000, 0x000000008f400000, 0x000000008f400000|100%| S|CS|TAMS 0x000000008f300000, 0x000000008f300000| Complete 
| 244|0x000000008f400000, 0x000000008f500000, 0x000000008f500000|100%| S|CS|TAMS 0x000000008f400000, 0x000000008f400000| Complete 
| 245|0x000000008f500000, 0x000000008f600000, 0x000000008f600000|100%| S|CS|TAMS 0x000000008f500000, 0x000000008f500000| Complete 
| 246|0x000000008f600000, 0x000000008f700000, 0x000000008f700000|100%| S|CS|TAMS 0x000000008f600000, 0x000000008f600000| Complete 
| 247|0x000000008f700000, 0x000000008f800000, 0x000000008f800000|100%| S|CS|TAMS 0x000000008f700000, 0x000000008f700000| Complete 
| 248|0x000000008f800000, 0x000000008f900000, 0x000000008f900000|100%| S|CS|TAMS 0x000000008f800000, 0x000000008f800000| Complete 
| 249|0x000000008f900000, 0x000000008fa00000, 0x000000008fa00000|100%| S|CS|TAMS 0x000000008f900000, 0x000000008f900000| Complete 
| 250|0x000000008fa00000, 0x000000008fb00000, 0x000000008fb00000|100%| S|CS|TAMS 0x000000008fa00000, 0x000000008fa00000| Complete 
| 251|0x000000008fb00000, 0x000000008fc00000, 0x000000008fc00000|100%| S|CS|TAMS 0x000000008fb00000, 0x000000008fb00000| Complete 
| 252|0x000000008fc00000, 0x000000008fc00000, 0x000000008fd00000|  0%| F|  |TAMS 0x000000008fc00000, 0x000000008fc00000| Untracked 
| 253|0x000000008fd00000, 0x000000008fd00000, 0x000000008fe00000|  0%| F|  |TAMS 0x000000008fd00000, 0x000000008fd00000| Untracked 
| 254|0x000000008fe00000, 0x000000008fe00000, 0x000000008ff00000|  0%| F|  |TAMS 0x000000008fe00000, 0x000000008fe00000| Untracked 
| 255|0x000000008ff00000, 0x000000008ff00000, 0x0000000090000000|  0%| F|  |TAMS 0x000000008ff00000, 0x000000008ff00000| Untracked 
| 256|0x0000000090000000, 0x0000000090000000, 0x0000000090100000|  0%| F|  |TAMS 0x0000000090000000, 0x0000000090000000| Untracked 
| 257|0x0000000090100000, 0x0000000090100000, 0x0000000090200000|  0%| F|  |TAMS 0x0000000090100000, 0x0000000090100000| Untracked 
| 258|0x0000000090200000, 0x0000000090200000, 0x0000000090300000|  0%| F|  |TAMS 0x0000000090200000, 0x0000000090200000| Untracked 
| 259|0x0000000090300000, 0x0000000090300000, 0x0000000090400000|  0%| F|  |TAMS 0x0000000090300000, 0x0000000090300000| Untracked 
| 260|0x0000000090400000, 0x0000000090400000, 0x0000000090500000|  0%| F|  |TAMS 0x0000000090400000, 0x0000000090400000| Untracked 
| 261|0x0000000090500000, 0x0000000090500000, 0x0000000090600000|  0%| F|  |TAMS 0x0000000090500000, 0x0000000090500000| Untracked 
| 262|0x0000000090600000, 0x0000000090600000, 0x0000000090700000|  0%| F|  |TAMS 0x0000000090600000, 0x0000000090600000| Untracked 
| 263|0x0000000090700000, 0x0000000090700000, 0x0000000090800000|  0%| F|  |TAMS 0x0000000090700000, 0x0000000090700000| Untracked 
| 264|0x0000000090800000, 0x0000000090800000, 0x0000000090900000|  0%| F|  |TAMS 0x0000000090800000, 0x0000000090800000| Untracked 
| 265|0x0000000090900000, 0x0000000090900000, 0x0000000090a00000|  0%| F|  |TAMS 0x0000000090900000, 0x0000000090900000| Untracked 
| 266|0x0000000090a00000, 0x0000000090a00000, 0x0000000090b00000|  0%| F|  |TAMS 0x0000000090a00000, 0x0000000090a00000| Untracked 
| 267|0x0000000090b00000, 0x0000000090b00000, 0x0000000090c00000|  0%| F|  |TAMS 0x0000000090b00000, 0x0000000090b00000| Untracked 
| 268|0x0000000090c00000, 0x0000000090c00000, 0x0000000090d00000|  0%| F|  |TAMS 0x0000000090c00000, 0x0000000090c00000| Untracked 
| 269|0x0000000090d00000, 0x0000000090d00000, 0x0000000090e00000|  0%| F|  |TAMS 0x0000000090d00000, 0x0000000090d00000| Untracked 
| 270|0x0000000090e00000, 0x0000000090e00000, 0x0000000090f00000|  0%| F|  |TAMS 0x0000000090e00000, 0x0000000090e00000| Untracked 
| 271|0x0000000090f00000, 0x0000000090f00000, 0x0000000091000000|  0%| F|  |TAMS 0x0000000090f00000, 0x0000000090f00000| Untracked 
| 272|0x0000000091000000, 0x0000000091000000, 0x0000000091100000|  0%| F|  |TAMS 0x0000000091000000, 0x0000000091000000| Untracked 
| 273|0x0000000091100000, 0x0000000091100000, 0x0000000091200000|  0%| F|  |TAMS 0x0000000091100000, 0x0000000091100000| Untracked 
| 274|0x0000000091200000, 0x0000000091200000, 0x0000000091300000|  0%| F|  |TAMS 0x0000000091200000, 0x0000000091200000| Untracked 
| 275|0x0000000091300000, 0x0000000091300000, 0x0000000091400000|  0%| F|  |TAMS 0x0000000091300000, 0x0000000091300000| Untracked 
| 276|0x0000000091400000, 0x0000000091400000, 0x0000000091500000|  0%| F|  |TAMS 0x0000000091400000, 0x0000000091400000| Untracked 
| 277|0x0000000091500000, 0x0000000091500000, 0x0000000091600000|  0%| F|  |TAMS 0x0000000091500000, 0x0000000091500000| Untracked 
| 278|0x0000000091600000, 0x0000000091600000, 0x0000000091700000|  0%| F|  |TAMS 0x0000000091600000, 0x0000000091600000| Untracked 
| 279|0x0000000091700000, 0x0000000091700000, 0x0000000091800000|  0%| F|  |TAMS 0x0000000091700000, 0x0000000091700000| Untracked 
| 280|0x0000000091800000, 0x0000000091800000, 0x0000000091900000|  0%| F|  |TAMS 0x0000000091800000, 0x0000000091800000| Untracked 
| 281|0x0000000091900000, 0x0000000091900000, 0x0000000091a00000|  0%| F|  |TAMS 0x0000000091900000, 0x0000000091900000| Untracked 
| 282|0x0000000091a00000, 0x0000000091a00000, 0x0000000091b00000|  0%| F|  |TAMS 0x0000000091a00000, 0x0000000091a00000| Untracked 
| 283|0x0000000091b00000, 0x0000000091b00000, 0x0000000091c00000|  0%| F|  |TAMS 0x0000000091b00000, 0x0000000091b00000| Untracked 
| 284|0x0000000091c00000, 0x0000000091c00000, 0x0000000091d00000|  0%| F|  |TAMS 0x0000000091c00000, 0x0000000091c00000| Untracked 
| 285|0x0000000091d00000, 0x0000000091d00000, 0x0000000091e00000|  0%| F|  |TAMS 0x0000000091d00000, 0x0000000091d00000| Untracked 
| 286|0x0000000091e00000, 0x0000000091e00000, 0x0000000091f00000|  0%| F|  |TAMS 0x0000000091e00000, 0x0000000091e00000| Untracked 
| 287|0x0000000091f00000, 0x0000000091f00000, 0x0000000092000000|  0%| F|  |TAMS 0x0000000091f00000, 0x0000000091f00000| Untracked 
| 288|0x0000000092000000, 0x0000000092000000, 0x0000000092100000|  0%| F|  |TAMS 0x0000000092000000, 0x0000000092000000| Untracked 
| 289|0x0000000092100000, 0x0000000092100000, 0x0000000092200000|  0%| F|  |TAMS 0x0000000092100000, 0x0000000092100000| Untracked 
| 290|0x0000000092200000, 0x0000000092200000, 0x0000000092300000|  0%| F|  |TAMS 0x0000000092200000, 0x0000000092200000| Untracked 
| 291|0x0000000092300000, 0x0000000092300000, 0x0000000092400000|  0%| F|  |TAMS 0x0000000092300000, 0x0000000092300000| Untracked 
| 292|0x0000000092400000, 0x0000000092400000, 0x0000000092500000|  0%| F|  |TAMS 0x0000000092400000, 0x0000000092400000| Untracked 
| 293|0x0000000092500000, 0x0000000092500000, 0x0000000092600000|  0%| F|  |TAMS 0x0000000092500000, 0x0000000092500000| Untracked 
| 294|0x0000000092600000, 0x0000000092600000, 0x0000000092700000|  0%| F|  |TAMS 0x0000000092600000, 0x0000000092600000| Untracked 
| 295|0x0000000092700000, 0x0000000092700000, 0x0000000092800000|  0%| F|  |TAMS 0x0000000092700000, 0x0000000092700000| Untracked 
| 296|0x0000000092800000, 0x0000000092800000, 0x0000000092900000|  0%| F|  |TAMS 0x0000000092800000, 0x0000000092800000| Untracked 
| 297|0x0000000092900000, 0x0000000092900000, 0x0000000092a00000|  0%| F|  |TAMS 0x0000000092900000, 0x0000000092900000| Untracked 
| 298|0x0000000092a00000, 0x0000000092a00000, 0x0000000092b00000|  0%| F|  |TAMS 0x0000000092a00000, 0x0000000092a00000| Untracked 
| 299|0x0000000092b00000, 0x0000000092b00000, 0x0000000092c00000|  0%| F|  |TAMS 0x0000000092b00000, 0x0000000092b00000| Untracked 
| 300|0x0000000092c00000, 0x0000000092c00000, 0x0000000092d00000|  0%| F|  |TAMS 0x0000000092c00000, 0x0000000092c00000| Untracked 
| 301|0x0000000092d00000, 0x0000000092d00000, 0x0000000092e00000|  0%| F|  |TAMS 0x0000000092d00000, 0x0000000092d00000| Untracked 
| 302|0x0000000092e00000, 0x0000000092e00000, 0x0000000092f00000|  0%| F|  |TAMS 0x0000000092e00000, 0x0000000092e00000| Untracked 
| 303|0x0000000092f00000, 0x0000000092f00000, 0x0000000093000000|  0%| F|  |TAMS 0x0000000092f00000, 0x0000000092f00000| Untracked 
| 304|0x0000000093000000, 0x0000000093000000, 0x0000000093100000|  0%| F|  |TAMS 0x0000000093000000, 0x0000000093000000| Untracked 
| 305|0x0000000093100000, 0x0000000093100000, 0x0000000093200000|  0%| F|  |TAMS 0x0000000093100000, 0x0000000093100000| Untracked 
| 306|0x0000000093200000, 0x0000000093200000, 0x0000000093300000|  0%| F|  |TAMS 0x0000000093200000, 0x0000000093200000| Untracked 
| 307|0x0000000093300000, 0x0000000093300000, 0x0000000093400000|  0%| F|  |TAMS 0x0000000093300000, 0x0000000093300000| Untracked 
| 308|0x0000000093400000, 0x0000000093400000, 0x0000000093500000|  0%| F|  |TAMS 0x0000000093400000, 0x0000000093400000| Untracked 
| 309|0x0000000093500000, 0x0000000093500000, 0x0000000093600000|  0%| F|  |TAMS 0x0000000093500000, 0x0000000093500000| Untracked 
| 310|0x0000000093600000, 0x0000000093600000, 0x0000000093700000|  0%| F|  |TAMS 0x0000000093600000, 0x0000000093600000| Untracked 
| 311|0x0000000093700000, 0x0000000093700000, 0x0000000093800000|  0%| F|  |TAMS 0x0000000093700000, 0x0000000093700000| Untracked 
| 312|0x0000000093800000, 0x0000000093800000, 0x0000000093900000|  0%| F|  |TAMS 0x0000000093800000, 0x0000000093800000| Untracked 
| 313|0x0000000093900000, 0x0000000093900000, 0x0000000093a00000|  0%| F|  |TAMS 0x0000000093900000, 0x0000000093900000| Untracked 
| 314|0x0000000093a00000, 0x0000000093a00000, 0x0000000093b00000|  0%| F|  |TAMS 0x0000000093a00000, 0x0000000093a00000| Untracked 
| 315|0x0000000093b00000, 0x0000000093b00000, 0x0000000093c00000|  0%| F|  |TAMS 0x0000000093b00000, 0x0000000093b00000| Untracked 
| 316|0x0000000093c00000, 0x0000000093c00000, 0x0000000093d00000|  0%| F|  |TAMS 0x0000000093c00000, 0x0000000093c00000| Untracked 
| 317|0x0000000093d00000, 0x0000000093d00000, 0x0000000093e00000|  0%| F|  |TAMS 0x0000000093d00000, 0x0000000093d00000| Untracked 
| 318|0x0000000093e00000, 0x0000000093e00000, 0x0000000093f00000|  0%| F|  |TAMS 0x0000000093e00000, 0x0000000093e00000| Untracked 
| 319|0x0000000093f00000, 0x0000000093f00000, 0x0000000094000000|  0%| F|  |TAMS 0x0000000093f00000, 0x0000000093f00000| Untracked 
| 320|0x0000000094000000, 0x0000000094000000, 0x0000000094100000|  0%| F|  |TAMS 0x0000000094000000, 0x0000000094000000| Untracked 
| 321|0x0000000094100000, 0x0000000094100000, 0x0000000094200000|  0%| F|  |TAMS 0x0000000094100000, 0x0000000094100000| Untracked 
| 322|0x0000000094200000, 0x0000000094200000, 0x0000000094300000|  0%| F|  |TAMS 0x0000000094200000, 0x0000000094200000| Untracked 
| 323|0x0000000094300000, 0x0000000094300000, 0x0000000094400000|  0%| F|  |TAMS 0x0000000094300000, 0x0000000094300000| Untracked 
| 324|0x0000000094400000, 0x0000000094400000, 0x0000000094500000|  0%| F|  |TAMS 0x0000000094400000, 0x0000000094400000| Untracked 
| 325|0x0000000094500000, 0x0000000094500000, 0x0000000094600000|  0%| F|  |TAMS 0x0000000094500000, 0x0000000094500000| Untracked 
| 326|0x0000000094600000, 0x0000000094600000, 0x0000000094700000|  0%| F|  |TAMS 0x0000000094600000, 0x0000000094600000| Untracked 
| 327|0x0000000094700000, 0x0000000094700000, 0x0000000094800000|  0%| F|  |TAMS 0x0000000094700000, 0x0000000094700000| Untracked 
| 328|0x0000000094800000, 0x0000000094800000, 0x0000000094900000|  0%| F|  |TAMS 0x0000000094800000, 0x0000000094800000| Untracked 
| 329|0x0000000094900000, 0x0000000094900000, 0x0000000094a00000|  0%| F|  |TAMS 0x0000000094900000, 0x0000000094900000| Untracked 
| 330|0x0000000094a00000, 0x0000000094a00000, 0x0000000094b00000|  0%| F|  |TAMS 0x0000000094a00000, 0x0000000094a00000| Untracked 
| 331|0x0000000094b00000, 0x0000000094b00000, 0x0000000094c00000|  0%| F|  |TAMS 0x0000000094b00000, 0x0000000094b00000| Untracked 
| 332|0x0000000094c00000, 0x0000000094c00000, 0x0000000094d00000|  0%| F|  |TAMS 0x0000000094c00000, 0x0000000094c00000| Untracked 
| 333|0x0000000094d00000, 0x0000000094d00000, 0x0000000094e00000|  0%| F|  |TAMS 0x0000000094d00000, 0x0000000094d00000| Untracked 
| 334|0x0000000094e00000, 0x0000000094e00000, 0x0000000094f00000|  0%| F|  |TAMS 0x0000000094e00000, 0x0000000094e00000| Untracked 
| 335|0x0000000094f00000, 0x0000000094f00000, 0x0000000095000000|  0%| F|  |TAMS 0x0000000094f00000, 0x0000000094f00000| Untracked 
| 336|0x0000000095000000, 0x0000000095000000, 0x0000000095100000|  0%| F|  |TAMS 0x0000000095000000, 0x0000000095000000| Untracked 
| 337|0x0000000095100000, 0x0000000095100000, 0x0000000095200000|  0%| F|  |TAMS 0x0000000095100000, 0x0000000095100000| Untracked 
| 338|0x0000000095200000, 0x0000000095200000, 0x0000000095300000|  0%| F|  |TAMS 0x0000000095200000, 0x0000000095200000| Untracked 
| 339|0x0000000095300000, 0x0000000095300000, 0x0000000095400000|  0%| F|  |TAMS 0x0000000095300000, 0x0000000095300000| Untracked 
| 340|0x0000000095400000, 0x0000000095400000, 0x0000000095500000|  0%| F|  |TAMS 0x0000000095400000, 0x0000000095400000| Untracked 
| 341|0x0000000095500000, 0x0000000095500000, 0x0000000095600000|  0%| F|  |TAMS 0x0000000095500000, 0x0000000095500000| Untracked 
| 342|0x0000000095600000, 0x0000000095600000, 0x0000000095700000|  0%| F|  |TAMS 0x0000000095600000, 0x0000000095600000| Untracked 
| 343|0x0000000095700000, 0x0000000095700000, 0x0000000095800000|  0%| F|  |TAMS 0x0000000095700000, 0x0000000095700000| Untracked 
| 344|0x0000000095800000, 0x0000000095800000, 0x0000000095900000|  0%| F|  |TAMS 0x0000000095800000, 0x0000000095800000| Untracked 
| 345|0x0000000095900000, 0x0000000095900000, 0x0000000095a00000|  0%| F|  |TAMS 0x0000000095900000, 0x0000000095900000| Untracked 
| 346|0x0000000095a00000, 0x0000000095a00000, 0x0000000095b00000|  0%| F|  |TAMS 0x0000000095a00000, 0x0000000095a00000| Untracked 
| 347|0x0000000095b00000, 0x0000000095b00000, 0x0000000095c00000|  0%| F|  |TAMS 0x0000000095b00000, 0x0000000095b00000| Untracked 
| 348|0x0000000095c00000, 0x0000000095c00000, 0x0000000095d00000|  0%| F|  |TAMS 0x0000000095c00000, 0x0000000095c00000| Untracked 
| 349|0x0000000095d00000, 0x0000000095d00000, 0x0000000095e00000|  0%| F|  |TAMS 0x0000000095d00000, 0x0000000095d00000| Untracked 
| 350|0x0000000095e00000, 0x0000000095e00000, 0x0000000095f00000|  0%| F|  |TAMS 0x0000000095e00000, 0x0000000095e00000| Untracked 
| 351|0x0000000095f00000, 0x0000000095f00000, 0x0000000096000000|  0%| F|  |TAMS 0x0000000095f00000, 0x0000000095f00000| Untracked 
| 352|0x0000000096000000, 0x0000000096000000, 0x0000000096100000|  0%| F|  |TAMS 0x0000000096000000, 0x0000000096000000| Untracked 
| 353|0x0000000096100000, 0x0000000096100000, 0x0000000096200000|  0%| F|  |TAMS 0x0000000096100000, 0x0000000096100000| Untracked 
| 354|0x0000000096200000, 0x0000000096200000, 0x0000000096300000|  0%| F|  |TAMS 0x0000000096200000, 0x0000000096200000| Untracked 
| 355|0x0000000096300000, 0x0000000096300000, 0x0000000096400000|  0%| F|  |TAMS 0x0000000096300000, 0x0000000096300000| Untracked 
| 356|0x0000000096400000, 0x0000000096400000, 0x0000000096500000|  0%| F|  |TAMS 0x0000000096400000, 0x0000000096400000| Untracked 
| 357|0x0000000096500000, 0x0000000096500000, 0x0000000096600000|  0%| F|  |TAMS 0x0000000096500000, 0x0000000096500000| Untracked 
| 358|0x0000000096600000, 0x0000000096600000, 0x0000000096700000|  0%| F|  |TAMS 0x0000000096600000, 0x0000000096600000| Untracked 
| 359|0x0000000096700000, 0x0000000096700000, 0x0000000096800000|  0%| F|  |TAMS 0x0000000096700000, 0x0000000096700000| Untracked 
| 360|0x0000000096800000, 0x0000000096800000, 0x0000000096900000|  0%| F|  |TAMS 0x0000000096800000, 0x0000000096800000| Untracked 
| 361|0x0000000096900000, 0x0000000096900000, 0x0000000096a00000|  0%| F|  |TAMS 0x0000000096900000, 0x0000000096900000| Untracked 
| 362|0x0000000096a00000, 0x0000000096a00000, 0x0000000096b00000|  0%| F|  |TAMS 0x0000000096a00000, 0x0000000096a00000| Untracked 
| 363|0x0000000096b00000, 0x0000000096b00000, 0x0000000096c00000|  0%| F|  |TAMS 0x0000000096b00000, 0x0000000096b00000| Untracked 
| 364|0x0000000096c00000, 0x0000000096c00000, 0x0000000096d00000|  0%| F|  |TAMS 0x0000000096c00000, 0x0000000096c00000| Untracked 
| 365|0x0000000096d00000, 0x0000000096d00000, 0x0000000096e00000|  0%| F|  |TAMS 0x0000000096d00000, 0x0000000096d00000| Untracked 
| 366|0x0000000096e00000, 0x0000000096e00000, 0x0000000096f00000|  0%| F|  |TAMS 0x0000000096e00000, 0x0000000096e00000| Untracked 
| 367|0x0000000096f00000, 0x0000000096f00000, 0x0000000097000000|  0%| F|  |TAMS 0x0000000096f00000, 0x0000000096f00000| Untracked 
| 368|0x0000000097000000, 0x0000000097000000, 0x0000000097100000|  0%| F|  |TAMS 0x0000000097000000, 0x0000000097000000| Untracked 
| 369|0x0000000097100000, 0x0000000097100000, 0x0000000097200000|  0%| F|  |TAMS 0x0000000097100000, 0x0000000097100000| Untracked 
| 370|0x0000000097200000, 0x0000000097200000, 0x0000000097300000|  0%| F|  |TAMS 0x0000000097200000, 0x0000000097200000| Untracked 
| 371|0x0000000097300000, 0x0000000097300000, 0x0000000097400000|  0%| F|  |TAMS 0x0000000097300000, 0x0000000097300000| Untracked 
| 372|0x0000000097400000, 0x0000000097400000, 0x0000000097500000|  0%| F|  |TAMS 0x0000000097400000, 0x0000000097400000| Untracked 
| 373|0x0000000097500000, 0x0000000097500000, 0x0000000097600000|  0%| F|  |TAMS 0x0000000097500000, 0x0000000097500000| Untracked 
| 374|0x0000000097600000, 0x0000000097600000, 0x0000000097700000|  0%| F|  |TAMS 0x0000000097600000, 0x0000000097600000| Untracked 
| 375|0x0000000097700000, 0x0000000097700000, 0x0000000097800000|  0%| F|  |TAMS 0x0000000097700000, 0x0000000097700000| Untracked 
| 376|0x0000000097800000, 0x0000000097800000, 0x0000000097900000|  0%| F|  |TAMS 0x0000000097800000, 0x0000000097800000| Untracked 
| 377|0x0000000097900000, 0x0000000097900000, 0x0000000097a00000|  0%| F|  |TAMS 0x0000000097900000, 0x0000000097900000| Untracked 
| 378|0x0000000097a00000, 0x0000000097a00000, 0x0000000097b00000|  0%| F|  |TAMS 0x0000000097a00000, 0x0000000097a00000| Untracked 
| 379|0x0000000097b00000, 0x0000000097b00000, 0x0000000097c00000|  0%| F|  |TAMS 0x0000000097b00000, 0x0000000097b00000| Untracked 
| 380|0x0000000097c00000, 0x0000000097c00000, 0x0000000097d00000|  0%| F|  |TAMS 0x0000000097c00000, 0x0000000097c00000| Untracked 
| 381|0x0000000097d00000, 0x0000000097d00000, 0x0000000097e00000|  0%| F|  |TAMS 0x0000000097d00000, 0x0000000097d00000| Untracked 
| 382|0x0000000097e00000, 0x0000000097e00000, 0x0000000097f00000|  0%| F|  |TAMS 0x0000000097e00000, 0x0000000097e00000| Untracked 
| 383|0x0000000097f00000, 0x0000000097f00000, 0x0000000098000000|  0%| F|  |TAMS 0x0000000097f00000, 0x0000000097f00000| Untracked 
| 384|0x0000000098000000, 0x0000000098000000, 0x0000000098100000|  0%| F|  |TAMS 0x0000000098000000, 0x0000000098000000| Untracked 
| 385|0x0000000098100000, 0x0000000098100000, 0x0000000098200000|  0%| F|  |TAMS 0x0000000098100000, 0x0000000098100000| Untracked 
| 386|0x0000000098200000, 0x0000000098200000, 0x0000000098300000|  0%| F|  |TAMS 0x0000000098200000, 0x0000000098200000| Untracked 
| 387|0x0000000098300000, 0x0000000098300000, 0x0000000098400000|  0%| F|  |TAMS 0x0000000098300000, 0x0000000098300000| Untracked 
| 388|0x0000000098400000, 0x0000000098400000, 0x0000000098500000|  0%| F|  |TAMS 0x0000000098400000, 0x0000000098400000| Untracked 
| 389|0x0000000098500000, 0x0000000098500000, 0x0000000098600000|  0%| F|  |TAMS 0x0000000098500000, 0x0000000098500000| Untracked 
| 390|0x0000000098600000, 0x0000000098600000, 0x0000000098700000|  0%| F|  |TAMS 0x0000000098600000, 0x0000000098600000| Untracked 
| 391|0x0000000098700000, 0x0000000098700000, 0x0000000098800000|  0%| F|  |TAMS 0x0000000098700000, 0x0000000098700000| Untracked 
| 392|0x0000000098800000, 0x0000000098800000, 0x0000000098900000|  0%| F|  |TAMS 0x0000000098800000, 0x0000000098800000| Untracked 
| 393|0x0000000098900000, 0x0000000098900000, 0x0000000098a00000|  0%| F|  |TAMS 0x0000000098900000, 0x0000000098900000| Untracked 
| 394|0x0000000098a00000, 0x0000000098a00000, 0x0000000098b00000|  0%| F|  |TAMS 0x0000000098a00000, 0x0000000098a00000| Untracked 
| 395|0x0000000098b00000, 0x0000000098b00000, 0x0000000098c00000|  0%| F|  |TAMS 0x0000000098b00000, 0x0000000098b00000| Untracked 
| 396|0x0000000098c00000, 0x0000000098c00000, 0x0000000098d00000|  0%| F|  |TAMS 0x0000000098c00000, 0x0000000098c00000| Untracked 
| 397|0x0000000098d00000, 0x0000000098d00000, 0x0000000098e00000|  0%| F|  |TAMS 0x0000000098d00000, 0x0000000098d00000| Untracked 
| 398|0x0000000098e00000, 0x0000000098e00000, 0x0000000098f00000|  0%| F|  |TAMS 0x0000000098e00000, 0x0000000098e00000| Untracked 
| 399|0x0000000098f00000, 0x0000000098f00000, 0x0000000099000000|  0%| F|  |TAMS 0x0000000098f00000, 0x0000000098f00000| Untracked 
| 400|0x0000000099000000, 0x0000000099000000, 0x0000000099100000|  0%| F|  |TAMS 0x0000000099000000, 0x0000000099000000| Untracked 
| 401|0x0000000099100000, 0x0000000099100000, 0x0000000099200000|  0%| F|  |TAMS 0x0000000099100000, 0x0000000099100000| Untracked 
| 402|0x0000000099200000, 0x0000000099200000, 0x0000000099300000|  0%| F|  |TAMS 0x0000000099200000, 0x0000000099200000| Untracked 
| 403|0x0000000099300000, 0x0000000099300000, 0x0000000099400000|  0%| F|  |TAMS 0x0000000099300000, 0x0000000099300000| Untracked 
| 404|0x0000000099400000, 0x0000000099400000, 0x0000000099500000|  0%| F|  |TAMS 0x0000000099400000, 0x0000000099400000| Untracked 
| 405|0x0000000099500000, 0x0000000099500000, 0x0000000099600000|  0%| F|  |TAMS 0x0000000099500000, 0x0000000099500000| Untracked 
| 406|0x0000000099600000, 0x0000000099600000, 0x0000000099700000|  0%| F|  |TAMS 0x0000000099600000, 0x0000000099600000| Untracked 
| 407|0x0000000099700000, 0x0000000099700000, 0x0000000099800000|  0%| F|  |TAMS 0x0000000099700000, 0x0000000099700000| Untracked 
| 408|0x0000000099800000, 0x0000000099800000, 0x0000000099900000|  0%| F|  |TAMS 0x0000000099800000, 0x0000000099800000| Untracked 
| 409|0x0000000099900000, 0x0000000099900000, 0x0000000099a00000|  0%| F|  |TAMS 0x0000000099900000, 0x0000000099900000| Untracked 
| 410|0x0000000099a00000, 0x0000000099a00000, 0x0000000099b00000|  0%| F|  |TAMS 0x0000000099a00000, 0x0000000099a00000| Untracked 
| 411|0x0000000099b00000, 0x0000000099b00000, 0x0000000099c00000|  0%| F|  |TAMS 0x0000000099b00000, 0x0000000099b00000| Untracked 
| 412|0x0000000099c00000, 0x0000000099c00000, 0x0000000099d00000|  0%| F|  |TAMS 0x0000000099c00000, 0x0000000099c00000| Untracked 
| 413|0x0000000099d00000, 0x0000000099d00000, 0x0000000099e00000|  0%| F|  |TAMS 0x0000000099d00000, 0x0000000099d00000| Untracked 
| 414|0x0000000099e00000, 0x0000000099e00000, 0x0000000099f00000|  0%| F|  |TAMS 0x0000000099e00000, 0x0000000099e00000| Untracked 
| 415|0x0000000099f00000, 0x0000000099f00000, 0x000000009a000000|  0%| F|  |TAMS 0x0000000099f00000, 0x0000000099f00000| Untracked 
| 416|0x000000009a000000, 0x000000009a000000, 0x000000009a100000|  0%| F|  |TAMS 0x000000009a000000, 0x000000009a000000| Untracked 
| 417|0x000000009a100000, 0x000000009a100000, 0x000000009a200000|  0%| F|  |TAMS 0x000000009a100000, 0x000000009a100000| Untracked 
| 418|0x000000009a200000, 0x000000009a200000, 0x000000009a300000|  0%| F|  |TAMS 0x000000009a200000, 0x000000009a200000| Untracked 
| 419|0x000000009a300000, 0x000000009a300000, 0x000000009a400000|  0%| F|  |TAMS 0x000000009a300000, 0x000000009a300000| Untracked 
| 420|0x000000009a400000, 0x000000009a400000, 0x000000009a500000|  0%| F|  |TAMS 0x000000009a400000, 0x000000009a400000| Untracked 
| 421|0x000000009a500000, 0x000000009a500000, 0x000000009a600000|  0%| F|  |TAMS 0x000000009a500000, 0x000000009a500000| Untracked 
| 422|0x000000009a600000, 0x000000009a600000, 0x000000009a700000|  0%| F|  |TAMS 0x000000009a600000, 0x000000009a600000| Untracked 
| 423|0x000000009a700000, 0x000000009a700000, 0x000000009a800000|  0%| F|  |TAMS 0x000000009a700000, 0x000000009a700000| Untracked 
| 424|0x000000009a800000, 0x000000009a800000, 0x000000009a900000|  0%| F|  |TAMS 0x000000009a800000, 0x000000009a800000| Untracked 
| 425|0x000000009a900000, 0x000000009a900000, 0x000000009aa00000|  0%| F|  |TAMS 0x000000009a900000, 0x000000009a900000| Untracked 
| 426|0x000000009aa00000, 0x000000009aa00000, 0x000000009ab00000|  0%| F|  |TAMS 0x000000009aa00000, 0x000000009aa00000| Untracked 
| 427|0x000000009ab00000, 0x000000009ab00000, 0x000000009ac00000|  0%| F|  |TAMS 0x000000009ab00000, 0x000000009ab00000| Untracked 
| 428|0x000000009ac00000, 0x000000009ac00000, 0x000000009ad00000|  0%| F|  |TAMS 0x000000009ac00000, 0x000000009ac00000| Untracked 
| 429|0x000000009ad00000, 0x000000009ad00000, 0x000000009ae00000|  0%| F|  |TAMS 0x000000009ad00000, 0x000000009ad00000| Untracked 
| 430|0x000000009ae00000, 0x000000009ae00000, 0x000000009af00000|  0%| F|  |TAMS 0x000000009ae00000, 0x000000009ae00000| Untracked 
| 431|0x000000009af00000, 0x000000009af00000, 0x000000009b000000|  0%| F|  |TAMS 0x000000009af00000, 0x000000009af00000| Untracked 
| 432|0x000000009b000000, 0x000000009b000000, 0x000000009b100000|  0%| F|  |TAMS 0x000000009b000000, 0x000000009b000000| Untracked 
| 433|0x000000009b100000, 0x000000009b100000, 0x000000009b200000|  0%| F|  |TAMS 0x000000009b100000, 0x000000009b100000| Untracked 
| 434|0x000000009b200000, 0x000000009b200000, 0x000000009b300000|  0%| F|  |TAMS 0x000000009b200000, 0x000000009b200000| Untracked 
| 435|0x000000009b300000, 0x000000009b300000, 0x000000009b400000|  0%| F|  |TAMS 0x000000009b300000, 0x000000009b300000| Untracked 
| 436|0x000000009b400000, 0x000000009b400000, 0x000000009b500000|  0%| F|  |TAMS 0x000000009b400000, 0x000000009b400000| Untracked 
| 437|0x000000009b500000, 0x000000009b500000, 0x000000009b600000|  0%| F|  |TAMS 0x000000009b500000, 0x000000009b500000| Untracked 
| 438|0x000000009b600000, 0x000000009b600000, 0x000000009b700000|  0%| F|  |TAMS 0x000000009b600000, 0x000000009b600000| Untracked 
| 439|0x000000009b700000, 0x000000009b700000, 0x000000009b800000|  0%| F|  |TAMS 0x000000009b700000, 0x000000009b700000| Untracked 
| 440|0x000000009b800000, 0x000000009b800000, 0x000000009b900000|  0%| F|  |TAMS 0x000000009b800000, 0x000000009b800000| Untracked 
| 441|0x000000009b900000, 0x000000009b900000, 0x000000009ba00000|  0%| F|  |TAMS 0x000000009b900000, 0x000000009b900000| Untracked 
| 442|0x000000009ba00000, 0x000000009ba00000, 0x000000009bb00000|  0%| F|  |TAMS 0x000000009ba00000, 0x000000009ba00000| Untracked 
| 443|0x000000009bb00000, 0x000000009bb00000, 0x000000009bc00000|  0%| F|  |TAMS 0x000000009bb00000, 0x000000009bb00000| Untracked 
| 444|0x000000009bc00000, 0x000000009bc00000, 0x000000009bd00000|  0%| F|  |TAMS 0x000000009bc00000, 0x000000009bc00000| Untracked 
| 445|0x000000009bd00000, 0x000000009bd00000, 0x000000009be00000|  0%| F|  |TAMS 0x000000009bd00000, 0x000000009bd00000| Untracked 
| 446|0x000000009be00000, 0x000000009be00000, 0x000000009bf00000|  0%| F|  |TAMS 0x000000009be00000, 0x000000009be00000| Untracked 
| 447|0x000000009bf00000, 0x000000009bf00000, 0x000000009c000000|  0%| F|  |TAMS 0x000000009bf00000, 0x000000009bf00000| Untracked 
| 448|0x000000009c000000, 0x000000009c000000, 0x000000009c100000|  0%| F|  |TAMS 0x000000009c000000, 0x000000009c000000| Untracked 
| 449|0x000000009c100000, 0x000000009c100000, 0x000000009c200000|  0%| F|  |TAMS 0x000000009c100000, 0x000000009c100000| Untracked 
| 450|0x000000009c200000, 0x000000009c200000, 0x000000009c300000|  0%| F|  |TAMS 0x000000009c200000, 0x000000009c200000| Untracked 
| 451|0x000000009c300000, 0x000000009c300000, 0x000000009c400000|  0%| F|  |TAMS 0x000000009c300000, 0x000000009c300000| Untracked 
| 452|0x000000009c400000, 0x000000009c400000, 0x000000009c500000|  0%| F|  |TAMS 0x000000009c400000, 0x000000009c400000| Untracked 
| 453|0x000000009c500000, 0x000000009c500000, 0x000000009c600000|  0%| F|  |TAMS 0x000000009c500000, 0x000000009c500000| Untracked 
| 454|0x000000009c600000, 0x000000009c600000, 0x000000009c700000|  0%| F|  |TAMS 0x000000009c600000, 0x000000009c600000| Untracked 
| 455|0x000000009c700000, 0x000000009c700000, 0x000000009c800000|  0%| F|  |TAMS 0x000000009c700000, 0x000000009c700000| Untracked 
| 456|0x000000009c800000, 0x000000009c800000, 0x000000009c900000|  0%| F|  |TAMS 0x000000009c800000, 0x000000009c800000| Untracked 
| 457|0x000000009c900000, 0x000000009c900000, 0x000000009ca00000|  0%| F|  |TAMS 0x000000009c900000, 0x000000009c900000| Untracked 
| 458|0x000000009ca00000, 0x000000009ca00000, 0x000000009cb00000|  0%| F|  |TAMS 0x000000009ca00000, 0x000000009ca00000| Untracked 
| 459|0x000000009cb00000, 0x000000009cb00000, 0x000000009cc00000|  0%| F|  |TAMS 0x000000009cb00000, 0x000000009cb00000| Untracked 
| 460|0x000000009cc00000, 0x000000009cc00000, 0x000000009cd00000|  0%| F|  |TAMS 0x000000009cc00000, 0x000000009cc00000| Untracked 
| 461|0x000000009cd00000, 0x000000009cd00000, 0x000000009ce00000|  0%| F|  |TAMS 0x000000009cd00000, 0x000000009cd00000| Untracked 
| 462|0x000000009ce00000, 0x000000009ce00000, 0x000000009cf00000|  0%| F|  |TAMS 0x000000009ce00000, 0x000000009ce00000| Untracked 
| 463|0x000000009cf00000, 0x000000009cf00000, 0x000000009d000000|  0%| F|  |TAMS 0x000000009cf00000, 0x000000009cf00000| Untracked 
| 464|0x000000009d000000, 0x000000009d000000, 0x000000009d100000|  0%| F|  |TAMS 0x000000009d000000, 0x000000009d000000| Untracked 
| 465|0x000000009d100000, 0x000000009d100000, 0x000000009d200000|  0%| F|  |TAMS 0x000000009d100000, 0x000000009d100000| Untracked 
| 466|0x000000009d200000, 0x000000009d200000, 0x000000009d300000|  0%| F|  |TAMS 0x000000009d200000, 0x000000009d200000| Untracked 
| 467|0x000000009d300000, 0x000000009d300000, 0x000000009d400000|  0%| F|  |TAMS 0x000000009d300000, 0x000000009d300000| Untracked 
| 468|0x000000009d400000, 0x000000009d400000, 0x000000009d500000|  0%| F|  |TAMS 0x000000009d400000, 0x000000009d400000| Untracked 
| 469|0x000000009d500000, 0x000000009d500000, 0x000000009d600000|  0%| F|  |TAMS 0x000000009d500000, 0x000000009d500000| Untracked 
| 470|0x000000009d600000, 0x000000009d600000, 0x000000009d700000|  0%| F|  |TAMS 0x000000009d600000, 0x000000009d600000| Untracked 
| 471|0x000000009d700000, 0x000000009d700000, 0x000000009d800000|  0%| F|  |TAMS 0x000000009d700000, 0x000000009d700000| Untracked 
| 472|0x000000009d800000, 0x000000009d800000, 0x000000009d900000|  0%| F|  |TAMS 0x000000009d800000, 0x000000009d800000| Untracked 
| 473|0x000000009d900000, 0x000000009d900000, 0x000000009da00000|  0%| F|  |TAMS 0x000000009d900000, 0x000000009d900000| Untracked 
| 474|0x000000009da00000, 0x000000009da00000, 0x000000009db00000|  0%| F|  |TAMS 0x000000009da00000, 0x000000009da00000| Untracked 
| 475|0x000000009db00000, 0x000000009db00000, 0x000000009dc00000|  0%| F|  |TAMS 0x000000009db00000, 0x000000009db00000| Untracked 
| 476|0x000000009dc00000, 0x000000009dc00000, 0x000000009dd00000|  0%| F|  |TAMS 0x000000009dc00000, 0x000000009dc00000| Untracked 
| 477|0x000000009dd00000, 0x000000009dd00000, 0x000000009de00000|  0%| F|  |TAMS 0x000000009dd00000, 0x000000009dd00000| Untracked 
| 478|0x000000009de00000, 0x000000009de00000, 0x000000009df00000|  0%| F|  |TAMS 0x000000009de00000, 0x000000009de00000| Untracked 
| 479|0x000000009df00000, 0x000000009df00000, 0x000000009e000000|  0%| F|  |TAMS 0x000000009df00000, 0x000000009df00000| Untracked 
| 480|0x000000009e000000, 0x000000009e000000, 0x000000009e100000|  0%| F|  |TAMS 0x000000009e000000, 0x000000009e000000| Untracked 
| 481|0x000000009e100000, 0x000000009e100000, 0x000000009e200000|  0%| F|  |TAMS 0x000000009e100000, 0x000000009e100000| Untracked 
| 482|0x000000009e200000, 0x000000009e200000, 0x000000009e300000|  0%| F|  |TAMS 0x000000009e200000, 0x000000009e200000| Untracked 
| 483|0x000000009e300000, 0x000000009e300000, 0x000000009e400000|  0%| F|  |TAMS 0x000000009e300000, 0x000000009e300000| Untracked 
| 484|0x000000009e400000, 0x000000009e400000, 0x000000009e500000|  0%| F|  |TAMS 0x000000009e400000, 0x000000009e400000| Untracked 
| 485|0x000000009e500000, 0x000000009e500000, 0x000000009e600000|  0%| F|  |TAMS 0x000000009e500000, 0x000000009e500000| Untracked 
| 486|0x000000009e600000, 0x000000009e600000, 0x000000009e700000|  0%| F|  |TAMS 0x000000009e600000, 0x000000009e600000| Untracked 
| 487|0x000000009e700000, 0x000000009e700000, 0x000000009e800000|  0%| F|  |TAMS 0x000000009e700000, 0x000000009e700000| Untracked 
| 488|0x000000009e800000, 0x000000009e800000, 0x000000009e900000|  0%| F|  |TAMS 0x000000009e800000, 0x000000009e800000| Untracked 
| 489|0x000000009e900000, 0x000000009e900000, 0x000000009ea00000|  0%| F|  |TAMS 0x000000009e900000, 0x000000009e900000| Untracked 
| 490|0x000000009ea00000, 0x000000009ea00000, 0x000000009eb00000|  0%| F|  |TAMS 0x000000009ea00000, 0x000000009ea00000| Untracked 
| 491|0x000000009eb00000, 0x000000009eb00000, 0x000000009ec00000|  0%| F|  |TAMS 0x000000009eb00000, 0x000000009eb00000| Untracked 
| 492|0x000000009ec00000, 0x000000009ec00000, 0x000000009ed00000|  0%| F|  |TAMS 0x000000009ec00000, 0x000000009ec00000| Untracked 
| 493|0x000000009ed00000, 0x000000009ed00000, 0x000000009ee00000|  0%| F|  |TAMS 0x000000009ed00000, 0x000000009ed00000| Untracked 
| 494|0x000000009ee00000, 0x000000009ee00000, 0x000000009ef00000|  0%| F|  |TAMS 0x000000009ee00000, 0x000000009ee00000| Untracked 
| 495|0x000000009ef00000, 0x000000009ef00000, 0x000000009f000000|  0%| F|  |TAMS 0x000000009ef00000, 0x000000009ef00000| Untracked 
| 496|0x000000009f000000, 0x000000009f000000, 0x000000009f100000|  0%| F|  |TAMS 0x000000009f000000, 0x000000009f000000| Untracked 
| 497|0x000000009f100000, 0x000000009f100000, 0x000000009f200000|  0%| F|  |TAMS 0x000000009f100000, 0x000000009f100000| Untracked 
| 498|0x000000009f200000, 0x000000009f200000, 0x000000009f300000|  0%| F|  |TAMS 0x000000009f200000, 0x000000009f200000| Untracked 
| 499|0x000000009f300000, 0x000000009f300000, 0x000000009f400000|  0%| F|  |TAMS 0x000000009f300000, 0x000000009f300000| Untracked 
| 500|0x000000009f400000, 0x000000009f400000, 0x000000009f500000|  0%| F|  |TAMS 0x000000009f400000, 0x000000009f400000| Untracked 
| 501|0x000000009f500000, 0x000000009f500000, 0x000000009f600000|  0%| F|  |TAMS 0x000000009f500000, 0x000000009f500000| Untracked 
| 502|0x000000009f600000, 0x000000009f600000, 0x000000009f700000|  0%| F|  |TAMS 0x000000009f600000, 0x000000009f600000| Untracked 
| 503|0x000000009f700000, 0x000000009f700000, 0x000000009f800000|  0%| F|  |TAMS 0x000000009f700000, 0x000000009f700000| Untracked 
| 504|0x000000009f800000, 0x000000009f800000, 0x000000009f900000|  0%| F|  |TAMS 0x000000009f800000, 0x000000009f800000| Untracked 
| 505|0x000000009f900000, 0x000000009f900000, 0x000000009fa00000|  0%| F|  |TAMS 0x000000009f900000, 0x000000009f900000| Untracked 
| 506|0x000000009fa00000, 0x000000009fa00000, 0x000000009fb00000|  0%| F|  |TAMS 0x000000009fa00000, 0x000000009fa00000| Untracked 
| 507|0x000000009fb00000, 0x000000009fb00000, 0x000000009fc00000|  0%| F|  |TAMS 0x000000009fb00000, 0x000000009fb00000| Untracked 
| 508|0x000000009fc00000, 0x000000009fc00000, 0x000000009fd00000|  0%| F|  |TAMS 0x000000009fc00000, 0x000000009fc00000| Untracked 
| 509|0x000000009fd00000, 0x000000009fd00000, 0x000000009fe00000|  0%| F|  |TAMS 0x000000009fd00000, 0x000000009fd00000| Untracked 
| 510|0x000000009fe00000, 0x000000009fe00000, 0x000000009ff00000|  0%| F|  |TAMS 0x000000009fe00000, 0x000000009fe00000| Untracked 
| 511|0x000000009ff00000, 0x000000009ff00000, 0x00000000a0000000|  0%| F|  |TAMS 0x000000009ff00000, 0x000000009ff00000| Untracked 
| 512|0x00000000a0000000, 0x00000000a0000000, 0x00000000a0100000|  0%| F|  |TAMS 0x00000000a0000000, 0x00000000a0000000| Untracked 
| 513|0x00000000a0100000, 0x00000000a0100000, 0x00000000a0200000|  0%| F|  |TAMS 0x00000000a0100000, 0x00000000a0100000| Untracked 
| 514|0x00000000a0200000, 0x00000000a0200000, 0x00000000a0300000|  0%| F|  |TAMS 0x00000000a0200000, 0x00000000a0200000| Untracked 
| 515|0x00000000a0300000, 0x00000000a0300000, 0x00000000a0400000|  0%| F|  |TAMS 0x00000000a0300000, 0x00000000a0300000| Untracked 
| 516|0x00000000a0400000, 0x00000000a0400000, 0x00000000a0500000|  0%| F|  |TAMS 0x00000000a0400000, 0x00000000a0400000| Untracked 
| 517|0x00000000a0500000, 0x00000000a0500000, 0x00000000a0600000|  0%| F|  |TAMS 0x00000000a0500000, 0x00000000a0500000| Untracked 
| 518|0x00000000a0600000, 0x00000000a0600000, 0x00000000a0700000|  0%| F|  |TAMS 0x00000000a0600000, 0x00000000a0600000| Untracked 
| 519|0x00000000a0700000, 0x00000000a0700000, 0x00000000a0800000|  0%| F|  |TAMS 0x00000000a0700000, 0x00000000a0700000| Untracked 
| 520|0x00000000a0800000, 0x00000000a0800000, 0x00000000a0900000|  0%| F|  |TAMS 0x00000000a0800000, 0x00000000a0800000| Untracked 
| 521|0x00000000a0900000, 0x00000000a0900000, 0x00000000a0a00000|  0%| F|  |TAMS 0x00000000a0900000, 0x00000000a0900000| Untracked 
| 522|0x00000000a0a00000, 0x00000000a0a00000, 0x00000000a0b00000|  0%| F|  |TAMS 0x00000000a0a00000, 0x00000000a0a00000| Untracked 
| 523|0x00000000a0b00000, 0x00000000a0b00000, 0x00000000a0c00000|  0%| F|  |TAMS 0x00000000a0b00000, 0x00000000a0b00000| Untracked 
| 524|0x00000000a0c00000, 0x00000000a0c00000, 0x00000000a0d00000|  0%| F|  |TAMS 0x00000000a0c00000, 0x00000000a0c00000| Untracked 
| 525|0x00000000a0d00000, 0x00000000a0d00000, 0x00000000a0e00000|  0%| F|  |TAMS 0x00000000a0d00000, 0x00000000a0d00000| Untracked 
| 526|0x00000000a0e00000, 0x00000000a0e00000, 0x00000000a0f00000|  0%| F|  |TAMS 0x00000000a0e00000, 0x00000000a0e00000| Untracked 
| 527|0x00000000a0f00000, 0x00000000a0f00000, 0x00000000a1000000|  0%| F|  |TAMS 0x00000000a0f00000, 0x00000000a0f00000| Untracked 
| 528|0x00000000a1000000, 0x00000000a1000000, 0x00000000a1100000|  0%| F|  |TAMS 0x00000000a1000000, 0x00000000a1000000| Untracked 
| 529|0x00000000a1100000, 0x00000000a1100000, 0x00000000a1200000|  0%| F|  |TAMS 0x00000000a1100000, 0x00000000a1100000| Untracked 
| 530|0x00000000a1200000, 0x00000000a1200000, 0x00000000a1300000|  0%| F|  |TAMS 0x00000000a1200000, 0x00000000a1200000| Untracked 
| 531|0x00000000a1300000, 0x00000000a1300000, 0x00000000a1400000|  0%| F|  |TAMS 0x00000000a1300000, 0x00000000a1300000| Untracked 
| 532|0x00000000a1400000, 0x00000000a1400000, 0x00000000a1500000|  0%| F|  |TAMS 0x00000000a1400000, 0x00000000a1400000| Untracked 
| 533|0x00000000a1500000, 0x00000000a1500000, 0x00000000a1600000|  0%| F|  |TAMS 0x00000000a1500000, 0x00000000a1500000| Untracked 
| 534|0x00000000a1600000, 0x00000000a1600000, 0x00000000a1700000|  0%| F|  |TAMS 0x00000000a1600000, 0x00000000a1600000| Untracked 
| 535|0x00000000a1700000, 0x00000000a1700000, 0x00000000a1800000|  0%| F|  |TAMS 0x00000000a1700000, 0x00000000a1700000| Untracked 
| 536|0x00000000a1800000, 0x00000000a1800000, 0x00000000a1900000|  0%| F|  |TAMS 0x00000000a1800000, 0x00000000a1800000| Untracked 
| 537|0x00000000a1900000, 0x00000000a1900000, 0x00000000a1a00000|  0%| F|  |TAMS 0x00000000a1900000, 0x00000000a1900000| Untracked 
| 538|0x00000000a1a00000, 0x00000000a1a00000, 0x00000000a1b00000|  0%| F|  |TAMS 0x00000000a1a00000, 0x00000000a1a00000| Untracked 
| 539|0x00000000a1b00000, 0x00000000a1b00000, 0x00000000a1c00000|  0%| F|  |TAMS 0x00000000a1b00000, 0x00000000a1b00000| Untracked 
| 540|0x00000000a1c00000, 0x00000000a1c00000, 0x00000000a1d00000|  0%| F|  |TAMS 0x00000000a1c00000, 0x00000000a1c00000| Untracked 
| 541|0x00000000a1d00000, 0x00000000a1d00000, 0x00000000a1e00000|  0%| F|  |TAMS 0x00000000a1d00000, 0x00000000a1d00000| Untracked 
| 542|0x00000000a1e00000, 0x00000000a1e00000, 0x00000000a1f00000|  0%| F|  |TAMS 0x00000000a1e00000, 0x00000000a1e00000| Untracked 
| 543|0x00000000a1f00000, 0x00000000a1f00000, 0x00000000a2000000|  0%| F|  |TAMS 0x00000000a1f00000, 0x00000000a1f00000| Untracked 
| 544|0x00000000a2000000, 0x00000000a2000000, 0x00000000a2100000|  0%| F|  |TAMS 0x00000000a2000000, 0x00000000a2000000| Untracked 
| 545|0x00000000a2100000, 0x00000000a2100000, 0x00000000a2200000|  0%| F|  |TAMS 0x00000000a2100000, 0x00000000a2100000| Untracked 
| 546|0x00000000a2200000, 0x00000000a2200000, 0x00000000a2300000|  0%| F|  |TAMS 0x00000000a2200000, 0x00000000a2200000| Untracked 
| 547|0x00000000a2300000, 0x00000000a2300000, 0x00000000a2400000|  0%| F|  |TAMS 0x00000000a2300000, 0x00000000a2300000| Untracked 
| 548|0x00000000a2400000, 0x00000000a2400000, 0x00000000a2500000|  0%| F|  |TAMS 0x00000000a2400000, 0x00000000a2400000| Untracked 
| 549|0x00000000a2500000, 0x00000000a2500000, 0x00000000a2600000|  0%| F|  |TAMS 0x00000000a2500000, 0x00000000a2500000| Untracked 
| 550|0x00000000a2600000, 0x00000000a2600000, 0x00000000a2700000|  0%| F|  |TAMS 0x00000000a2600000, 0x00000000a2600000| Untracked 
| 551|0x00000000a2700000, 0x00000000a2700000, 0x00000000a2800000|  0%| F|  |TAMS 0x00000000a2700000, 0x00000000a2700000| Untracked 
| 552|0x00000000a2800000, 0x00000000a2800000, 0x00000000a2900000|  0%| F|  |TAMS 0x00000000a2800000, 0x00000000a2800000| Untracked 
| 553|0x00000000a2900000, 0x00000000a2900000, 0x00000000a2a00000|  0%| F|  |TAMS 0x00000000a2900000, 0x00000000a2900000| Untracked 
| 554|0x00000000a2a00000, 0x00000000a2a00000, 0x00000000a2b00000|  0%| F|  |TAMS 0x00000000a2a00000, 0x00000000a2a00000| Untracked 
| 555|0x00000000a2b00000, 0x00000000a2b00000, 0x00000000a2c00000|  0%| F|  |TAMS 0x00000000a2b00000, 0x00000000a2b00000| Untracked 
| 556|0x00000000a2c00000, 0x00000000a2c00000, 0x00000000a2d00000|  0%| F|  |TAMS 0x00000000a2c00000, 0x00000000a2c00000| Untracked 
| 557|0x00000000a2d00000, 0x00000000a2d00000, 0x00000000a2e00000|  0%| F|  |TAMS 0x00000000a2d00000, 0x00000000a2d00000| Untracked 
| 558|0x00000000a2e00000, 0x00000000a2e00000, 0x00000000a2f00000|  0%| F|  |TAMS 0x00000000a2e00000, 0x00000000a2e00000| Untracked 
| 559|0x00000000a2f00000, 0x00000000a2f00000, 0x00000000a3000000|  0%| F|  |TAMS 0x00000000a2f00000, 0x00000000a2f00000| Untracked 
| 560|0x00000000a3000000, 0x00000000a3000000, 0x00000000a3100000|  0%| F|  |TAMS 0x00000000a3000000, 0x00000000a3000000| Untracked 
| 561|0x00000000a3100000, 0x00000000a3100000, 0x00000000a3200000|  0%| F|  |TAMS 0x00000000a3100000, 0x00000000a3100000| Untracked 
| 562|0x00000000a3200000, 0x00000000a3200000, 0x00000000a3300000|  0%| F|  |TAMS 0x00000000a3200000, 0x00000000a3200000| Untracked 
| 563|0x00000000a3300000, 0x00000000a3300000, 0x00000000a3400000|  0%| F|  |TAMS 0x00000000a3300000, 0x00000000a3300000| Untracked 
| 564|0x00000000a3400000, 0x00000000a3400000, 0x00000000a3500000|  0%| F|  |TAMS 0x00000000a3400000, 0x00000000a3400000| Untracked 
| 565|0x00000000a3500000, 0x00000000a3500000, 0x00000000a3600000|  0%| F|  |TAMS 0x00000000a3500000, 0x00000000a3500000| Untracked 
| 566|0x00000000a3600000, 0x00000000a3600000, 0x00000000a3700000|  0%| F|  |TAMS 0x00000000a3600000, 0x00000000a3600000| Untracked 
| 567|0x00000000a3700000, 0x00000000a3700000, 0x00000000a3800000|  0%| F|  |TAMS 0x00000000a3700000, 0x00000000a3700000| Untracked 
| 568|0x00000000a3800000, 0x00000000a3800000, 0x00000000a3900000|  0%| F|  |TAMS 0x00000000a3800000, 0x00000000a3800000| Untracked 
| 569|0x00000000a3900000, 0x00000000a3900000, 0x00000000a3a00000|  0%| F|  |TAMS 0x00000000a3900000, 0x00000000a3900000| Untracked 
| 570|0x00000000a3a00000, 0x00000000a3a00000, 0x00000000a3b00000|  0%| F|  |TAMS 0x00000000a3a00000, 0x00000000a3a00000| Untracked 
| 571|0x00000000a3b00000, 0x00000000a3b00000, 0x00000000a3c00000|  0%| F|  |TAMS 0x00000000a3b00000, 0x00000000a3b00000| Untracked 
| 572|0x00000000a3c00000, 0x00000000a3c00000, 0x00000000a3d00000|  0%| F|  |TAMS 0x00000000a3c00000, 0x00000000a3c00000| Untracked 
| 573|0x00000000a3d00000, 0x00000000a3d00000, 0x00000000a3e00000|  0%| F|  |TAMS 0x00000000a3d00000, 0x00000000a3d00000| Untracked 
| 574|0x00000000a3e00000, 0x00000000a3e00000, 0x00000000a3f00000|  0%| F|  |TAMS 0x00000000a3e00000, 0x00000000a3e00000| Untracked 
| 575|0x00000000a3f00000, 0x00000000a3f00000, 0x00000000a4000000|  0%| F|  |TAMS 0x00000000a3f00000, 0x00000000a3f00000| Untracked 
| 576|0x00000000a4000000, 0x00000000a4000000, 0x00000000a4100000|  0%| F|  |TAMS 0x00000000a4000000, 0x00000000a4000000| Untracked 
| 577|0x00000000a4100000, 0x00000000a4100000, 0x00000000a4200000|  0%| F|  |TAMS 0x00000000a4100000, 0x00000000a4100000| Untracked 
| 578|0x00000000a4200000, 0x00000000a4200000, 0x00000000a4300000|  0%| F|  |TAMS 0x00000000a4200000, 0x00000000a4200000| Untracked 
| 579|0x00000000a4300000, 0x00000000a4300000, 0x00000000a4400000|  0%| F|  |TAMS 0x00000000a4300000, 0x00000000a4300000| Untracked 
| 580|0x00000000a4400000, 0x00000000a4400000, 0x00000000a4500000|  0%| F|  |TAMS 0x00000000a4400000, 0x00000000a4400000| Untracked 
| 581|0x00000000a4500000, 0x00000000a4500000, 0x00000000a4600000|  0%| F|  |TAMS 0x00000000a4500000, 0x00000000a4500000| Untracked 
| 582|0x00000000a4600000, 0x00000000a4600000, 0x00000000a4700000|  0%| F|  |TAMS 0x00000000a4600000, 0x00000000a4600000| Untracked 
| 583|0x00000000a4700000, 0x00000000a4700000, 0x00000000a4800000|  0%| F|  |TAMS 0x00000000a4700000, 0x00000000a4700000| Untracked 
| 584|0x00000000a4800000, 0x00000000a4800000, 0x00000000a4900000|  0%| F|  |TAMS 0x00000000a4800000, 0x00000000a4800000| Untracked 
| 585|0x00000000a4900000, 0x00000000a4900000, 0x00000000a4a00000|  0%| F|  |TAMS 0x00000000a4900000, 0x00000000a4900000| Untracked 
| 586|0x00000000a4a00000, 0x00000000a4a00000, 0x00000000a4b00000|  0%| F|  |TAMS 0x00000000a4a00000, 0x00000000a4a00000| Untracked 
| 587|0x00000000a4b00000, 0x00000000a4b00000, 0x00000000a4c00000|  0%| F|  |TAMS 0x00000000a4b00000, 0x00000000a4b00000| Untracked 
| 588|0x00000000a4c00000, 0x00000000a4c00000, 0x00000000a4d00000|  0%| F|  |TAMS 0x00000000a4c00000, 0x00000000a4c00000| Untracked 
| 589|0x00000000a4d00000, 0x00000000a4d00000, 0x00000000a4e00000|  0%| F|  |TAMS 0x00000000a4d00000, 0x00000000a4d00000| Untracked 
| 590|0x00000000a4e00000, 0x00000000a4e00000, 0x00000000a4f00000|  0%| F|  |TAMS 0x00000000a4e00000, 0x00000000a4e00000| Untracked 
| 591|0x00000000a4f00000, 0x00000000a4f00000, 0x00000000a5000000|  0%| F|  |TAMS 0x00000000a4f00000, 0x00000000a4f00000| Untracked 
| 592|0x00000000a5000000, 0x00000000a5000000, 0x00000000a5100000|  0%| F|  |TAMS 0x00000000a5000000, 0x00000000a5000000| Untracked 
| 593|0x00000000a5100000, 0x00000000a5100000, 0x00000000a5200000|  0%| F|  |TAMS 0x00000000a5100000, 0x00000000a5100000| Untracked 
| 594|0x00000000a5200000, 0x00000000a5200000, 0x00000000a5300000|  0%| F|  |TAMS 0x00000000a5200000, 0x00000000a5200000| Untracked 
| 595|0x00000000a5300000, 0x00000000a5300000, 0x00000000a5400000|  0%| F|  |TAMS 0x00000000a5300000, 0x00000000a5300000| Untracked 
| 596|0x00000000a5400000, 0x00000000a5400000, 0x00000000a5500000|  0%| F|  |TAMS 0x00000000a5400000, 0x00000000a5400000| Untracked 
| 597|0x00000000a5500000, 0x00000000a5500000, 0x00000000a5600000|  0%| F|  |TAMS 0x00000000a5500000, 0x00000000a5500000| Untracked 
| 598|0x00000000a5600000, 0x00000000a5600000, 0x00000000a5700000|  0%| F|  |TAMS 0x00000000a5600000, 0x00000000a5600000| Untracked 
| 599|0x00000000a5700000, 0x00000000a5700000, 0x00000000a5800000|  0%| F|  |TAMS 0x00000000a5700000, 0x00000000a5700000| Untracked 
| 600|0x00000000a5800000, 0x00000000a5800000, 0x00000000a5900000|  0%| F|  |TAMS 0x00000000a5800000, 0x00000000a5800000| Untracked 
| 601|0x00000000a5900000, 0x00000000a5900000, 0x00000000a5a00000|  0%| F|  |TAMS 0x00000000a5900000, 0x00000000a5900000| Untracked 
| 602|0x00000000a5a00000, 0x00000000a5a00000, 0x00000000a5b00000|  0%| F|  |TAMS 0x00000000a5a00000, 0x00000000a5a00000| Untracked 
| 603|0x00000000a5b00000, 0x00000000a5b00000, 0x00000000a5c00000|  0%| F|  |TAMS 0x00000000a5b00000, 0x00000000a5b00000| Untracked 
| 604|0x00000000a5c00000, 0x00000000a5c00000, 0x00000000a5d00000|  0%| F|  |TAMS 0x00000000a5c00000, 0x00000000a5c00000| Untracked 
| 605|0x00000000a5d00000, 0x00000000a5d00000, 0x00000000a5e00000|  0%| F|  |TAMS 0x00000000a5d00000, 0x00000000a5d00000| Untracked 
| 606|0x00000000a5e00000, 0x00000000a5e00000, 0x00000000a5f00000|  0%| F|  |TAMS 0x00000000a5e00000, 0x00000000a5e00000| Untracked 
| 607|0x00000000a5f00000, 0x00000000a5f00000, 0x00000000a6000000|  0%| F|  |TAMS 0x00000000a5f00000, 0x00000000a5f00000| Untracked 
| 608|0x00000000a6000000, 0x00000000a6000000, 0x00000000a6100000|  0%| F|  |TAMS 0x00000000a6000000, 0x00000000a6000000| Untracked 
| 609|0x00000000a6100000, 0x00000000a6100000, 0x00000000a6200000|  0%| F|  |TAMS 0x00000000a6100000, 0x00000000a6100000| Untracked 
| 610|0x00000000a6200000, 0x00000000a6200000, 0x00000000a6300000|  0%| F|  |TAMS 0x00000000a6200000, 0x00000000a6200000| Untracked 
| 611|0x00000000a6300000, 0x00000000a6300000, 0x00000000a6400000|  0%| F|  |TAMS 0x00000000a6300000, 0x00000000a6300000| Untracked 
| 612|0x00000000a6400000, 0x00000000a6400000, 0x00000000a6500000|  0%| F|  |TAMS 0x00000000a6400000, 0x00000000a6400000| Untracked 
| 613|0x00000000a6500000, 0x00000000a6500000, 0x00000000a6600000|  0%| F|  |TAMS 0x00000000a6500000, 0x00000000a6500000| Untracked 
| 614|0x00000000a6600000, 0x00000000a6600000, 0x00000000a6700000|  0%| F|  |TAMS 0x00000000a6600000, 0x00000000a6600000| Untracked 
| 615|0x00000000a6700000, 0x00000000a6700000, 0x00000000a6800000|  0%| F|  |TAMS 0x00000000a6700000, 0x00000000a6700000| Untracked 
| 616|0x00000000a6800000, 0x00000000a6800000, 0x00000000a6900000|  0%| F|  |TAMS 0x00000000a6800000, 0x00000000a6800000| Untracked 
| 617|0x00000000a6900000, 0x00000000a6900000, 0x00000000a6a00000|  0%| F|  |TAMS 0x00000000a6900000, 0x00000000a6900000| Untracked 
| 618|0x00000000a6a00000, 0x00000000a6a00000, 0x00000000a6b00000|  0%| F|  |TAMS 0x00000000a6a00000, 0x00000000a6a00000| Untracked 
| 619|0x00000000a6b00000, 0x00000000a6b00000, 0x00000000a6c00000|  0%| F|  |TAMS 0x00000000a6b00000, 0x00000000a6b00000| Untracked 
| 620|0x00000000a6c00000, 0x00000000a6c00000, 0x00000000a6d00000|  0%| F|  |TAMS 0x00000000a6c00000, 0x00000000a6c00000| Untracked 
| 621|0x00000000a6d00000, 0x00000000a6d00000, 0x00000000a6e00000|  0%| F|  |TAMS 0x00000000a6d00000, 0x00000000a6d00000| Untracked 
| 622|0x00000000a6e00000, 0x00000000a6e00000, 0x00000000a6f00000|  0%| F|  |TAMS 0x00000000a6e00000, 0x00000000a6e00000| Untracked 
| 623|0x00000000a6f00000, 0x00000000a6f00000, 0x00000000a7000000|  0%| F|  |TAMS 0x00000000a6f00000, 0x00000000a6f00000| Untracked 
| 624|0x00000000a7000000, 0x00000000a7000000, 0x00000000a7100000|  0%| F|  |TAMS 0x00000000a7000000, 0x00000000a7000000| Untracked 
| 625|0x00000000a7100000, 0x00000000a7100000, 0x00000000a7200000|  0%| F|  |TAMS 0x00000000a7100000, 0x00000000a7100000| Untracked 
| 626|0x00000000a7200000, 0x00000000a7200000, 0x00000000a7300000|  0%| F|  |TAMS 0x00000000a7200000, 0x00000000a7200000| Untracked 
| 627|0x00000000a7300000, 0x00000000a7300000, 0x00000000a7400000|  0%| F|  |TAMS 0x00000000a7300000, 0x00000000a7300000| Untracked 
| 628|0x00000000a7400000, 0x00000000a7400000, 0x00000000a7500000|  0%| F|  |TAMS 0x00000000a7400000, 0x00000000a7400000| Untracked 
| 629|0x00000000a7500000, 0x00000000a7500000, 0x00000000a7600000|  0%| F|  |TAMS 0x00000000a7500000, 0x00000000a7500000| Untracked 
| 630|0x00000000a7600000, 0x00000000a7600000, 0x00000000a7700000|  0%| F|  |TAMS 0x00000000a7600000, 0x00000000a7600000| Untracked 
| 631|0x00000000a7700000, 0x00000000a7700000, 0x00000000a7800000|  0%| F|  |TAMS 0x00000000a7700000, 0x00000000a7700000| Untracked 
| 632|0x00000000a7800000, 0x00000000a7800000, 0x00000000a7900000|  0%| F|  |TAMS 0x00000000a7800000, 0x00000000a7800000| Untracked 
| 633|0x00000000a7900000, 0x00000000a7900000, 0x00000000a7a00000|  0%| F|  |TAMS 0x00000000a7900000, 0x00000000a7900000| Untracked 
| 634|0x00000000a7a00000, 0x00000000a7a00000, 0x00000000a7b00000|  0%| F|  |TAMS 0x00000000a7a00000, 0x00000000a7a00000| Untracked 
| 635|0x00000000a7b00000, 0x00000000a7b00000, 0x00000000a7c00000|  0%| F|  |TAMS 0x00000000a7b00000, 0x00000000a7b00000| Untracked 
| 636|0x00000000a7c00000, 0x00000000a7c00000, 0x00000000a7d00000|  0%| F|  |TAMS 0x00000000a7c00000, 0x00000000a7c00000| Untracked 
| 637|0x00000000a7d00000, 0x00000000a7d00000, 0x00000000a7e00000|  0%| F|  |TAMS 0x00000000a7d00000, 0x00000000a7d00000| Untracked 
| 638|0x00000000a7e00000, 0x00000000a7e00000, 0x00000000a7f00000|  0%| F|  |TAMS 0x00000000a7e00000, 0x00000000a7e00000| Untracked 
| 639|0x00000000a7f00000, 0x00000000a7f00000, 0x00000000a8000000|  0%| F|  |TAMS 0x00000000a7f00000, 0x00000000a7f00000| Untracked 
| 640|0x00000000a8000000, 0x00000000a8000000, 0x00000000a8100000|  0%| F|  |TAMS 0x00000000a8000000, 0x00000000a8000000| Untracked 
| 641|0x00000000a8100000, 0x00000000a8100000, 0x00000000a8200000|  0%| F|  |TAMS 0x00000000a8100000, 0x00000000a8100000| Untracked 
| 642|0x00000000a8200000, 0x00000000a82ef420, 0x00000000a8300000| 93%| E|  |TAMS 0x00000000a8200000, 0x00000000a8200000| Complete 
| 643|0x00000000a8300000, 0x00000000a8400000, 0x00000000a8400000|100%| E|CS|TAMS 0x00000000a8300000, 0x00000000a8300000| Complete 
| 644|0x00000000a8400000, 0x00000000a8500000, 0x00000000a8500000|100%| E|CS|TAMS 0x00000000a8400000, 0x00000000a8400000| Complete 
| 645|0x00000000a8500000, 0x00000000a8600000, 0x00000000a8600000|100%| E|CS|TAMS 0x00000000a8500000, 0x00000000a8500000| Complete 
| 646|0x00000000a8600000, 0x00000000a8700000, 0x00000000a8700000|100%| E|CS|TAMS 0x00000000a8600000, 0x00000000a8600000| Complete 
| 647|0x00000000a8700000, 0x00000000a8800000, 0x00000000a8800000|100%| E|CS|TAMS 0x00000000a8700000, 0x00000000a8700000| Complete 
| 648|0x00000000a8800000, 0x00000000a8900000, 0x00000000a8900000|100%| E|CS|TAMS 0x00000000a8800000, 0x00000000a8800000| Complete 
| 649|0x00000000a8900000, 0x00000000a8a00000, 0x00000000a8a00000|100%| E|CS|TAMS 0x00000000a8900000, 0x00000000a8900000| Complete 
| 650|0x00000000a8a00000, 0x00000000a8b00000, 0x00000000a8b00000|100%| E|CS|TAMS 0x00000000a8a00000, 0x00000000a8a00000| Complete 
| 651|0x00000000a8b00000, 0x00000000a8c00000, 0x00000000a8c00000|100%| E|CS|TAMS 0x00000000a8b00000, 0x00000000a8b00000| Complete 
| 652|0x00000000a8c00000, 0x00000000a8d00000, 0x00000000a8d00000|100%| E|CS|TAMS 0x00000000a8c00000, 0x00000000a8c00000| Complete 
| 653|0x00000000a8d00000, 0x00000000a8e00000, 0x00000000a8e00000|100%| E|CS|TAMS 0x00000000a8d00000, 0x00000000a8d00000| Complete 
| 654|0x00000000a8e00000, 0x00000000a8f00000, 0x00000000a8f00000|100%| E|CS|TAMS 0x00000000a8e00000, 0x00000000a8e00000| Complete 
| 655|0x00000000a8f00000, 0x00000000a9000000, 0x00000000a9000000|100%| E|CS|TAMS 0x00000000a8f00000, 0x00000000a8f00000| Complete 
| 656|0x00000000a9000000, 0x00000000a9100000, 0x00000000a9100000|100%| E|CS|TAMS 0x00000000a9000000, 0x00000000a9000000| Complete 
| 657|0x00000000a9100000, 0x00000000a9200000, 0x00000000a9200000|100%| E|CS|TAMS 0x00000000a9100000, 0x00000000a9100000| Complete 
| 658|0x00000000a9200000, 0x00000000a9300000, 0x00000000a9300000|100%| E|CS|TAMS 0x00000000a9200000, 0x00000000a9200000| Complete 
| 659|0x00000000a9300000, 0x00000000a9400000, 0x00000000a9400000|100%| E|CS|TAMS 0x00000000a9300000, 0x00000000a9300000| Complete 
| 660|0x00000000a9400000, 0x00000000a9500000, 0x00000000a9500000|100%| E|CS|TAMS 0x00000000a9400000, 0x00000000a9400000| Complete 
| 661|0x00000000a9500000, 0x00000000a9600000, 0x00000000a9600000|100%| E|CS|TAMS 0x00000000a9500000, 0x00000000a9500000| Complete 
|1085|0x00000000c3d00000, 0x00000000c3e00000, 0x00000000c3e00000|100%| E|CS|TAMS 0x00000000c3d00000, 0x00000000c3d00000| Complete 
|1086|0x00000000c3e00000, 0x00000000c3f00000, 0x00000000c3f00000|100%| E|CS|TAMS 0x00000000c3e00000, 0x00000000c3e00000| Complete 
|1087|0x00000000c3f00000, 0x00000000c4000000, 0x00000000c4000000|100%| E|CS|TAMS 0x00000000c3f00000, 0x00000000c3f00000| Complete 
|1088|0x00000000c4000000, 0x00000000c4100000, 0x00000000c4100000|100%| E|CS|TAMS 0x00000000c4000000, 0x00000000c4000000| Complete 
|1089|0x00000000c4100000, 0x00000000c4200000, 0x00000000c4200000|100%| E|CS|TAMS 0x00000000c4100000, 0x00000000c4100000| Complete 
|1090|0x00000000c4200000, 0x00000000c4300000, 0x00000000c4300000|100%| E|CS|TAMS 0x00000000c4200000, 0x00000000c4200000| Complete 
|1091|0x00000000c4300000, 0x00000000c4400000, 0x00000000c4400000|100%| E|CS|TAMS 0x00000000c4300000, 0x00000000c4300000| Complete 
|1092|0x00000000c4400000, 0x00000000c4500000, 0x00000000c4500000|100%| E|CS|TAMS 0x00000000c4400000, 0x00000000c4400000| Complete 
|1093|0x00000000c4500000, 0x00000000c4600000, 0x00000000c4600000|100%| E|CS|TAMS 0x00000000c4500000, 0x00000000c4500000| Complete 
|1094|0x00000000c4600000, 0x00000000c4700000, 0x00000000c4700000|100%| E|CS|TAMS 0x00000000c4600000, 0x00000000c4600000| Complete 
|1095|0x00000000c4700000, 0x00000000c4800000, 0x00000000c4800000|100%| E|CS|TAMS 0x00000000c4700000, 0x00000000c4700000| Complete 
|1096|0x00000000c4800000, 0x00000000c4900000, 0x00000000c4900000|100%| E|CS|TAMS 0x00000000c4800000, 0x00000000c4800000| Complete 
|1097|0x00000000c4900000, 0x00000000c4a00000, 0x00000000c4a00000|100%| E|CS|TAMS 0x00000000c4900000, 0x00000000c4900000| Complete 
|1098|0x00000000c4a00000, 0x00000000c4b00000, 0x00000000c4b00000|100%| E|CS|TAMS 0x00000000c4a00000, 0x00000000c4a00000| Complete 
|1099|0x00000000c4b00000, 0x00000000c4c00000, 0x00000000c4c00000|100%| E|CS|TAMS 0x00000000c4b00000, 0x00000000c4b00000| Complete 
|1100|0x00000000c4c00000, 0x00000000c4d00000, 0x00000000c4d00000|100%| E|CS|TAMS 0x00000000c4c00000, 0x00000000c4c00000| Complete 
|2046|0x00000000ffe00000, 0x00000000fff00000, 0x00000000fff00000|100%| E|CS|TAMS 0x00000000ffe00000, 0x00000000ffe00000| Complete 
|2047|0x00000000fff00000, 0x0000000100000000, 0x0000000100000000|100%| O|  |TAMS 0x0000000100000000, 0x00000000fff00000| Untracked 

Card table byte_map: [0x000002457b670000,0x000002457ba70000] _byte_map_base: 0x000002457b270000

Marking Bits (Prev, Next): (CMBitMap*) 0x00000245778aaf40, (CMBitMap*) 0x00000245778aaf00
 Prev Bits: [0x000002457de70000, 0x000002457fe70000)
 Next Bits: [0x000002457be70000, 0x000002457de70000)

Polling page: 0x0000024576fb0000

Metaspace:

Usage:
  Non-class:     98.97 MB used.
      Class:     16.15 MB used.
       Both:    115.12 MB used.

Virtual space:
  Non-class space:      128.00 MB reserved,      99.44 MB ( 78%) committed,  2 nodes.
      Class space:        1.00 GB reserved,      16.56 MB (  2%) committed,  1 nodes.
             Both:        1.12 GB reserved,     116.00 MB ( 10%) committed. 

Chunk freelists:
   Non-Class:  12.39 MB
       Class:  15.41 MB
        Both:  27.80 MB

MaxMetaspaceSize: unlimited
CompressedClassSpaceSize: 1.00 GB
Initial GC threshold: 21.00 MB
Current GC threshold: 192.62 MB
CDS: off
MetaspaceReclaimPolicy: balanced
 - commit_granule_bytes: 65536.
 - commit_granule_words: 8192.
 - virtual_space_node_default_size: 8388608.
 - enlarge_chunks_in_place: 1.
 - new_chunks_are_fully_committed: 0.
 - uncommit_free_chunks: 1.
 - use_allocation_guard: 0.
 - handle_deallocations: 1.


Internal statistics:

num_allocs_failed_limit: 9.
num_arena_births: 1384.
num_arena_deaths: 8.
num_vsnodes_births: 3.
num_vsnodes_deaths: 0.
num_space_committed: 1856.
num_space_uncommitted: 0.
num_chunks_returned_to_freelist: 21.
num_chunks_taken_from_freelist: 6097.
num_chunk_merges: 12.
num_chunk_splits: 3986.
num_chunks_enlarged: 2567.
num_inconsistent_stats: 0.

CodeHeap 'non-profiled nmethods': size=120000Kb used=8343Kb max_used=8343Kb free=111656Kb
 bounds [0x0000024507ad0000, 0x0000024508300000, 0x000002450f000000]
CodeHeap 'profiled nmethods': size=120000Kb used=26054Kb max_used=26054Kb free=93945Kb
 bounds [0x0000024500000000, 0x0000024501980000, 0x0000024507530000]
CodeHeap 'non-nmethods': size=5760Kb used=1747Kb max_used=1799Kb free=4013Kb
 bounds [0x0000024507530000, 0x00000245077a0000, 0x0000024507ad0000]
 total_blobs=13972 nmethods=13125 adapters=759
 compilation: enabled
              stopped_count=0, restarted_count=0
 full_count=0

Compilation events (20 events):
Event: 12.543 Thread 0x000002451649fe20 nmethod 15421 0x00000245082eff90 code [0x00000245082f0120, 0x00000245082f0618]
Event: 12.543 Thread 0x000002451649fe20 15313       4       com.android.tools.r8.graph.r2::<init> (57 bytes)
Event: 12.545 Thread 0x00000245160b3c60 nmethod 15448 0x0000024501961e10 code [0x0000024501962320, 0x0000024501964a68]
Event: 12.545 Thread 0x000002451649fe20 nmethod 15313 0x00000245082f0a10 code [0x00000245082f0b80, 0x00000245082f0db8]
Event: 12.545 Thread 0x000002451649fe20 15449       4       com.android.tools.r8.internal.kd::a (157 bytes)
Event: 12.551 Thread 0x00000245160b3c60 15451       2       com.android.tools.r8.graph.D2::get (2 bytes)
Event: 12.551 Thread 0x00000245160b3c60 nmethod 15451 0x0000024501965810 code [0x00000245019659a0, 0x0000024501965ab8]
Event: 12.551 Thread 0x00000245160b3c60 15452       2       com.android.tools.r8.synthesis.I$$Lambda$2629/0x000000010107ad70::accept (16 bytes)
Event: 12.552 Thread 0x00000245160b3c60 nmethod 15452 0x0000024501965b90 code [0x0000024501965d20, 0x0000024501965e88]
Event: 12.552 Thread 0x00000245160b3c60 15453       2       com.android.tools.r8.graph.D2::l2 (16 bytes)
Event: 12.552 Thread 0x00000245160b3c60 nmethod 15453 0x0000024501965f90 code [0x0000024501966120, 0x0000024501966258]
Event: 12.552 Thread 0x00000245160b3c60 15455       2       com.android.tools.r8.synthesis.K::b (251 bytes)
Event: 12.553 Thread 0x00000245160b3c60 nmethod 15455 0x0000024501966310 code [0x00000245019665e0, 0x0000024501967008]
Event: 12.553 Thread 0x00000245160b3c60 15454       2       com.android.tools.r8.synthesis.I::a (54 bytes)
Event: 12.554 Thread 0x00000245160b3c60 nmethod 15454 0x0000024501967810 code [0x00000245019679c0, 0x0000024501967b18]
Event: 12.556 Thread 0x000002451649fe20 nmethod 15449 0x00000245082f0e90 code [0x00000245082f1040, 0x00000245082f1b18]
Event: 12.556 Thread 0x000002451649fe20 15387       4       com.android.tools.r8.graph.e4::d (48 bytes)
Event: 12.561 Thread 0x000002451649fe20 nmethod 15387 0x00000245082f2010 code [0x00000245082f21a0, 0x00000245082f24b8]
Event: 12.561 Thread 0x000002451649fe20 15385       4       com.android.tools.r8.graph.F3::c (227 bytes)
Event: 12.639 Thread 0x00000245160b3c60 15460       2       com.android.tools.r8.graph.o3::d (19 bytes)

GC Heap History (20 events):
Event: 10.310 GC heap before
{Heap before GC invocations=44 (full 0):
 garbage-first heap   total 206848K, used 169047K [0x0000000080000000, 0x0000000100000000)
  region size 1024K, 56 young (57344K), 1 survivors (1024K)
 Metaspace       used 105610K, committed 106368K, reserved 1179648K
  class space    used 14709K, committed 15104K, reserved 1048576K
}
Event: 10.313 GC heap after
{Heap after GC invocations=45 (full 0):
 garbage-first heap   total 536576K, used 113982K [0x0000000080000000, 0x0000000100000000)
  region size 1024K, 2 young (2048K), 2 survivors (2048K)
 Metaspace       used 105610K, committed 106368K, reserved 1179648K
  class space    used 14709K, committed 15104K, reserved 1048576K
}
Event: 10.553 GC heap before
{Heap before GC invocations=46 (full 0):
 garbage-first heap   total 536576K, used 432446K [0x0000000080000000, 0x0000000100000000)
  region size 1024K, 314 young (321536K), 2 survivors (2048K)
 Metaspace       used 106046K, committed 106816K, reserved 1179648K
  class space    used 14731K, committed 15104K, reserved 1048576K
}
Event: 10.556 GC heap after
{Heap after GC invocations=47 (full 0):
 garbage-first heap   total 536576K, used 118097K [0x0000000080000000, 0x0000000100000000)
  region size 1024K, 6 young (6144K), 6 survivors (6144K)
 Metaspace       used 106046K, committed 106816K, reserved 1179648K
  class space    used 14731K, committed 15104K, reserved 1048576K
}
Event: 10.566 GC heap before
{Heap before GC invocations=47 (full 0):
 garbage-first heap   total 536576K, used 137553K [0x0000000080000000, 0x0000000100000000)
  region size 1024K, 26 young (26624K), 6 survivors (6144K)
 Metaspace       used 106072K, committed 106880K, reserved 1179648K
  class space    used 14731K, committed 15104K, reserved 1048576K
}
Event: 10.570 GC heap after
{Heap after GC invocations=48 (full 0):
 garbage-first heap   total 536576K, used 117480K [0x0000000080000000, 0x0000000100000000)
  region size 1024K, 1 young (1024K), 1 survivors (1024K)
 Metaspace       used 106072K, committed 106880K, reserved 1179648K
  class space    used 14731K, committed 15104K, reserved 1048576K
}
Event: 10.582 GC heap before
{Heap before GC invocations=48 (full 0):
 garbage-first heap   total 536576K, used 141032K [0x0000000080000000, 0x0000000100000000)
  region size 1024K, 25 young (25600K), 1 survivors (1024K)
 Metaspace       used 106091K, committed 106880K, reserved 1179648K
  class space    used 14731K, committed 15104K, reserved 1048576K
}
Event: 10.583 GC heap after
{Heap after GC invocations=49 (full 0):
 garbage-first heap   total 536576K, used 117267K [0x0000000080000000, 0x0000000100000000)
  region size 1024K, 1 young (1024K), 1 survivors (1024K)
 Metaspace       used 106091K, committed 106880K, reserved 1179648K
  class space    used 14731K, committed 15104K, reserved 1048576K
}
Event: 10.733 GC heap before
{Heap before GC invocations=50 (full 0):
 garbage-first heap   total 536576K, used 429587K [0x0000000080000000, 0x0000000100000000)
  region size 1024K, 303 young (310272K), 1 survivors (1024K)
 Metaspace       used 106234K, committed 107008K, reserved 1179648K
  class space    used 14733K, committed 15104K, reserved 1048576K
}
Event: 10.738 GC heap after
{Heap after GC invocations=51 (full 0):
 garbage-first heap   total 536576K, used 123428K [0x0000000080000000, 0x0000000100000000)
  region size 1024K, 5 young (5120K), 5 survivors (5120K)
 Metaspace       used 106234K, committed 107008K, reserved 1179648K
  class space    used 14733K, committed 15104K, reserved 1048576K
}
Event: 10.749 GC heap before
{Heap before GC invocations=51 (full 0):
 garbage-first heap   total 536576K, used 143908K [0x0000000080000000, 0x0000000100000000)
  region size 1024K, 26 young (26624K), 5 survivors (5120K)
 Metaspace       used 106242K, committed 107008K, reserved 1179648K
  class space    used 14733K, committed 15104K, reserved 1048576K
}
Event: 10.752 GC heap after
{Heap after GC invocations=52 (full 0):
 garbage-first heap   total 536576K, used 121880K [0x0000000080000000, 0x0000000100000000)
  region size 1024K, 1 young (1024K), 1 survivors (1024K)
 Metaspace       used 106242K, committed 107008K, reserved 1179648K
  class space    used 14733K, committed 15104K, reserved 1048576K
}
Event: 11.066 GC heap before
{Heap before GC invocations=52 (full 0):
 garbage-first heap   total 536576K, used 436248K [0x0000000080000000, 0x0000000100000000)
  region size 1024K, 308 young (315392K), 1 survivors (1024K)
 Metaspace       used 106304K, committed 107072K, reserved 1179648K
  class space    used 14733K, committed 15104K, reserved 1048576K
}
Event: 11.069 GC heap after
{Heap after GC invocations=53 (full 0):
 garbage-first heap   total 536576K, used 124700K [0x0000000080000000, 0x0000000100000000)
  region size 1024K, 4 young (4096K), 4 survivors (4096K)
 Metaspace       used 106304K, committed 107072K, reserved 1179648K
  class space    used 14733K, committed 15104K, reserved 1048576K
}
Event: 11.977 GC heap before
{Heap before GC invocations=54 (full 0):
 garbage-first heap   total 478208K, used 441116K [0x0000000080000000, 0x0000000100000000)
  region size 1024K, 314 young (321536K), 4 survivors (4096K)
 Metaspace       used 111992K, committed 112832K, reserved 1179648K
  class space    used 15515K, committed 15936K, reserved 1048576K
}
Event: 11.985 GC heap after
{Heap after GC invocations=55 (full 0):
 garbage-first heap   total 484352K, used 160008K [0x0000000080000000, 0x0000000100000000)
  region size 1024K, 40 young (40960K), 40 survivors (40960K)
 Metaspace       used 111992K, committed 112832K, reserved 1179648K
  class space    used 15515K, committed 15936K, reserved 1048576K
}
Event: 11.987 GC heap before
{Heap before GC invocations=55 (full 0):
 garbage-first heap   total 484352K, used 161032K [0x0000000080000000, 0x0000000100000000)
  region size 1024K, 42 young (43008K), 40 survivors (40960K)
 Metaspace       used 112002K, committed 112896K, reserved 1179648K
  class space    used 15517K, committed 15936K, reserved 1048576K
}
Event: 11.994 GC heap after
{Heap after GC invocations=56 (full 0):
 garbage-first heap   total 484352K, used 160663K [0x0000000080000000, 0x0000000100000000)
  region size 1024K, 4 young (4096K), 4 survivors (4096K)
 Metaspace       used 112002K, committed 112896K, reserved 1179648K
  class space    used 15517K, committed 15936K, reserved 1048576K
}
Event: 12.573 GC heap before
{Heap before GC invocations=56 (full 0):
 garbage-first heap   total 484352K, used 380823K [0x0000000080000000, 0x0000000100000000)
  region size 1024K, 220 young (225280K), 4 survivors (4096K)
 Metaspace       used 117477K, committed 118336K, reserved 1179648K
  class space    used 16447K, committed 16896K, reserved 1048576K
}
Event: 12.593 GC heap after
{Heap after GC invocations=57 (full 0):
 garbage-first heap   total 1129472K, used 193001K [0x0000000080000000, 0x0000000100000000)
  region size 1024K, 28 young (28672K), 28 survivors (28672K)
 Metaspace       used 117477K, committed 118336K, reserved 1179648K
  class space    used 16447K, committed 16896K, reserved 1048576K
}

Dll operation events (3 events):
Event: 0.009 Loaded shared library D:\mobil\jbr\bin\java.dll
Event: 0.082 Loaded shared library D:\mobil\jbr\bin\zip.dll
Event: 0.300 Loaded shared library D:\mobil\jbr\bin\verify.dll

Deoptimization events (20 events):
Event: 12.478 Thread 0x000002451bc35c60 DEOPT UNPACKING pc=0x0000024507587143 sp=0x0000008b5fef9800 mode 0
Event: 12.522 Thread 0x000002451bc31a90 Uncommon trap: trap_request=0xffffff45 fr.pc=0x00000245082e2238 relative=0x0000000000004118
Event: 12.522 Thread 0x000002451bc31a90 Uncommon trap: reason=unstable_if action=reinterpret pc=0x00000245082e2238 method=com.android.tools.r8.internal.kd.a(Lcom/android/tools/r8/internal/I2;ILjava/lang/String;[C)I @ 84 c2
Event: 12.522 Thread 0x000002451bc31a90 DEOPT PACKING pc=0x00000245082e2238 sp=0x0000008b5fcfa050
Event: 12.522 Thread 0x000002451bc31a90 DEOPT UNPACKING pc=0x00000245075869a3 sp=0x0000008b5fcfa030 mode 2
Event: 12.536 Thread 0x000002451bc35c60 Uncommon trap: trap_request=0xffffff45 fr.pc=0x00000245082be04c relative=0x000000000000088c
Event: 12.536 Thread 0x000002451bc35c60 Uncommon trap: reason=unstable_if action=reinterpret pc=0x00000245082be04c method=com.android.tools.r8.internal.kd.a([CII)Ljava/lang/String; @ 66 c2
Event: 12.536 Thread 0x000002451bc35c60 DEOPT PACKING pc=0x00000245082be04c sp=0x0000008b5fefa1a0
Event: 12.536 Thread 0x000002451bc35c60 DEOPT UNPACKING pc=0x00000245075869a3 sp=0x0000008b5fefa150 mode 2
Event: 12.536 Thread 0x000002451bc35c60 Uncommon trap: trap_request=0xffffff45 fr.pc=0x00000245082bf558 relative=0x00000000000009b8
Event: 12.536 Thread 0x000002451bc35c60 Uncommon trap: reason=unstable_if action=reinterpret pc=0x00000245082bf558 method=com.android.tools.r8.graph.H2.a(Ljava/lang/String;)[B @ 36 c2
Event: 12.536 Thread 0x000002451bc35c60 DEOPT PACKING pc=0x00000245082bf558 sp=0x0000008b5fefa040
Event: 12.536 Thread 0x000002451bc35c60 DEOPT UNPACKING pc=0x00000245075869a3 sp=0x0000008b5fef9fa8 mode 2
Event: 12.536 Thread 0x000002451bc35c60 Uncommon trap: trap_request=0xffffff45 fr.pc=0x00000245082b8024 relative=0x0000000000000104
Event: 12.536 Thread 0x000002451bc35c60 Uncommon trap: reason=unstable_if action=reinterpret pc=0x00000245082b8024 method=com.android.tools.r8.graph.H2.a(C[BI)I @ 27 c2
Event: 12.536 Thread 0x000002451bc35c60 DEOPT PACKING pc=0x00000245082b8024 sp=0x0000008b5fef9f80
Event: 12.536 Thread 0x000002451bc35c60 DEOPT UNPACKING pc=0x00000245075869a3 sp=0x0000008b5fef9f28 mode 2
Event: 12.543 Thread 0x000002451bc31a90 DEOPT PACKING pc=0x000002450191c999 sp=0x0000008b5fcf9d80
Event: 12.543 Thread 0x000002451bc31a90 DEOPT UNPACKING pc=0x0000024507587143 sp=0x0000008b5fcf9308 mode 0
Event: 12.612 Thread 0x000002451bc35c60 Uncommon trap: trap_request=0xffffff45 fr.pc=0x00000245082da408 relative=0x0000000000001828

Classes unloaded (4 events):
Event: 9.648 Thread 0x0000024511b9e4c0 Unloading class 0x0000000100e5a400 'java/lang/invoke/LambdaForm$DMH+0x0000000100e5a400'
Event: 9.648 Thread 0x0000024511b9e4c0 Unloading class 0x0000000100e5a000 'java/lang/invoke/LambdaForm$DMH+0x0000000100e5a000'
Event: 9.648 Thread 0x0000024511b9e4c0 Unloading class 0x0000000100e5a800 'java/lang/invoke/LambdaForm$DMH+0x0000000100e5a800'
Event: 10.364 Thread 0x0000024511b9e4c0 Unloading class 0x0000000100e90000 'java/lang/invoke/LambdaForm$DMH+0x0000000100e90000'

Classes redefined (0 events):
No events

Internal exceptions (20 events):
Event: 11.914 Thread 0x000002451bc31070 Exception <a 'sun/nio/fs/WindowsException'{0x000000008ea92100}> (0x000000008ea92100) 
thrown [s\src\hotspot\share\prims\jni.cpp, line 531]
Event: 11.914 Thread 0x000002451b5bfed0 Exception <a 'sun/nio/fs/WindowsException'{0x000000008f10f898}> (0x000000008f10f898) 
thrown [s\src\hotspot\share\prims\jni.cpp, line 531]
Event: 11.914 Thread 0x0000024519ad2720 Exception <a 'sun/nio/fs/WindowsException'{0x00000000914608c0}> (0x00000000914608c0) 
thrown [s\src\hotspot\share\prims\jni.cpp, line 531]
Event: 11.914 Thread 0x000002451b5bd650 Exception <a 'sun/nio/fs/WindowsException'{0x000000009001fe90}> (0x000000009001fe90) 
thrown [s\src\hotspot\share\prims\jni.cpp, line 531]
Event: 11.914 Thread 0x000002451b5bea90 Exception <a 'sun/nio/fs/WindowsException'{0x00000000912374b0}> (0x00000000912374b0) 
thrown [s\src\hotspot\share\prims\jni.cpp, line 531]
Event: 11.914 Thread 0x000002451b5befa0 Exception <a 'sun/nio/fs/WindowsException'{0x000000008f8093f8}> (0x000000008f8093f8) 
thrown [s\src\hotspot\share\prims\jni.cpp, line 531]
Event: 11.946 Thread 0x0000024519ad4580 Exception <a 'sun/nio/fs/WindowsException'{0x000000008bc73cd0}> (0x000000008bc73cd0) 
thrown [s\src\hotspot\share\prims\jni.cpp, line 531]
Event: 11.986 Thread 0x000002451bc31a90 Exception <a 'sun/nio/fs/WindowsException'{0x00000000a0996530}> (0x00000000a0996530) 
thrown [s\src\hotspot\share\prims\jni.cpp, line 531]
Event: 11.997 Thread 0x000002451bc35c60 Exception <a 'sun/nio/fs/WindowsException'{0x00000000a09c03d8}> (0x00000000a09c03d8) 
thrown [s\src\hotspot\share\prims\jni.cpp, line 531]
Event: 12.201 Thread 0x000002451b5bea90 Exception <a 'java/lang/NoSuchMethodError'{0x000000009bdba6f8}: 'java.lang.Object java.lang.invoke.DirectMethodHandle$Holder.invokeStaticInit(java.lang.Object, java.lang.Object, java.lang.Object, java.lang.Object, java.lang.Object, java.lang.Object, java.lang.Object, java.lang.Object, java.lang.Object, java.lang.Object, java.lang.Object, java.lang.Object, java.lang.Object, java.lang.Object, java.lang.Object, java.lang.Object, java.lang.Object, java.lang.Object, java.lang.Object, java.lang.Object, int, java
Event: 12.225 Thread 0x000002451b5befa0 Exception <a 'java/lang/IncompatibleClassChangeError'{0x000000009bc6ffc8}: Found class java.lang.Object, but interface was expected> (0x000000009bc6ffc8) 
thrown [s\src\hotspot\share\interpreter\linkResolver.cpp, line 838]
Event: 12.225 Thread 0x000002451b5bfed0 Exception <a 'java/lang/IncompatibleClassChangeError'{0x000000009bd2ac70}: Found class java.lang.Object, but interface was expected> (0x000000009bd2ac70) 
thrown [s\src\hotspot\share\interpreter\linkResolver.cpp, line 838]
Event: 12.225 Thread 0x000002451bc31070 Exception <a 'java/lang/IncompatibleClassChangeError'{0x000000009bd16348}: Found class java.lang.Object, but interface was expected> (0x000000009bd16348) 
thrown [s\src\hotspot\share\interpreter\linkResolver.cpp, line 838]
Event: 12.225 Thread 0x000002451bc31a90 Exception <a 'java/lang/IncompatibleClassChangeError'{0x000000009c251c48}: Found class java.lang.Object, but interface was expected> (0x000000009c251c48) 
thrown [s\src\hotspot\share\interpreter\linkResolver.cpp, line 838]
Event: 12.225 Thread 0x0000024519ad2720 Exception <a 'java/lang/IncompatibleClassChangeError'{0x000000009c030530}: Found class java.lang.Object, but interface was expected> (0x000000009c030530) 
thrown [s\src\hotspot\share\interpreter\linkResolver.cpp, line 838]
Event: 12.238 Thread 0x0000024519ad4580 Exception <a 'java/lang/NoSuchMethodError'{0x000000009ba3f2f0}: 'void java.lang.invoke.DirectMethodHandle$Holder.invokeStatic(java.lang.Object, java.lang.Object, java.lang.Object, int, java.lang.Object, java.lang.Object, java.lang.Object, java.lang.Object)'> (0x000000009ba3f2f0) 
thrown [s\src\hotspot\share\interpreter\linkResolver.cpp, line 771]
Event: 12.238 Thread 0x000002451b5bea90 Exception <a 'java/lang/NoSuchMethodError'{0x000000009bafac28}: 'void java.lang.invoke.DirectMethodHandle$Holder.invokeStatic(java.lang.Object, java.lang.Object, java.lang.Object, int, java.lang.Object, java.lang.Object, java.lang.Object, java.lang.Object)'> (0x000000009bafac28) 
thrown [s\src\hotspot\share\interpreter\linkResolver.cpp, line 771]
Event: 12.279 Thread 0x000002451b5be070 Exception <a 'java/lang/NoSuchMethodError'{0x000000009b280088}: 'java.lang.Object java.lang.invoke.DirectMethodHandle$Holder.newInvokeSpecial(java.lang.Object, long)'> (0x000000009b280088) 
thrown [s\src\hotspot\share\interpreter\linkResolver.cpp, line 771]
Event: 12.279 Thread 0x000002451bc31070 Exception <a 'java/lang/NoSuchMethodError'{0x000000009b7ac798}: 'java.lang.Object java.lang.invoke.DirectMethodHandle$Holder.newInvokeSpecial(java.lang.Object, long)'> (0x000000009b7ac798) 
thrown [s\src\hotspot\share\interpreter\linkResolver.cpp, line 771]
Event: 12.279 Thread 0x0000024519ad4580 Exception <a 'java/lang/NoSuchMethodError'{0x000000009ba51550}: 'java.lang.Object java.lang.invoke.DirectMethodHandle$Holder.newInvokeSpecial(java.lang.Object, long)'> (0x000000009ba51550) 
thrown [s\src\hotspot\share\interpreter\linkResolver.cpp, line 771]

VM Operations (20 events):
Event: 11.764 Executing VM operation: HandshakeAllThreads done
Event: 11.807 Executing VM operation: HandshakeAllThreads
Event: 11.808 Executing VM operation: HandshakeAllThreads done
Event: 11.822 Executing VM operation: ICBufferFull
Event: 11.822 Executing VM operation: ICBufferFull done
Event: 11.928 Executing VM operation: HandshakeAllThreads
Event: 11.929 Executing VM operation: HandshakeAllThreads done
Event: 11.977 Executing VM operation: G1CollectForAllocation
Event: 11.985 Executing VM operation: G1CollectForAllocation done
Event: 11.987 Executing VM operation: G1CollectForAllocation
Event: 11.994 Executing VM operation: G1CollectForAllocation done
Event: 12.013 Executing VM operation: HandshakeAllThreads
Event: 12.014 Executing VM operation: HandshakeAllThreads done
Event: 12.067 Executing VM operation: HandshakeAllThreads
Event: 12.068 Executing VM operation: HandshakeAllThreads done
Event: 12.207 Executing VM operation: HandshakeAllThreads
Event: 12.208 Executing VM operation: HandshakeAllThreads done
Event: 12.573 Executing VM operation: G1CollectForAllocation
Event: 12.598 Executing VM operation: G1CollectForAllocation done
Event: 12.651 Executing VM operation: G1PauseRemark

Events (20 events):
Event: 11.822 Thread 0x00000245160b4570 flushing nmethod 0x000002450165c210
Event: 11.822 Thread 0x00000245160b4570 flushing nmethod 0x00000245016b1710
Event: 11.822 Thread 0x00000245160b4570 flushing nmethod 0x00000245016e1510
Event: 11.822 Thread 0x00000245160b4570 flushing nmethod 0x00000245016fdb90
Event: 11.824 loading class sun/rmi/transport/Transport$1
Event: 11.824 loading class sun/rmi/transport/Transport$1 done
Event: 11.824 loading class sun/rmi/transport/DGCImpl$LeaseInfo
Event: 11.824 loading class sun/rmi/transport/DGCImpl$LeaseInfo done
Event: 11.824 loading class sun/rmi/transport/DGCImpl$1
Event: 11.825 loading class sun/rmi/transport/DGCImpl$1 done
Event: 11.825 loading class sun/rmi/transport/SequenceEntry
Event: 11.825 loading class sun/rmi/transport/SequenceEntry done
Event: 11.873 loading class java/util/zip/ZipInputStream
Event: 11.873 loading class java/util/zip/ZipInputStream done
Event: 12.085 loading class java/util/concurrent/RejectedExecutionException
Event: 12.085 loading class java/util/concurrent/RejectedExecutionException done
Event: 12.223 loading class java/lang/reflect/GenericSignatureFormatError
Event: 12.223 loading class java/lang/reflect/GenericSignatureFormatError done
Event: 12.318 loading class java/util/concurrent/ConcurrentLinkedQueue$Itr
Event: 12.318 loading class java/util/concurrent/ConcurrentLinkedQueue$Itr done


Dynamic libraries:
0x00007ff622ff0000 - 0x00007ff622ffa000 	D:\mobil\jbr\bin\java.exe
0x00007ffa6fe40000 - 0x00007ffa700a0000 	C:\WINDOWS\SYSTEM32\ntdll.dll
0x00007ffa6dc40000 - 0x00007ffa6dd07000 	C:\WINDOWS\System32\KERNEL32.DLL
0x00007ffa6d460000 - 0x00007ffa6d82a000 	C:\WINDOWS\System32\KERNELBASE.dll
0x00007ffa6d020000 - 0x00007ffa6d16b000 	C:\WINDOWS\System32\ucrtbase.dll
0x00007ffa65140000 - 0x00007ffa6515b000 	D:\mobil\jbr\bin\VCRUNTIME140.dll
0x00007ffa55230000 - 0x00007ffa55247000 	D:\mobil\jbr\bin\jli.dll
0x00007ffa6e9b0000 - 0x00007ffa6eb7c000 	C:\WINDOWS\System32\USER32.dll
0x00007ffa6d2b0000 - 0x00007ffa6d2d7000 	C:\WINDOWS\System32\win32u.dll
0x00007ffa4cb60000 - 0x00007ffa4cdf7000 	C:\WINDOWS\WinSxS\amd64_microsoft.windows.common-controls_6595b64144ccf1df_6.0.26100.3624_none_3e086962e3345f24\COMCTL32.dll
0x00007ffa6e3d0000 - 0x00007ffa6e3fa000 	C:\WINDOWS\System32\GDI32.dll
0x00007ffa6e400000 - 0x00007ffa6e4a9000 	C:\WINDOWS\System32\msvcrt.dll
0x00007ffa6d8f0000 - 0x00007ffa6da21000 	C:\WINDOWS\System32\gdi32full.dll
0x00007ffa6d200000 - 0x00007ffa6d2a3000 	C:\WINDOWS\System32\msvcp_win.dll
0x00007ffa6dd10000 - 0x00007ffa6dd3f000 	C:\WINDOWS\System32\IMM32.DLL
0x00007ffa65130000 - 0x00007ffa6513c000 	D:\mobil\jbr\bin\vcruntime140_1.dll
0x00007ffa388d0000 - 0x00007ffa3895d000 	D:\mobil\jbr\bin\msvcp140.dll
0x00007ff9d7690000 - 0x00007ff9d8313000 	D:\mobil\jbr\bin\server\jvm.dll
0x00007ffa6e4c0000 - 0x00007ffa6e572000 	C:\WINDOWS\System32\ADVAPI32.dll
0x00007ffa6f170000 - 0x00007ffa6f216000 	C:\WINDOWS\System32\sechost.dll
0x00007ffa6e130000 - 0x00007ffa6e246000 	C:\WINDOWS\System32\RPCRT4.dll
0x00007ffa6bc90000 - 0x00007ffa6bcee000 	C:\WINDOWS\SYSTEM32\POWRPROF.dll
0x00007ffa60b80000 - 0x00007ffa60bb6000 	C:\WINDOWS\SYSTEM32\WINMM.dll
0x00007ffa12380000 - 0x00007ffa1238a000 	C:\WINDOWS\SYSTEM32\WSOCK32.dll
0x00007ffa59250000 - 0x00007ffa5925b000 	C:\WINDOWS\SYSTEM32\VERSION.dll
0x00007ffa6e890000 - 0x00007ffa6e904000 	C:\WINDOWS\System32\WS2_32.dll
0x00007ffa6bc70000 - 0x00007ffa6bc84000 	C:\WINDOWS\SYSTEM32\UMPDC.dll
0x00007ffa6bf50000 - 0x00007ffa6bf6a000 	C:\WINDOWS\SYSTEM32\kernel.appcore.dll
0x00007ffa12370000 - 0x00007ffa1237a000 	D:\mobil\jbr\bin\jimage.dll
0x00007ffa6a910000 - 0x00007ffa6ab51000 	C:\WINDOWS\SYSTEM32\DBGHELP.DLL
0x00007ffa6eb80000 - 0x00007ffa6ef02000 	C:\WINDOWS\System32\combase.dll
0x00007ffa6def0000 - 0x00007ffa6dfc6000 	C:\WINDOWS\System32\OLEAUT32.dll
0x00007ffa441e0000 - 0x00007ffa44219000 	C:\WINDOWS\SYSTEM32\dbgcore.DLL
0x00007ffa6dba0000 - 0x00007ffa6dc39000 	C:\WINDOWS\System32\bcryptPrimitives.dll
0x00007ffa651c0000 - 0x00007ffa651ce000 	D:\mobil\jbr\bin\instrument.dll
0x00007ffa11450000 - 0x00007ffa11475000 	D:\mobil\jbr\bin\java.dll
0x00007ffa10e60000 - 0x00007ffa10e78000 	D:\mobil\jbr\bin\zip.dll
0x00007ffa6f6b0000 - 0x00007ffa6fdd9000 	C:\WINDOWS\System32\SHELL32.dll
0x00007ffa6da30000 - 0x00007ffa6db98000 	C:\WINDOWS\System32\wintypes.dll
0x00007ffa6acb0000 - 0x00007ffa6b502000 	C:\WINDOWS\SYSTEM32\windows.storage.dll
0x00007ffa6e250000 - 0x00007ffa6e33d000 	C:\WINDOWS\System32\SHCORE.dll
0x00007ffa6e580000 - 0x00007ffa6e5e4000 	C:\WINDOWS\System32\shlwapi.dll
0x00007ffa6cf30000 - 0x00007ffa6cf5f000 	C:\WINDOWS\SYSTEM32\profapi.dll
0x00007ffa0fa50000 - 0x00007ffa0fa69000 	D:\mobil\jbr\bin\net.dll
0x00007ffa63ae0000 - 0x00007ffa63bfd000 	C:\WINDOWS\SYSTEM32\WINHTTP.dll
0x00007ffa6c470000 - 0x00007ffa6c4da000 	C:\WINDOWS\system32\mswsock.dll
0x00007ffa0fa30000 - 0x00007ffa0fa46000 	D:\mobil\jbr\bin\nio.dll
0x00007ffa651d0000 - 0x00007ffa651e0000 	D:\mobil\jbr\bin\verify.dll
0x00007ffa125f0000 - 0x00007ffa12617000 	C:\Users\gurgi\.gradle\native\c067742578af261105cb4f569cf0c3c89f3d7b1fecec35dd04571415982c5e48\windows-amd64\native-platform.dll
0x00007ffa05710000 - 0x00007ffa05854000 	C:\Users\gurgi\.gradle\native\38dada09dfb8b06ba9b0570ebf7e218e3eb74d4ef43ca46872605cf95ebc2f47\windows-amd64\native-platform-file-events.dll
0x00007ffa0fa20000 - 0x00007ffa0fa29000 	D:\mobil\jbr\bin\management.dll
0x00007ffa0fa10000 - 0x00007ffa0fa1b000 	D:\mobil\jbr\bin\management_ext.dll
0x00007ffa6e4b0000 - 0x00007ffa6e4b8000 	C:\WINDOWS\System32\PSAPI.DLL
0x00007ffa6c710000 - 0x00007ffa6c72c000 	C:\WINDOWS\SYSTEM32\CRYPTSP.dll
0x00007ffa6beb0000 - 0x00007ffa6beea000 	C:\WINDOWS\system32\rsaenh.dll
0x00007ffa6c510000 - 0x00007ffa6c53b000 	C:\WINDOWS\SYSTEM32\USERENV.dll
0x00007ffa6cf00000 - 0x00007ffa6cf26000 	C:\WINDOWS\SYSTEM32\bcrypt.dll
0x00007ffa6c730000 - 0x00007ffa6c73c000 	C:\WINDOWS\SYSTEM32\CRYPTBASE.dll
0x00007ffa6b960000 - 0x00007ffa6b993000 	C:\WINDOWS\SYSTEM32\IPHLPAPI.DLL
0x00007ffa6e9a0000 - 0x00007ffa6e9aa000 	C:\WINDOWS\System32\NSI.dll
0x00007ffa63d30000 - 0x00007ffa63d4f000 	C:\WINDOWS\SYSTEM32\dhcpcsvc6.DLL
0x00007ffa63c70000 - 0x00007ffa63c95000 	C:\WINDOWS\SYSTEM32\dhcpcsvc.DLL
0x00007ffa6b9a0000 - 0x00007ffa6bac5000 	C:\WINDOWS\SYSTEM32\DNSAPI.dll
0x00007ffa10e50000 - 0x00007ffa10e59000 	D:\mobil\jbr\bin\extnet.dll
0x00007ffa2c6e0000 - 0x00007ffa2c6e8000 	C:\WINDOWS\system32\wshunix.dll
0x00007ffa4b330000 - 0x00007ffa4b348000 	C:\WINDOWS\system32\napinsp.dll
0x00007ffa4ae80000 - 0x00007ffa4ae92000 	C:\WINDOWS\System32\winrnr.dll
0x00007ffa42dc0000 - 0x00007ffa42df0000 	C:\WINDOWS\system32\nlansp_c.dll
0x00007ffa605c0000 - 0x00007ffa605d6000 	C:\WINDOWS\system32\wshbth.dll
0x00007ffa60b70000 - 0x00007ffa60b7b000 	C:\Windows\System32\rasadhlp.dll
0x00007ffa63ec0000 - 0x00007ffa63f45000 	C:\WINDOWS\System32\fwpuclnt.dll
0x00007ffa65120000 - 0x00007ffa65127000 	D:\mobil\jbr\bin\rmi.dll

dbghelp: loaded successfully - version: 4.0.5 - missing functions: none
symbol engine: initialized successfully - sym options: 0x614 - pdb path: .;D:\mobil\jbr\bin;C:\WINDOWS\SYSTEM32;C:\WINDOWS\WinSxS\amd64_microsoft.windows.common-controls_6595b64144ccf1df_6.0.26100.3624_none_3e086962e3345f24;D:\mobil\jbr\bin\server;C:\Users\gurgi\.gradle\native\c067742578af261105cb4f569cf0c3c89f3d7b1fecec35dd04571415982c5e48\windows-amd64;C:\Users\gurgi\.gradle\native\38dada09dfb8b06ba9b0570ebf7e218e3eb74d4ef43ca46872605cf95ebc2f47\windows-amd64

VM Arguments:
jvm_args: --add-opens=java.base/java.util=ALL-UNNAMED --add-opens=java.base/java.lang=ALL-UNNAMED --add-opens=java.base/java.lang.invoke=ALL-UNNAMED --add-opens=java.prefs/java.util.prefs=ALL-UNNAMED --add-opens=java.base/java.nio.charset=ALL-UNNAMED --add-opens=java.base/java.net=ALL-UNNAMED --add-opens=java.base/java.util.concurrent.atomic=ALL-UNNAMED -Xmx2048m -Dfile.encoding=UTF-8 -Duser.country=TR -Duser.language=tr -Duser.variant -javaagent:C:\Users\gurgi\.gradle\wrapper\dists\gradle-8.7-bin\bhs2wmbdwecv87pi65oeuq5iu\gradle-8.7\lib\agents\gradle-instrumentation-agent-8.7.jar 
java_command: org.gradle.launcher.daemon.bootstrap.GradleDaemon 8.7
java_class_path (initial): C:\Users\gurgi\.gradle\wrapper\dists\gradle-8.7-bin\bhs2wmbdwecv87pi65oeuq5iu\gradle-8.7\lib\gradle-launcher-8.7.jar
Launcher Type: SUN_STANDARD

[Global flags]
     intx CICompilerCount                          = 4                                         {product} {ergonomic}
     uint ConcGCThreads                            = 3                                         {product} {ergonomic}
     uint G1ConcRefinementThreads                  = 10                                        {product} {ergonomic}
   size_t G1HeapRegionSize                         = 1048576                                   {product} {ergonomic}
    uintx GCDrainStackTargetSize                   = 64                                        {product} {ergonomic}
   size_t InitialHeapSize                          = 264241152                                 {product} {ergonomic}
   size_t MarkStackSize                            = 4194304                                   {product} {ergonomic}
   size_t MaxHeapSize                              = 2147483648                                {product} {command line}
   size_t MaxNewSize                               = 1287651328                                {product} {ergonomic}
   size_t MinHeapDeltaBytes                        = 1048576                                   {product} {ergonomic}
   size_t MinHeapSize                              = 8388608                                   {product} {ergonomic}
    uintx NonNMethodCodeHeapSize                   = 5839372                                {pd product} {ergonomic}
    uintx NonProfiledCodeHeapSize                  = 122909434                              {pd product} {ergonomic}
    uintx ProfiledCodeHeapSize                     = 122909434                              {pd product} {ergonomic}
    uintx ReservedCodeCacheSize                    = 251658240                              {pd product} {ergonomic}
     bool SegmentedCodeCache                       = true                                      {product} {ergonomic}
   size_t SoftMaxHeapSize                          = 2147483648                             {manageable} {ergonomic}
     bool UseCompressedClassPointers               = true                           {product lp64_product} {ergonomic}
     bool UseCompressedOops                        = true                           {product lp64_product} {ergonomic}
     bool UseG1GC                                  = true                                      {product} {ergonomic}
     bool UseLargePagesIndividualAllocation        = false                                  {pd product} {ergonomic}

Logging:
Log output configuration:
 #0: stdout all=warning uptime,level,tags
 #1: stderr all=off uptime,level,tags

Environment Variables:
PATH=d:\cursor\cursor\resources\app\bin;C:\Program Files\Common Files\Oracle\Java\javapath;D:\vmware\bin\;C:\Program Files (x86)\Common Files\Oracle\Java\javapath;C:\Windows\System32\HWAudioDriver;C:\Windows\system32;C:\Windows;C:\Windows\System32\Wbem;C:\Windows\System32\WindowsPowerShell\v1.0\;C:\Windows\System32\OpenSSH\;C:\Users\Administrator\AppData\Local\Microsoft\WindowsApps;C:\Program Files\dotnet\;C:\WINDOWS\system32;C:\WINDOWS;C:\WINDOWS\System32\Wbem;C:\WINDOWS\System32\WindowsPowerShell\v1.0\;C:\WINDOWS\System32\OpenSSH\;C:\Program Files (x86)\Microsoft SQL Server\160\Tools\Binn\;C:\Program Files\Microsoft SQL Server\160\Tools\Binn\;C:\Program Files\Microsoft SQL Server\Client SDK\ODBC\170\Tools\Binn\;C:\Program Files\Microsoft SQL Server\160\DTS\Binn\;C:\Program Files (x86)\Microsoft SQL Server\160\DTS\Binn\;C:\Program Files\Git\cmd;C:\Users\gurgi\AppData\Local\Microsoft\WindowsApps;C:\src\flutter\bin;C:\Users\gurgi\AppData\Local\Android\sdk;C:\Users\gurgi\AppData\Local\Android\sdk\emulator;C:\Users\g;C:\Users\gurgi\AppData\Local\Microsoft\WindowsApps;C:\Users\gurgi\AppData\Local\Programs\Microsoft VS Code\bin;C:\src\flutter\bin;C:\Users\gurgi\AppData\Local\Android\sdk;C:\Users\gurgi\AppData\Local\Android\sdk\emulator;C:\Users\gurgi\AppData\Local\Android\sdk\platform-tools;C:\Users\gurgi\AppData\Local\Android\sdk\tools;C:\Users\gurgi\AppData\Local\Android\sdk\tools\bin;C:\Program Files\Java\jdk-23\bin;C:\Program Files\Git\bin;D:\cursor\cursor\resources\app\bin
USERNAME=gurgi
OS=Windows_NT
PROCESSOR_IDENTIFIER=Intel64 Family 6 Model 154 Stepping 3, GenuineIntel
TMP=C:\Users\gurgi\AppData\Local\Temp
TEMP=C:\Users\gurgi\AppData\Local\Temp



Periodic native trim disabled

JNI global refs:
JNI global refs: 30, weak refs: 40

JNI global refs memory usage: 843, weak refs: 841

Process memory usage:
Resident Set Size: 870716K (5% of 16494840K total physical memory with 1566288K free physical memory)

OOME stack traces (most recent first):
Classloader memory used:
Loader org.gradle.internal.classloader.VisitableURLClassLoader                         : 5123K
Loader org.gradle.internal.classloader.VisitableURLClassLoader$InstrumentingVisitableURLClassLoader: 4750K
Loader bootstrap                                                                       : 3211K
Loader org.gradle.initialization.MixInLegacyTypesClassLoader                           : 1425K
Loader jdk.internal.reflect.DelegatingClassLoader                                      : 110K
Loader jdk.internal.loader.ClassLoaders$PlatformClassLoader                            : 68564B
Loader org.gradle.internal.classloader.VisitableURLClassLoader                         : 30082B
Loader jdk.internal.loader.ClassLoaders$AppClassLoader                                 : 28721B
Loader sun.reflect.misc.MethodUtil                                                     : 373B

Classes loaded by more than one classloader:
Class Program                                                                         : loaded 5 times (x 70B)
Class Build_gradle$1                                                                  : loaded 3 times (x 72B)
Class Build_gradle                                                                    : loaded 3 times (x 128B)
Class org.objectweb.asm.ModuleVisitor                                                 : loaded 2 times (x 79B)
Class [Lcom.google.common.collect.AbstractMapEntry;                                   : loaded 2 times (x 67B)
Class com.google.common.collect.SingletonImmutableList                                : loaded 2 times (x 167B)
Class com.google.common.cache.CacheLoader$SupplierToCacheLoader                       : loaded 2 times (x 73B)
Class org.gradle.internal.classpath.ClassPath                                         : loaded 2 times (x 68B)
Class com.google.common.cache.RemovalListener                                         : loaded 2 times (x 68B)
Class org.gradle.api.internal.classpath.DefaultModuleRegistry                         : loaded 2 times (x 84B)
Class Settings_gradle$1$1                                                             : loaded 2 times (x 72B)
Class com.google.common.collect.ImmutableEnumSet                                      : loaded 2 times (x 144B)
Class com.google.common.collect.ListMultimap                                          : loaded 2 times (x 68B)
Class com.google.common.base.CharMatcher$JavaDigit                                    : loaded 2 times (x 109B)
Class com.google.common.base.CharMatcher$Digit                                        : loaded 2 times (x 110B)
Class com.google.common.collect.AbstractMultimap                                      : loaded 2 times (x 121B)
Class com.google.common.cache.CacheBuilder$OneWeigher                                 : loaded 2 times (x 80B)
Class org.gradle.api.Action                                                           : loaded 2 times (x 68B)
Class com.google.common.io.ByteArrayDataOutput                                        : loaded 2 times (x 68B)
Class com.google.common.collect.ImmutableEntry                                        : loaded 2 times (x 80B)
Class com.google.common.collect.Lists$StringAsImmutableList                           : loaded 2 times (x 167B)
Class com.google.common.cache.LocalCache$StrongEntry                                  : loaded 2 times (x 106B)
Class org.objectweb.asm.FieldWriter                                                   : loaded 2 times (x 76B)
Class com.google.common.base.CharMatcher                                              : loaded 2 times (x 109B)
Class com.google.common.base.CharMatcher$IsNot                                        : loaded 2 times (x 109B)
Class com.google.common.base.Splitter                                                 : loaded 2 times (x 70B)
Class [Lcom.google.common.cache.Weigher;                                              : loaded 2 times (x 67B)
Class com.google.common.collect.Iterators$ArrayItr                                    : loaded 2 times (x 95B)
Class com.google.common.cache.LocalCache$Segment                                      : loaded 2 times (x 152B)
Class org.gradle.api.internal.DefaultClassPathProvider                                : loaded 2 times (x 74B)
Class org.gradle.internal.installation.GradleInstallation$1                           : loaded 2 times (x 73B)
Class com.google.common.cache.LocalCache$AbstractReferenceEntry                       : loaded 2 times (x 105B)
Class org.objectweb.asm.Type                                                          : loaded 2 times (x 70B)
Class com.google.common.util.concurrent.AbstractFuture$Failure                        : loaded 2 times (x 70B)
Class com.google.common.base.CharMatcher$BitSetMatcher                                : loaded 2 times (x 110B)
Class com.google.common.collect.ImmutableMap$IteratorBasedImmutableMap                : loaded 2 times (x 123B)
Class com.google.common.collect.ImmutableMap                                          : loaded 2 times (x 118B)
Class com.google.common.base.Converter                                                : loaded 2 times (x 88B)
Class com.google.common.collect.ImmutableSet$EmptySetBuilderImpl                      : loaded 2 times (x 74B)
Class com.google.common.base.Equivalence                                              : loaded 2 times (x 80B)
Class com.google.common.primitives.Ints                                               : loaded 2 times (x 69B)
Class com.google.common.cache.LocalCache$EntryFactory$1                               : loaded 2 times (x 81B)
Class com.google.common.cache.LocalCache$EntryFactory$2                               : loaded 2 times (x 81B)
Class com.google.common.cache.LocalCache$EntryFactory$3                               : loaded 2 times (x 81B)
Class com.google.common.cache.LocalCache$EntryFactory$4                               : loaded 2 times (x 81B)
Class com.google.common.cache.LocalCache$EntryFactory$5                               : loaded 2 times (x 81B)
Class com.google.common.cache.LocalCache$EntryFactory$6                               : loaded 2 times (x 81B)
Class com.google.common.cache.LocalCache$EntryFactory$7                               : loaded 2 times (x 81B)
Class com.google.common.cache.LocalCache$EntryFactory$8                               : loaded 2 times (x 81B)
Class com.google.common.base.Predicate                                                : loaded 2 times (x 68B)
Class com.google.common.cache.LocalCache$StrongValueReference                         : loaded 2 times (x 88B)
Class org.gradle.internal.classloader.FilteringClassLoader                            : loaded 2 times (x 103B)
Class com.google.common.collect.RegularImmutableSet                                   : loaded 2 times (x 146B)
Class [Lcom.google.common.cache.LocalCache$Strength;                                  : loaded 2 times (x 67B)
Class org.gradle.internal.classpath.DefaultClassPath$ImmutableUniqueList$Builder      : loaded 2 times (x 73B)
Class com.google.common.collect.Maps$8                                                : loaded 2 times (x 80B)
Class [Lcom.google.common.cache.CacheBuilder$NullListener;                            : loaded 2 times (x 67B)
Class com.google.common.base.PatternCompiler                                          : loaded 2 times (x 68B)
Class com.google.common.base.CharMatcher$InRange                                      : loaded 2 times (x 109B)
Class com.google.common.collect.Maps$KeySet                                           : loaded 2 times (x 135B)
Class com.google.common.collect.Sets$SetView                                          : loaded 2 times (x 136B)
Class com.google.common.collect.BiMap                                                 : loaded 2 times (x 68B)
Class com.google.common.collect.Lists                                                 : loaded 2 times (x 69B)
Class org.objectweb.asm.AnnotationWriter                                              : loaded 2 times (x 77B)
Class com.google.common.math.IntMath$1                                                : loaded 2 times (x 69B)
Class org.gradle.internal.classloader.ClassLoaderVisitor                              : loaded 2 times (x 74B)
Class org.objectweb.asm.Label                                                         : loaded 2 times (x 71B)
Class com.google.common.cache.CacheBuilder$NullListener                               : loaded 2 times (x 80B)
Class com.google.common.math.MathPreconditions                                        : loaded 2 times (x 69B)
Class com.google.common.io.ByteStreams$1                                              : loaded 2 times (x 83B)
Class org.gradle.internal.service.DefaultServiceLocator                               : loaded 2 times (x 81B)
Class org.gradle.internal.service.UnknownServiceException                             : loaded 2 times (x 81B)
Class com.google.common.util.concurrent.AbstractFuture$SynchronizedHelper             : loaded 2 times (x 76B)
Class com.google.common.collect.ArrayListMultimap                                     : loaded 2 times (x 170B)
Class com.google.common.base.Strings                                                  : loaded 2 times (x 69B)
Class com.google.common.io.Closer                                                     : loaded 2 times (x 76B)
Class com.google.common.cache.CacheLoader$InvalidCacheLoadException                   : loaded 2 times (x 80B)
Class org.gradle.internal.classloader.DefaultClassLoaderFactory                       : loaded 2 times (x 80B)
Class com.google.common.collect.UnmodifiableIterator                                  : loaded 2 times (x 78B)
Class com.google.common.base.Stopwatch                                                : loaded 2 times (x 70B)
Class com.google.common.base.Platform$JdkPatternCompiler                              : loaded 2 times (x 73B)
Class com.google.common.cache.LocalCache$LoadingValueReference                        : loaded 2 times (x 94B)
Class com.google.common.base.CharMatcher$SingleWidth                                  : loaded 2 times (x 110B)
Class com.google.common.collect.Hashing                                               : loaded 2 times (x 69B)
Class com.google.common.io.ByteStreams$LimitedInputStream                             : loaded 2 times (x 90B)
Class com.google.common.base.JdkPattern                                               : loaded 2 times (x 73B)
Class com.google.common.collect.Multimap                                              : loaded 2 times (x 68B)
Class com.google.common.base.FunctionalEquivalence                                    : loaded 2 times (x 81B)
Class org.objectweb.asm.AnnotationVisitor                                             : loaded 2 times (x 76B)
Class org.objectweb.asm.RecordComponentWriter                                         : loaded 2 times (x 76B)
Class com.google.common.cache.LocalCache$1                                            : loaded 2 times (x 87B)
Class com.google.common.cache.LocalCache$2                                            : loaded 2 times (x 140B)
Class com.google.common.collect.RegularImmutableBiMap                                 : loaded 2 times (x 146B)
Class org.gradle.internal.classloader.VisitableURLClassLoader$Spec                    : loaded 2 times (x 72B)
Class org.gradle.api.GradleException                                                  : loaded 2 times (x 80B)
Class com.google.common.base.CharMatcher$JavaLetterOrDigit                            : loaded 2 times (x 109B)
Class org.gradle.api.internal.classpath.ModuleRegistry                                : loaded 2 times (x 68B)
Class com.google.common.collect.ForwardingObject                                      : loaded 2 times (x 70B)
Class com.google.common.cache.CacheBuilder                                            : loaded 2 times (x 70B)
Class org.objectweb.asm.ByteVector                                                    : loaded 2 times (x 77B)
Class com.google.common.collect.ImmutableCollection                                   : loaded 2 times (x 123B)
Class com.google.common.base.PairwiseEquivalence                                      : loaded 2 times (x 81B)
Class com.google.common.base.Ticker                                                   : loaded 2 times (x 70B)
Class com.google.common.io.Closer$SuppressingSuppressor                               : loaded 2 times (x 73B)
Class com.google.common.base.Ascii                                                    : loaded 2 times (x 69B)
Class com.google.common.collect.RegularImmutableMap$Values                            : loaded 2 times (x 167B)
Class org.objectweb.asm.ModuleWriter                                                  : loaded 2 times (x 80B)
Class org.gradle.internal.classloader.ClasspathUtil$1                                 : loaded 2 times (x 74B)
Class com.google.common.collect.ImmutableEnumMap                                      : loaded 2 times (x 123B)
Class com.google.common.collect.ImmutableList$ReverseImmutableList                    : loaded 2 times (x 168B)
Class com.google.common.cache.AbstractCache$StatsCounter                              : loaded 2 times (x 68B)
Class org.objectweb.asm.FieldVisitor                                                  : loaded 2 times (x 75B)
Class org.objectweb.asm.Symbol                                                        : loaded 2 times (x 71B)
Class com.google.common.cache.LocalCache$Strength$1                                   : loaded 2 times (x 79B)
Class com.google.common.cache.LocalCache$Strength$2                                   : loaded 2 times (x 79B)
Class com.google.common.cache.LocalCache$Strength$3                                   : loaded 2 times (x 79B)
Class org.gradle.internal.classloader.ClassLoaderFactory                              : loaded 2 times (x 68B)
Class com.google.common.collect.ObjectArrays                                          : loaded 2 times (x 69B)
Class com.google.common.util.concurrent.AbstractFuture$Waiter                         : loaded 2 times (x 70B)
Class com.google.common.util.concurrent.Uninterruptibles                              : loaded 2 times (x 69B)
Class com.google.common.collect.Iterators$10                                          : loaded 2 times (x 79B)
Class com.google.common.collect.ImmutableList                                         : loaded 2 times (x 166B)
Class org.gradle.api.internal.classpath.ManifestUtil                                  : loaded 2 times (x 69B)
Class org.gradle.api.specs.Spec                                                       : loaded 2 times (x 68B)
Class com.google.common.cache.CacheLoader$UnsupportedLoadingOperationException        : loaded 2 times (x 80B)
Class com.google.common.base.CharMatcher$Whitespace                                   : loaded 2 times (x 110B)
Class com.google.common.util.concurrent.ListenableFuture                              : loaded 2 times (x 68B)
Class com.google.common.collect.Iterators$1                                           : loaded 2 times (x 79B)
Class com.google.common.collect.Iterators$4                                           : loaded 2 times (x 80B)
Class com.google.common.collect.RegularImmutableMap$BucketOverflowException           : loaded 2 times (x 80B)
Class com.google.common.collect.Iterators$5                                           : loaded 2 times (x 80B)
Class com.google.common.util.concurrent.AbstractFuture$UnsafeAtomicHelper             : loaded 2 times (x 76B)
Class com.google.common.base.Joiner                                                   : loaded 2 times (x 77B)
Class com.google.common.base.Equivalence$Equals                                       : loaded 2 times (x 80B)
Class com.google.common.base.Preconditions                                            : loaded 2 times (x 69B)
Class com.google.common.base.Function                                                 : loaded 2 times (x 68B)
Class com.google.common.collect.Iterators$9                                           : loaded 2 times (x 79B)
Class org.gradle.internal.IoActions                                                   : loaded 2 times (x 69B)
Class com.google.common.cache.ReferenceEntry                                          : loaded 2 times (x 68B)
Class com.google.common.collect.RegularImmutableMap$KeySet                            : loaded 2 times (x 148B)
Class com.google.common.collect.CollectPreconditions                                  : loaded 2 times (x 69B)
Class com.google.common.primitives.IntsMethodsForWeb                                  : loaded 2 times (x 69B)
Class com.google.common.collect.Maps                                                  : loaded 2 times (x 69B)
Class com.google.common.collect.RegularImmutableMap                                   : loaded 2 times (x 119B)
Class com.google.common.collect.AbstractIndexedListIterator                           : loaded 2 times (x 94B)
Class com.google.common.base.CharMatcher$None                                         : loaded 2 times (x 110B)
Class org.gradle.api.internal.classpath.EffectiveClassPath                            : loaded 2 times (x 88B)
Class com.google.common.collect.UnmodifiableListIterator                              : loaded 2 times (x 93B)
Class com.google.common.cache.CacheLoader$FunctionToCacheLoader                       : loaded 2 times (x 73B)
Class com.google.common.cache.CacheBuilder$1                                          : loaded 2 times (x 83B)
Class com.google.common.cache.CacheBuilder$2                                          : loaded 2 times (x 70B)
Class com.google.common.collect.ImmutableList$1                                       : loaded 2 times (x 95B)
Class com.google.common.base.Splitter$Strategy                                        : loaded 2 times (x 68B)
Class com.google.common.collect.ImmutableMapEntrySet$RegularEntrySet                  : loaded 2 times (x 149B)
Class [Lcom.google.common.cache.RemovalListener;                                      : loaded 2 times (x 67B)
Class [Lcom.google.common.collect.ImmutableMapEntry;                                  : loaded 2 times (x 67B)
Class org.gradle.internal.installation.CurrentGradleInstallation                      : loaded 2 times (x 71B)
Class org.gradle.internal.agents.InstrumentingClassLoader                             : loaded 2 times (x 68B)
Class org.gradle.internal.installation.CurrentGradleInstallationLocator               : loaded 2 times (x 69B)
Class [Lcom.google.common.cache.LocalCache$Segment;                                   : loaded 2 times (x 67B)
Class org.gradle.api.internal.classpath.Module                                        : loaded 2 times (x 68B)
Class com.google.common.base.Splitter$1$1                                             : loaded 2 times (x 84B)
Class com.google.common.collect.ImmutableSet$JdkBackedSetBuilderImpl                  : loaded 2 times (x 74B)
Class com.google.common.collect.ImmutableSet$RegularSetBuilderImpl                    : loaded 2 times (x 75B)
Class [Lorg.objectweb.asm.AnnotationWriter;                                           : loaded 2 times (x 67B)
Class org.gradle.internal.service.CachingServiceLocator                               : loaded 2 times (x 80B)
Class [Lcom.google.common.collect.ImmutableEntry;                                     : loaded 2 times (x 67B)
Class com.google.common.collect.Sets$ImprovedAbstractSet                              : loaded 2 times (x 133B)
Class org.gradle.internal.classpath.DefaultClassPath                                  : loaded 2 times (x 88B)
Class com.google.common.util.concurrent.AbstractFuture$SetFuture                      : loaded 2 times (x 73B)
Class com.google.common.base.Splitter$SplittingIterator                               : loaded 2 times (x 82B)
Class com.google.common.cache.LocalCache$LocalManualCache$1                           : loaded 2 times (x 73B)
Class com.google.common.collect.Iterators$MergingIterator                             : loaded 2 times (x 79B)
Class org.objectweb.asm.SymbolTable$Entry                                             : loaded 2 times (x 72B)
Class [Lcom.google.common.cache.LocalCache$EntryFactory;                              : loaded 2 times (x 67B)
Class com.google.common.base.CharMatcher$Is                                           : loaded 2 times (x 109B)
Class com.google.common.base.Platform                                                 : loaded 2 times (x 69B)
Class com.google.common.collect.RegularImmutableAsList                                : loaded 2 times (x 176B)
Class com.google.common.base.Suppliers$NonSerializableMemoizingSupplier               : loaded 2 times (x 77B)
Class com.google.common.collect.PeekingIterator                                       : loaded 2 times (x 68B)
Class com.google.common.collect.ImmutableMapEntrySet                                  : loaded 2 times (x 149B)
Class com.google.common.cache.CacheLoader                                             : loaded 2 times (x 72B)
Class com.google.common.collect.ImmutableBiMapFauxverideShim                          : loaded 2 times (x 118B)
Class org.objectweb.asm.MethodTooLargeException                                       : loaded 2 times (x 81B)
Class com.google.common.cache.Cache                                                   : loaded 2 times (x 68B)
Class org.gradle.internal.classloader.SystemClassLoaderSpec                           : loaded 2 times (x 69B)
Class com.google.common.util.concurrent.internal.InternalFutureFailureAccess          : loaded 2 times (x 70B)
Class com.google.common.base.Charsets                                                 : loaded 2 times (x 69B)
Class com.google.common.primitives.Ints$IntConverter                                  : loaded 2 times (x 88B)
Class com.google.common.collect.SingletonImmutableSet                                 : loaded 2 times (x 144B)
Class [Lcom.google.common.base.AbstractIterator$State;                                : loaded 2 times (x 67B)
Class com.google.common.collect.ImmutableMap$Builder                                  : loaded 2 times (x 80B)
Class com.google.common.base.AbstractIterator                                         : loaded 2 times (x 78B)
Class org.objectweb.asm.ClassWriter                                                   : loaded 2 times (x 104B)
Class com.google.common.base.AbstractIterator$1                                       : loaded 2 times (x 69B)
Class [Lcom.google.common.cache.CacheBuilder$OneWeigher;                              : loaded 2 times (x 67B)
Class com.google.common.collect.Iterators                                             : loaded 2 times (x 69B)
Class com.google.common.base.CharMatcher$1                                            : loaded 2 times (x 111B)
Class com.google.common.base.CharMatcher$Ascii                                        : loaded 2 times (x 110B)
Class com.google.common.cache.LocalCache$ComputingValueReference                      : loaded 2 times (x 94B)
Class org.gradle.api.UncheckedIOException                                             : loaded 2 times (x 80B)
Class com.google.common.base.CharMatcher$And                                          : loaded 2 times (x 110B)
Class com.google.common.collect.IndexedImmutableSet                                   : loaded 2 times (x 148B)
Class com.google.common.base.ExtraObjectsMethodsForWeb                                : loaded 2 times (x 69B)
Class com.google.common.collect.AbstractListMultimap                                  : loaded 2 times (x 170B)
Class com.google.common.base.CharMatcher$Any                                          : loaded 2 times (x 110B)
Class org.gradle.api.internal.ClassPathProvider                                       : loaded 2 times (x 68B)
Class com.google.common.cache.LocalCache$Strength                                     : loaded 2 times (x 79B)
Class com.google.common.collect.AbstractMapBasedMultimap$KeySet                       : loaded 2 times (x 135B)
Class com.google.common.collect.ArrayListMultimapGwtSerializationDependencies         : loaded 2 times (x 170B)
Class com.google.common.base.CharMatcher$RangesMatcher                                : loaded 2 times (x 110B)
Class org.objectweb.asm.Handler                                                       : loaded 2 times (x 70B)
Class com.google.common.collect.ImmutableList$SubList                                 : loaded 2 times (x 168B)
Class com.google.common.cache.LocalCache$ValueReference                               : loaded 2 times (x 68B)
Class org.gradle.internal.classloader.ClasspathUtil                                   : loaded 2 times (x 69B)
Class org.objectweb.asm.CurrentFrame                                                  : loaded 2 times (x 71B)
Class com.google.common.util.concurrent.AbstractFuture                                : loaded 2 times (x 93B)
Class com.google.common.base.Splitter$1                                               : loaded 2 times (x 75B)
Class com.google.common.base.Ticker$1                                                 : loaded 2 times (x 70B)
Class com.google.common.collect.Maps$BiMapConverter                                   : loaded 2 times (x 88B)
Class org.gradle.api.internal.DefaultClassPathRegistry                                : loaded 2 times (x 74B)
Class com.google.common.util.concurrent.AbstractFuture$Cancellation                   : loaded 2 times (x 70B)
Class [Lorg.objectweb.asm.Symbol;                                                     : loaded 2 times (x 67B)
Class com.google.common.collect.ImmutableSet$SetBuilderImpl                           : loaded 2 times (x 74B)
Class org.gradle.api.internal.classpath.DefaultModuleRegistry$DefaultModule           : loaded 2 times (x 84B)
Class com.google.common.base.CharMatcher$JavaIsoControl                               : loaded 2 times (x 110B)
Class com.google.common.collect.ImmutableMap$1                                        : loaded 2 times (x 79B)
Class com.google.common.base.CharMatcher$Or                                           : loaded 2 times (x 110B)
Class org.gradle.kotlin.dsl.VersionCatalogAccessorsKt                                 : loaded 2 times (x 69B)
Class com.google.common.base.Suppliers$SupplierOfInstance                             : loaded 2 times (x 77B)
Class org.objectweb.asm.RecordComponentVisitor                                        : loaded 2 times (x 75B)
Class com.google.common.collect.Iterables                                             : loaded 2 times (x 69B)
Class com.google.common.base.CharMatcher$JavaLowerCase                                : loaded 2 times (x 109B)
Class org.objectweb.asm.ClassTooLargeException                                        : loaded 2 times (x 81B)
Class org.gradle.api.internal.classpath.UnknownModuleException                        : loaded 2 times (x 80B)
Class com.google.common.util.concurrent.AbstractFuture$Listener                       : loaded 2 times (x 70B)
Class org.objectweb.asm.Edge                                                          : loaded 2 times (x 70B)
Class com.google.common.collect.Maps$EntryTransformer                                 : loaded 2 times (x 68B)
Class com.google.common.collect.ImmutableCollection$Builder                           : loaded 2 times (x 74B)
Class com.google.common.io.ByteArrayDataInput                                         : loaded 2 times (x 68B)
Class [Lorg.objectweb.asm.SymbolTable$Entry;                                          : loaded 2 times (x 67B)
Class com.google.common.collect.SingletonImmutableBiMap                               : loaded 2 times (x 141B)
Class com.google.common.base.CommonPattern                                            : loaded 2 times (x 72B)
Class com.google.common.base.Suppliers$MemoizingSupplier                              : loaded 2 times (x 77B)
Class com.google.common.base.Suppliers                                                : loaded 2 times (x 69B)
Class org.objectweb.asm.ClassVisitor                                                  : loaded 2 times (x 86B)
Class com.google.common.cache.LoadingCache                                            : loaded 2 times (x 68B)
Class org.gradle.internal.service.ServiceLookupException                              : loaded 2 times (x 80B)
Class org.gradle.cache.GlobalCache                                                    : loaded 2 times (x 68B)
Class com.google.common.base.CharMatcher$NegatedFastMatcher                           : loaded 2 times (x 111B)
Class [Lorg.gradle.api.internal.ClassPathProvider;                                    : loaded 2 times (x 67B)
Class com.google.common.util.concurrent.AbstractFuture$SafeAtomicHelper               : loaded 2 times (x 77B)
Class org.gradle.util.internal.GUtil                                                  : loaded 2 times (x 69B)
Class com.google.common.math.IntMath                                                  : loaded 2 times (x 69B)
Class com.google.common.collect.AbstractIterator                                      : loaded 2 times (x 80B)
Class org.gradle.internal.classloader.ClassLoaderSpec                                 : loaded 2 times (x 69B)
Class com.google.common.base.NullnessCasts                                            : loaded 2 times (x 69B)
Class org.objectweb.asm.Frame                                                         : loaded 2 times (x 71B)
Class com.google.common.cache.LocalCache$LocalManualCache                             : loaded 2 times (x 97B)
Class com.google.common.collect.AbstractMapEntry                                      : loaded 2 times (x 79B)
Class com.google.common.collect.ImmutableList$Builder                                 : loaded 2 times (x 75B)
Class com.google.common.base.CharMatcher$Negated                                      : loaded 2 times (x 111B)
Class com.google.common.cache.CacheLoader$1                                           : loaded 2 times (x 73B)
Class com.google.common.util.concurrent.AbstractFuture$TrustedFuture                  : loaded 2 times (x 95B)
Class com.google.common.collect.Sets                                                  : loaded 2 times (x 69B)
Class com.google.common.collect.ImmutableSet$Builder                                  : loaded 2 times (x 83B)
Class com.google.common.base.CharMatcher$ForPredicate                                 : loaded 2 times (x 110B)
Class com.google.common.collect.ImmutableMap$MapViewOfValuesAsSingletonSets           : loaded 2 times (x 123B)
Class com.google.common.base.MoreObjects                                              : loaded 2 times (x 69B)
Class com.google.common.collect.SortedMapDifference                                   : loaded 2 times (x 68B)
Class org.objectweb.asm.SymbolTable                                                   : loaded 2 times (x 70B)
Class [Lorg.objectweb.asm.AnnotationVisitor;                                          : loaded 2 times (x 67B)
Class com.google.common.cache.CacheStats                                              : loaded 2 times (x 69B)
Class org.objectweb.asm.Attribute                                                     : loaded 2 times (x 75B)
Class org.gradle.internal.classloader.VisitableURLClassLoader                         : loaded 2 times (x 115B)
Class com.google.common.cache.LocalCache$LocalLoadingCache                            : loaded 2 times (x 132B)
Class com.google.common.base.Supplier                                                 : loaded 2 times (x 68B)
Class com.google.common.base.Objects                                                  : loaded 2 times (x 69B)
Class com.google.common.util.concurrent.AbstractFuture$AtomicHelper                   : loaded 2 times (x 76B)
Class com.google.common.collect.ImmutableBiMap                                        : loaded 2 times (x 141B)
Class org.gradle.internal.Cast                                                        : loaded 2 times (x 69B)
Class org.gradle.internal.installation.GradleInstallation                             : loaded 2 times (x 73B)
Class org.gradle.api.internal.ClassPathRegistry                                       : loaded 2 times (x 68B)
Class com.google.common.cache.LocalCache$EntryFactory                                 : loaded 2 times (x 81B)
Class com.google.common.util.concurrent.UncheckedExecutionException                   : loaded 2 times (x 80B)
Class com.google.common.collect.ImmutableSet                                          : loaded 2 times (x 143B)
Class org.gradle.internal.classloader.VisitableURLClassLoader$InstrumentingVisitableURLClassLoader: loaded 2 times (x 121B)
Class org.gradle.internal.classloader.ClassLoaderHierarchy                            : loaded 2 times (x 68B)
Class com.google.common.io.Closer$Suppressor                                          : loaded 2 times (x 68B)
Class [Lorg.objectweb.asm.Type;                                                       : loaded 2 times (x 67B)
Class com.google.common.base.AbstractIterator$State                                   : loaded 2 times (x 77B)
Class com.google.common.cache.Weigher                                                 : loaded 2 times (x 68B)
Class com.google.common.base.CharMatcher$NamedFastMatcher                             : loaded 2 times (x 110B)
Class org.gradle.internal.InternalTransformer                                         : loaded 2 times (x 68B)
Class org.gradle.internal.service.ServiceLocator                                      : loaded 2 times (x 68B)
Class Settings_gradle$1                                                               : loaded 2 times (x 72B)
Class com.google.common.util.concurrent.SettableFuture                                : loaded 2 times (x 95B)
Class com.google.common.collect.ImmutableMapEntry                                     : loaded 2 times (x 83B)
Class com.google.common.io.ByteStreams                                                : loaded 2 times (x 69B)
Class com.google.common.base.CharMatcher$Invisible                                    : loaded 2 times (x 110B)
Class com.google.common.base.Joiner$1                                                 : loaded 2 times (x 78B)
Class com.google.common.base.Joiner$2                                                 : loaded 2 times (x 77B)
Class com.google.common.base.CharMatcher$FastMatcher                                  : loaded 2 times (x 109B)
Class org.gradle.internal.classpath.DefaultClassPath$ImmutableUniqueList              : loaded 2 times (x 159B)
Class com.google.common.base.CharMatcher$JavaLetter                                   : loaded 2 times (x 109B)
Class org.gradle.internal.classpath.TransformedClassPath                              : loaded 2 times (x 94B)
Class com.google.common.collect.MapDifference                                         : loaded 2 times (x 68B)
Class com.google.common.collect.Sets$1                                                : loaded 2 times (x 137B)
Class com.google.common.collect.Sets$2                                                : loaded 2 times (x 137B)
Class com.google.common.util.concurrent.AbstractFuture$Trusted                        : loaded 2 times (x 68B)
Class com.google.common.collect.Sets$3                                                : loaded 2 times (x 137B)
Class com.google.common.collect.Sets$4                                                : loaded 2 times (x 137B)
Class Settings_gradle                                                                 : loaded 2 times (x 126B)
Class org.objectweb.asm.MethodWriter                                                  : loaded 2 times (x 104B)
Class com.google.common.collect.Platform                                              : loaded 2 times (x 69B)
Class com.google.common.collect.ImmutableAsList                                       : loaded 2 times (x 169B)
Class com.google.common.util.concurrent.ExecutionError                                : loaded 2 times (x 80B)
Class com.google.common.base.Equivalence$Identity                                     : loaded 2 times (x 80B)
Class com.google.common.base.CharMatcher$AnyOf                                        : loaded 2 times (x 110B)
Class com.google.common.base.CharMatcher$IsEither                                     : loaded 2 times (x 109B)
Class com.google.common.cache.LocalCache                                              : loaded 2 times (x 185B)
Class com.google.common.collect.RegularImmutableList                                  : loaded 2 times (x 172B)
Class com.google.common.util.concurrent.AbstractFuture$UnsafeAtomicHelper$1           : loaded 2 times (x 74B)
Class com.google.common.base.CharMatcher$JavaUpperCase                                : loaded 2 times (x 109B)
Class com.google.common.collect.Multiset                                              : loaded 2 times (x 68B)
Class com.google.common.collect.ImmutableSet$CachingAsList                            : loaded 2 times (x 145B)
Class org.objectweb.asm.MethodVisitor                                                 : loaded 2 times (x 103B)
Class com.google.common.collect.AbstractMapBasedMultimap$KeySet$1                     : loaded 2 times (x 80B)
Class com.google.common.collect.ImmutableMapEntry$NonTerminalImmutableMapEntry        : loaded 2 times (x 83B)
Class com.google.common.collect.AbstractMapBasedMultimap                              : loaded 2 times (x 137B)


---------------  S Y S T E M  ---------------

OS:
 Windows 11 , 64 bit Build 26100 (10.0.26100.3775)
OS uptime: 0 days 1:32 hours
Hyper-V role detected

CPU: total 12 (initial active 12) (6 cores per cpu, 2 threads per core) family 6 model 154 stepping 3 microcode 0x426, cx8, cmov, fxsr, ht, mmx, 3dnowpref, sse, sse2, sse3, ssse3, sse4.1, sse4.2, popcnt, lzcnt, tsc, tscinvbit, avx, avx2, aes, erms, clmul, bmi1, bmi2, adx, sha, fma, vzeroupper, clflush, clflushopt, clwb, hv
Processor Information for processor 0
  Max Mhz: 2000, Current Mhz: 2000, Mhz Limit: 2000
Processor Information for processor 1
  Max Mhz: 2000, Current Mhz: 2000, Mhz Limit: 2000
Processor Information for processor 2
  Max Mhz: 2000, Current Mhz: 1520, Mhz Limit: 2000
Processor Information for processor 3
  Max Mhz: 2000, Current Mhz: 2000, Mhz Limit: 2000
Processor Information for processor 4
  Max Mhz: 2000, Current Mhz: 2000, Mhz Limit: 2000
Processor Information for processor 5
  Max Mhz: 2000, Current Mhz: 2000, Mhz Limit: 2000
Processor Information for processor 6
  Max Mhz: 2000, Current Mhz: 2000, Mhz Limit: 2000
Processor Information for processor 7
  Max Mhz: 2000, Current Mhz: 2000, Mhz Limit: 2000
Processor Information for processor 8
  Max Mhz: 2000, Current Mhz: 1466, Mhz Limit: 2000
Processor Information for processor 9
  Max Mhz: 2000, Current Mhz: 2000, Mhz Limit: 2000
Processor Information for processor 10
  Max Mhz: 2000, Current Mhz: 2000, Mhz Limit: 2000
Processor Information for processor 11
  Max Mhz: 2000, Current Mhz: 2000, Mhz Limit: 2000

Memory: 4k page, system-wide physical 16108M (1526M free)
TotalPageFile size 20204M (AvailPageFile size 16M)
current process WorkingSet (physical memory assigned to process): 856M, peak: 856M
current process commit charge ("private bytes"): 1506M, peak: 1506M

vm_info: OpenJDK 64-Bit Server VM (17.0.11+0--11852314) for windows-amd64 JRE (17.0.11+0--11852314), built on May 16 2024 21:29:20 by "androidbuild" with MS VC++ 16.10 / 16.11 (VS2019)

END.
