#
# There is insufficient memory for the Java Runtime Environment to continue.
# Native memory allocation (malloc) failed to allocate 1248208 bytes. Error detail: Chunk::new
# Possible reasons:
#   The system is out of physical RAM or swap space
#   This process is running with CompressedOops enabled, and the Java Heap may be blocking the growth of the native heap
# Possible solutions:
#   Reduce memory load on the system
#   Increase physical memory or swap space
#   Check if swap backing store is full
#   Decrease Java heap size (-Xmx/-Xms)
#   Decrease number of Java threads
#   Decrease Java thread stack sizes (-Xss)
#   Set larger code cache with -XX:ReservedCodeCacheSize=
#   JVM is running with Unscaled Compressed Oops mode in which the Java heap is
#     placed in the first 4GB address space. The Java Heap base address is the
#     maximum limit for the native heap growth. Please use -XX:HeapBaseMinAddress
#     to set the Java Heap base and to place the Java Heap above 4GB virtual address.
# This output file may be truncated or incomplete.
#
#  Out of Memory Error (arena.cpp:191), pid=2468, tid=19536
#
# JRE version: OpenJDK Runtime Environment (17.0.11) (build 17.0.11+0--11852314)
# Java VM: OpenJDK 64-Bit Server VM (17.0.11+0--11852314, mixed mode, tiered, compressed oops, compressed class ptrs, g1 gc, windows-amd64)
# No core dump will be written. Minidumps are not enabled by default on client versions of Windows
#

---------------  S U M M A R Y ------------

Command Line: --add-opens=java.base/java.util=ALL-UNNAMED --add-opens=java.base/java.lang=ALL-UNNAMED --add-opens=java.base/java.lang.invoke=ALL-UNNAMED --add-opens=java.prefs/java.util.prefs=ALL-UNNAMED --add-opens=java.base/java.nio.charset=ALL-UNNAMED --add-opens=java.base/java.net=ALL-UNNAMED --add-opens=java.base/java.util.concurrent.atomic=ALL-UNNAMED -Xmx2048m -Dfile.encoding=UTF-8 -Duser.country=TR -Duser.language=tr -Duser.variant -javaagent:C:\Users\gurgi\.gradle\wrapper\dists\gradle-8.7-bin\bhs2wmbdwecv87pi65oeuq5iu\gradle-8.7\lib\agents\gradle-instrumentation-agent-8.7.jar org.gradle.launcher.daemon.bootstrap.GradleDaemon 8.7

Host: 12th Gen Intel(R) Core(TM) i5-12450H, 12 cores, 15G,  Windows 11 , 64 bit Build 26100 (10.0.26100.3775)
Time: Thu May  1 18:05:58 2025 Türkiye Standart Saati elapsed time: 2770.789829 seconds (0d 0h 46m 10s)

---------------  T H R E A D  ---------------

Current thread (0x0000029b5a0ad750):  JavaThread "C2 CompilerThread0" daemon [_thread_in_native, id=19536, stack(0x000000b6e2e00000,0x000000b6e2f00000)]


Current CompileTask:
C2:2770790 32401       4       org.jetbrains.kotlin.gradle.internal.kapt.incremental.ClasspathEntryData::readObject (422 bytes)

Stack: [0x000000b6e2e00000,0x000000b6e2f00000]
Native frames: (J=compiled Java code, j=interpreted, Vv=VM code, C=native code)
V  [jvm.dll+0x687bb9]
V  [jvm.dll+0x84142a]
V  [jvm.dll+0x8430ae]
V  [jvm.dll+0x843713]
V  [jvm.dll+0x24a35f]
V  [jvm.dll+0xac544]
V  [jvm.dll+0xacb8c]
V  [jvm.dll+0x369c37]
V  [jvm.dll+0x1be312]
V  [jvm.dll+0x21c029]
V  [jvm.dll+0x21b311]
V  [jvm.dll+0x1a63ed]
V  [jvm.dll+0x22b1ee]
V  [jvm.dll+0x229375]
V  [jvm.dll+0x7f5647]
V  [jvm.dll+0x7efa4a]
V  [jvm.dll+0x686a35]
C  [ucrtbase.dll+0x37b0]
C  [KERNEL32.DLL+0x2e8d7]
C  [ntdll.dll+0xb14fc]


---------------  P R O C E S S  ---------------

Threads class SMR info:
_java_thread_list=0x0000029b665c82c0, length=117, elements={
0x0000029b3b22b230, 0x0000029b5a076010, 0x0000029b5a0778f0, 0x0000029b5a062f40,
0x0000029b5a063810, 0x0000029b5a0aaba0, 0x0000029b5a0abfe0, 0x0000029b5a0ad750,
0x0000029b5a0c0b80, 0x0000029b5a0c2000, 0x0000029b55cfd510, 0x0000029b5a333700,
0x0000029b5c8f3070, 0x0000029b5c416000, 0x0000029b5bc83890, 0x0000029b5be54e80,
0x0000029b5be53a40, 0x0000029b5be55db0, 0x0000029b5be54460, 0x0000029b5be54970,
0x0000029b5c2b0a80, 0x0000029b5b1cc750, 0x0000029b66038170, 0x0000029b60a17990,
0x0000029b5b1cae00, 0x0000029b5d715700, 0x0000029b60775900, 0x0000029b66037240,
0x0000029b66037750, 0x0000029b660358f0, 0x0000029b66033fa0, 0x0000029b66034ed0,
0x0000029b5c2b6ab0, 0x0000029b5c2b5670, 0x0000029b60a10520, 0x0000029b60a16040,
0x0000029b60a132b0, 0x0000029b60a11450, 0x0000029b60a10a30, 0x0000029b60a11960,
0x0000029b60a10010, 0x0000029b60a15b30, 0x0000029b60a141e0, 0x0000029b60a15620,
0x0000029b60a12380, 0x0000029b60a15110, 0x0000029b60a16550, 0x0000029b60a14c00,
0x0000029b60a12da0, 0x0000029b60a16a60, 0x0000029b60a16f70, 0x0000029b60a137c0,
0x0000029b615487e0, 0x0000029b6154a640, 0x0000029b61549c20, 0x0000029b6154ab50,
0x0000029b61549200, 0x0000029b615473a0, 0x0000029b61547dc0, 0x0000029b6154b060,
0x0000029b61549710, 0x0000029b615478b0, 0x0000029b6154d3d0, 0x0000029b6154e810,
0x0000029b6154cec0, 0x0000029b6154ed20, 0x0000029b6154e300, 0x0000029b6154c4a0,
0x0000029b6154f230, 0x0000029b61550670, 0x0000029b61550b80, 0x0000029b6154ddf0,
0x0000029b6154d8e0, 0x0000029b615529e0, 0x0000029b61552ef0, 0x0000029b61553400,
0x0000029b61553910, 0x0000029b615524d0, 0x0000029b61553e20, 0x0000029b61554330,
0x0000029b61554840, 0x0000029b61551090, 0x0000029b615515a0, 0x0000029b61555260,
0x0000029b61551ab0, 0x0000029b61555770, 0x0000029b61556190, 0x0000029b61555c80,
0x0000029b615566a0, 0x0000029b66c70370, 0x0000029b66c712a0, 0x0000029b66c6fe60,
0x0000029b66c717b0, 0x0000029b66c71cc0, 0x0000029b66c6ea20, 0x0000029b66c726e0,
0x0000029b66c6ef30, 0x0000029b66c6f440, 0x0000029b66c72bf0, 0x0000029b66c6f950,
0x0000029b66c74540, 0x0000029b66c74a50, 0x0000029b66c73610, 0x0000029b66c75980,
0x0000029b66c73b20, 0x0000029b66c763a0, 0x0000029b66c73100, 0x0000029b66c74f60,
0x0000029b66c74030, 0x0000029b66c75e90, 0x0000029b5d711a40, 0x0000029b5d714ce0,
0x0000029b5d713db0, 0x0000029b5d7138a0, 0x0000029b5d711f50, 0x0000029b6a2164a0,
0x0000029b5d7142c0
}

Java Threads: ( => current thread )
  0x0000029b3b22b230 JavaThread "main" [_thread_blocked, id=1664, stack(0x000000b6e2100000,0x000000b6e2200000)]
  0x0000029b5a076010 JavaThread "Reference Handler" daemon [_thread_blocked, id=17332, stack(0x000000b6e2800000,0x000000b6e2900000)]
  0x0000029b5a0778f0 JavaThread "Finalizer" daemon [_thread_blocked, id=6200, stack(0x000000b6e2900000,0x000000b6e2a00000)]
  0x0000029b5a062f40 JavaThread "Signal Dispatcher" daemon [_thread_blocked, id=10324, stack(0x000000b6e2a00000,0x000000b6e2b00000)]
  0x0000029b5a063810 JavaThread "Attach Listener" daemon [_thread_blocked, id=3384, stack(0x000000b6e2b00000,0x000000b6e2c00000)]
  0x0000029b5a0aaba0 JavaThread "Service Thread" daemon [_thread_blocked, id=18980, stack(0x000000b6e2c00000,0x000000b6e2d00000)]
  0x0000029b5a0abfe0 JavaThread "Monitor Deflation Thread" daemon [_thread_blocked, id=20016, stack(0x000000b6e2d00000,0x000000b6e2e00000)]
=>0x0000029b5a0ad750 JavaThread "C2 CompilerThread0" daemon [_thread_in_native, id=19536, stack(0x000000b6e2e00000,0x000000b6e2f00000)]
  0x0000029b5a0c0b80 JavaThread "C1 CompilerThread0" daemon [_thread_blocked, id=9252, stack(0x000000b6e2f00000,0x000000b6e3000000)]
  0x0000029b5a0c2000 JavaThread "Sweeper thread" daemon [_thread_blocked, id=19260, stack(0x000000b6e3000000,0x000000b6e3100000)]
  0x0000029b55cfd510 JavaThread "Common-Cleaner" daemon [_thread_blocked, id=19248, stack(0x000000b6e3100000,0x000000b6e3200000)]
  0x0000029b5a333700 JavaThread "Notification Thread" daemon [_thread_blocked, id=8808, stack(0x000000b6e3200000,0x000000b6e3300000)]
  0x0000029b5c8f3070 JavaThread "Daemon health stats" [_thread_blocked, id=8552, stack(0x000000b6e3400000,0x000000b6e3500000)]
  0x0000029b5c416000 JavaThread "Incoming local TCP Connector on port 51126" [_thread_in_native, id=6024, stack(0x000000b6e3a00000,0x000000b6e3b00000)]
  0x0000029b5bc83890 JavaThread "Daemon periodic checks" [_thread_blocked, id=19380, stack(0x000000b6e3c00000,0x000000b6e3d00000)]
  0x0000029b5be54e80 JavaThread "Cache worker for journal cache (C:\Users\gurgi\.gradle\caches\journal-1)" [_thread_blocked, id=2268, stack(0x000000b6e4a00000,0x000000b6e4b00000)]
  0x0000029b5be53a40 JavaThread "File lock request listener" [_thread_in_native, id=9324, stack(0x000000b6e4b00000,0x000000b6e4c00000)]
  0x0000029b5be55db0 JavaThread "Cache worker for file hash cache (C:\Users\gurgi\.gradle\caches\8.7\fileHashes)" [_thread_blocked, id=19716, stack(0x000000b6e4c00000,0x000000b6e4d00000)]
  0x0000029b5be54460 JavaThread "File watcher server" daemon [_thread_in_native, id=17208, stack(0x000000b6e4f00000,0x000000b6e5000000)]
  0x0000029b5be54970 JavaThread "File watcher consumer" daemon [_thread_blocked, id=8836, stack(0x000000b6e5000000,0x000000b6e5100000)]
  0x0000029b5c2b0a80 JavaThread "Cache worker for file content cache (C:\Users\gurgi\.gradle\caches\8.7\fileContent)" [_thread_blocked, id=1208, stack(0x000000b6e5400000,0x000000b6e5500000)]
  0x0000029b5b1cc750 JavaThread "Memory manager" [_thread_blocked, id=19704, stack(0x000000b6e6d00000,0x000000b6e6e00000)]
  0x0000029b66038170 JavaThread "RMI Scheduler(0)" daemon [_thread_blocked, id=5156, stack(0x000000b6e3b00000,0x000000b6e3c00000)]
  0x0000029b60a17990 JavaThread "RMI GC Daemon" daemon [_thread_blocked, id=15320, stack(0x000000b6ee500000,0x000000b6ee600000)]
  0x0000029b5b1cae00 JavaThread "RMI TCP Accept-0" daemon [_thread_in_native, id=19496, stack(0x000000b6ee600000,0x000000b6ee700000)]
  0x0000029b5d715700 JavaThread "RMI Reaper" [_thread_blocked, id=15208, stack(0x000000b6ee700000,0x000000b6ee800000)]
  0x0000029b60775900 JavaThread "Cache worker for Java compile cache (C:\Users\gurgi\.gradle\caches\8.7\javaCompile)" [_thread_blocked, id=15212, stack(0x000000b6e9e00000,0x000000b6e9f00000)]
  0x0000029b66037240 JavaThread "ForkJoinPool.commonPool-worker-26" daemon [_thread_blocked, id=17276, stack(0x000000b6e6000000,0x000000b6e6100000)]
  0x0000029b66037750 JavaThread "ForkJoinPool.commonPool-worker-29" daemon [_thread_blocked, id=4684, stack(0x000000b6ec200000,0x000000b6ec300000)]
  0x0000029b660358f0 JavaThread "ForkJoinPool.commonPool-worker-30" daemon [_thread_blocked, id=20308, stack(0x000000b6ec300000,0x000000b6ec400000)]
  0x0000029b66033fa0 JavaThread "ForkJoinPool.commonPool-worker-31" daemon [_thread_blocked, id=7032, stack(0x000000b6ec400000,0x000000b6ec500000)]
  0x0000029b66034ed0 JavaThread "ForkJoinPool.commonPool-worker-34" daemon [_thread_blocked, id=20004, stack(0x000000b6ec700000,0x000000b6ec800000)]
  0x0000029b5c2b6ab0 JavaThread "ForkJoinPool.commonPool-worker-37" daemon [_thread_blocked, id=20416, stack(0x000000b6e9300000,0x000000b6e9400000)]
  0x0000029b5c2b5670 JavaThread "ForkJoinPool.commonPool-worker-38" daemon [_thread_blocked, id=8868, stack(0x000000b6e9900000,0x000000b6e9a00000)]
  0x0000029b60a10520 JavaThread "ForkJoinPool.commonPool-worker-39" daemon [_thread_blocked, id=20768, stack(0x000000b6e9400000,0x000000b6e9500000)]
  0x0000029b60a16040 JavaThread "ForkJoinPool.commonPool-worker-40" daemon [_thread_blocked, id=6188, stack(0x000000b6e9c00000,0x000000b6e9d00000)]
  0x0000029b60a132b0 JavaThread "RMI TCP Connection(58)-127.0.0.1" daemon [_thread_in_native, id=11980, stack(0x000000b6e1f00000,0x000000b6e2000000)]
  0x0000029b60a11450 JavaThread "Daemon Thread 13" [_thread_blocked, id=21032, stack(0x000000b6e1e00000,0x000000b6e1f00000)]
  0x0000029b60a10a30 JavaThread "Handler for socket connection from /127.0.0.1:51126 to /127.0.0.1:53712" [_thread_in_native, id=9660, stack(0x000000b6e2000000,0x000000b6e2100000)]
  0x0000029b60a11960 JavaThread "Cancel handler" [_thread_blocked, id=2260, stack(0x000000b6e3d00000,0x000000b6e3e00000)]
  0x0000029b60a10010 JavaThread "Daemon worker Thread 13" [_thread_blocked, id=19964, stack(0x000000b6e3e00000,0x000000b6e3f00000)]
  0x0000029b60a15b30 JavaThread "Asynchronous log dispatcher for DefaultDaemonConnection: socket connection from /127.0.0.1:51126 to /127.0.0.1:53712" [_thread_blocked, id=22512, stack(0x000000b6e3f00000,0x000000b6e4000000)]
  0x0000029b60a141e0 JavaThread "Stdin handler" [_thread_blocked, id=21620, stack(0x000000b6e4000000,0x000000b6e4100000)]
  0x0000029b60a15620 JavaThread "Daemon client event forwarder" [_thread_blocked, id=14728, stack(0x000000b6e4100000,0x000000b6e4200000)]
  0x0000029b60a12380 JavaThread "Cache worker for file hash cache (C:\Users\gurgi\IdeaProjects\burak2\.gradle\8.7\fileHashes)" [_thread_blocked, id=21976, stack(0x000000b6e4200000,0x000000b6e4300000)]
  0x0000029b60a15110 JavaThread "Cache worker for checksums cache (C:\Users\gurgi\IdeaProjects\burak2\.gradle\8.7\checksums)" [_thread_blocked, id=21084, stack(0x000000b6e4300000,0x000000b6e4400000)]
  0x0000029b60a16550 JavaThread "Cache worker for cache directory md-supplier (C:\Users\gurgi\.gradle\caches\8.7\md-supplier)" [_thread_blocked, id=4488, stack(0x000000b6e4d00000,0x000000b6e4e00000)]
  0x0000029b60a14c00 JavaThread "Cache worker for cache directory md-rule (C:\Users\gurgi\.gradle\caches\8.7\md-rule)" [_thread_blocked, id=2972, stack(0x000000b6e4e00000,0x000000b6e4f00000)]
  0x0000029b60a12da0 JavaThread "Cache worker for Build Output Cleanup Cache (C:\Users\gurgi\IdeaProjects\burak2\.gradle\buildOutputCleanup)" [_thread_blocked, id=20232, stack(0x000000b6e5100000,0x000000b6e5200000)]
  0x0000029b60a16a60 JavaThread "Unconstrained build operations" [_thread_blocked, id=21792, stack(0x000000b6e5200000,0x000000b6e5300000)]
  0x0000029b60a16f70 JavaThread "Unconstrained build operations Thread 2" [_thread_blocked, id=2912, stack(0x000000b6e5300000,0x000000b6e5400000)]
  0x0000029b60a137c0 JavaThread "Unconstrained build operations Thread 3" [_thread_blocked, id=21632, stack(0x000000b6e5500000,0x000000b6e5600000)]
  0x0000029b615487e0 JavaThread "Unconstrained build operations Thread 4" [_thread_blocked, id=18624, stack(0x000000b6e5600000,0x000000b6e5700000)]
  0x0000029b6154a640 JavaThread "Unconstrained build operations Thread 5" [_thread_blocked, id=20988, stack(0x000000b6e5700000,0x000000b6e5800000)]
  0x0000029b61549c20 JavaThread "Unconstrained build operations Thread 6" [_thread_blocked, id=3588, stack(0x000000b6e5800000,0x000000b6e5900000)]
  0x0000029b6154ab50 JavaThread "Unconstrained build operations Thread 7" [_thread_blocked, id=1996, stack(0x000000b6e5900000,0x000000b6e5a00000)]
  0x0000029b61549200 JavaThread "Unconstrained build operations Thread 8" [_thread_blocked, id=20856, stack(0x000000b6e5a00000,0x000000b6e5b00000)]
  0x0000029b615473a0 JavaThread "Unconstrained build operations Thread 9" [_thread_blocked, id=17956, stack(0x000000b6e5b00000,0x000000b6e5c00000)]
  0x0000029b61547dc0 JavaThread "Unconstrained build operations Thread 10" [_thread_blocked, id=10364, stack(0x000000b6e5c00000,0x000000b6e5d00000)]
  0x0000029b6154b060 JavaThread "Unconstrained build operations Thread 11" [_thread_blocked, id=21144, stack(0x000000b6e5d00000,0x000000b6e5e00000)]
  0x0000029b61549710 JavaThread "build event listener" [_thread_blocked, id=4120, stack(0x000000b6e5e00000,0x000000b6e5f00000)]
  0x0000029b615478b0 JavaThread "build event listener" [_thread_blocked, id=17512, stack(0x000000b6e5f00000,0x000000b6e6000000)]
  0x0000029b6154d3d0 JavaThread "included builds" [_thread_blocked, id=22324, stack(0x000000b6e6200000,0x000000b6e6300000)]
  0x0000029b6154e810 JavaThread "Execution worker" [_thread_blocked, id=15552, stack(0x000000b6e6300000,0x000000b6e6400000)]
  0x0000029b6154cec0 JavaThread "Execution worker Thread 2" [_thread_blocked, id=20528, stack(0x000000b6e6400000,0x000000b6e6500000)]
  0x0000029b6154ed20 JavaThread "Execution worker Thread 3" [_thread_blocked, id=21680, stack(0x000000b6e6500000,0x000000b6e6600000)]
  0x0000029b6154e300 JavaThread "Execution worker Thread 4" [_thread_blocked, id=21436, stack(0x000000b6e6600000,0x000000b6e6700000)]
  0x0000029b6154c4a0 JavaThread "Execution worker Thread 5" [_thread_blocked, id=4368, stack(0x000000b6e6700000,0x000000b6e6800000)]
  0x0000029b6154f230 JavaThread "Execution worker Thread 6" [_thread_blocked, id=6396, stack(0x000000b6e6800000,0x000000b6e6900000)]
  0x0000029b61550670 JavaThread "Execution worker Thread 7" [_thread_blocked, id=10408, stack(0x000000b6e6900000,0x000000b6e6a00000)]
  0x0000029b61550b80 JavaThread "Execution worker Thread 8" [_thread_blocked, id=21004, stack(0x000000b6e6a00000,0x000000b6e6b00000)]
  0x0000029b6154ddf0 JavaThread "Execution worker Thread 9" [_thread_blocked, id=6504, stack(0x000000b6e6b00000,0x000000b6e6c00000)]
  0x0000029b6154d8e0 JavaThread "Execution worker Thread 10" [_thread_blocked, id=14984, stack(0x000000b6e6c00000,0x000000b6e6d00000)]
  0x0000029b615529e0 JavaThread "Execution worker Thread 11" [_thread_blocked, id=20300, stack(0x000000b6e6e00000,0x000000b6e6f00000)]
  0x0000029b61552ef0 JavaThread "Cache worker for execution history cache (C:\Users\gurgi\IdeaProjects\burak2\.gradle\8.7\executionHistory)" [_thread_blocked, id=19896, stack(0x000000b6e6f00000,0x000000b6e7000000)]
  0x0000029b61553400 JavaThread "Unconstrained build operations Thread 12" [_thread_blocked, id=12920, stack(0x000000b6e7000000,0x000000b6e7100000)]
  0x0000029b61553910 JavaThread "Unconstrained build operations Thread 13" [_thread_blocked, id=18044, stack(0x000000b6e7100000,0x000000b6e7200000)]
  0x0000029b615524d0 JavaThread "Unconstrained build operations Thread 14" [_thread_blocked, id=3244, stack(0x000000b6e7200000,0x000000b6e7300000)]
  0x0000029b61553e20 JavaThread "Unconstrained build operations Thread 15" [_thread_blocked, id=20932, stack(0x000000b6e7300000,0x000000b6e7400000)]
  0x0000029b61554330 JavaThread "Unconstrained build operations Thread 16" [_thread_blocked, id=3100, stack(0x000000b6e7400000,0x000000b6e7500000)]
  0x0000029b61554840 JavaThread "Unconstrained build operations Thread 17" [_thread_blocked, id=18148, stack(0x000000b6e7500000,0x000000b6e7600000)]
  0x0000029b61551090 JavaThread "Unconstrained build operations Thread 18" [_thread_blocked, id=22416, stack(0x000000b6e7600000,0x000000b6e7700000)]
  0x0000029b615515a0 JavaThread "Unconstrained build operations Thread 19" [_thread_blocked, id=20780, stack(0x000000b6e7700000,0x000000b6e7800000)]
  0x0000029b61555260 JavaThread "Unconstrained build operations Thread 20" [_thread_blocked, id=22384, stack(0x000000b6e7800000,0x000000b6e7900000)]
  0x0000029b61551ab0 JavaThread "Unconstrained build operations Thread 21" [_thread_blocked, id=19980, stack(0x000000b6e7900000,0x000000b6e7a00000)]
  0x0000029b61555770 JavaThread "Unconstrained build operations Thread 22" [_thread_blocked, id=21844, stack(0x000000b6e7a00000,0x000000b6e7b00000)]
  0x0000029b61556190 JavaThread "Unconstrained build operations Thread 23" [_thread_blocked, id=14752, stack(0x000000b6e7b00000,0x000000b6e7c00000)]
  0x0000029b61555c80 JavaThread "Unconstrained build operations Thread 24" [_thread_blocked, id=21908, stack(0x000000b6e7c00000,0x000000b6e7d00000)]
  0x0000029b615566a0 JavaThread "Unconstrained build operations Thread 25" [_thread_blocked, id=12096, stack(0x000000b6e7d00000,0x000000b6e7e00000)]
  0x0000029b66c70370 JavaThread "Unconstrained build operations Thread 26" [_thread_blocked, id=9300, stack(0x000000b6e7e00000,0x000000b6e7f00000)]
  0x0000029b66c712a0 JavaThread "Unconstrained build operations Thread 27" [_thread_blocked, id=21360, stack(0x000000b6e7f00000,0x000000b6e8000000)]
  0x0000029b66c6fe60 JavaThread "Unconstrained build operations Thread 28" [_thread_blocked, id=4828, stack(0x000000b6e8000000,0x000000b6e8100000)]
  0x0000029b66c717b0 JavaThread "Unconstrained build operations Thread 29" [_thread_blocked, id=1524, stack(0x000000b6e8100000,0x000000b6e8200000)]
  0x0000029b66c71cc0 JavaThread "Unconstrained build operations Thread 30" [_thread_blocked, id=7220, stack(0x000000b6e8200000,0x000000b6e8300000)]
  0x0000029b66c6ea20 JavaThread "Unconstrained build operations Thread 31" [_thread_blocked, id=19652, stack(0x000000b6e8300000,0x000000b6e8400000)]
  0x0000029b66c726e0 JavaThread "Unconstrained build operations Thread 32" [_thread_blocked, id=17204, stack(0x000000b6e8400000,0x000000b6e8500000)]
  0x0000029b66c6ef30 JavaThread "Unconstrained build operations Thread 33" [_thread_blocked, id=22172, stack(0x000000b6e8500000,0x000000b6e8600000)]
  0x0000029b66c6f440 JavaThread "Unconstrained build operations Thread 34" [_thread_blocked, id=22364, stack(0x000000b6e8600000,0x000000b6e8700000)]
  0x0000029b66c72bf0 JavaThread "Unconstrained build operations Thread 35" [_thread_blocked, id=21788, stack(0x000000b6e8700000,0x000000b6e8800000)]
  0x0000029b66c6f950 JavaThread "Unconstrained build operations Thread 36" [_thread_blocked, id=8568, stack(0x000000b6e8800000,0x000000b6e8900000)]
  0x0000029b66c74540 JavaThread "Unconstrained build operations Thread 37" [_thread_blocked, id=21756, stack(0x000000b6e8900000,0x000000b6e8a00000)]
  0x0000029b66c74a50 JavaThread "Unconstrained build operations Thread 38" [_thread_blocked, id=6908, stack(0x000000b6e8a00000,0x000000b6e8b00000)]
  0x0000029b66c73610 JavaThread "Unconstrained build operations Thread 39" [_thread_blocked, id=11624, stack(0x000000b6e8b00000,0x000000b6e8c00000)]
  0x0000029b66c75980 JavaThread "Unconstrained build operations Thread 40" [_thread_blocked, id=22400, stack(0x000000b6e8c00000,0x000000b6e8d00000)]
  0x0000029b66c73b20 JavaThread "Unconstrained build operations Thread 41" [_thread_blocked, id=21528, stack(0x000000b6e8d00000,0x000000b6e8e00000)]
  0x0000029b66c763a0 JavaThread "Unconstrained build operations Thread 42" [_thread_blocked, id=8376, stack(0x000000b6e8e00000,0x000000b6e8f00000)]
  0x0000029b66c73100 JavaThread "Unconstrained build operations Thread 43" [_thread_blocked, id=22060, stack(0x000000b6e8f00000,0x000000b6e9000000)]
  0x0000029b66c74f60 JavaThread "Unconstrained build operations Thread 44" [_thread_blocked, id=14564, stack(0x000000b6e9000000,0x000000b6e9100000)]
  0x0000029b66c74030 JavaThread "Unconstrained build operations Thread 45" [_thread_blocked, id=15996, stack(0x000000b6e9100000,0x000000b6e9200000)]
  0x0000029b66c75e90 JavaThread "Unconstrained build operations Thread 46" [_thread_blocked, id=10120, stack(0x000000b6e9200000,0x000000b6e9300000)]
  0x0000029b5d711a40 JavaThread "WorkerExecutor Queue" [_thread_blocked, id=8788, stack(0x000000b6e9500000,0x000000b6e9600000)]
  0x0000029b5d714ce0 JavaThread "Unconstrained build operations Thread 47" [_thread_blocked, id=18456, stack(0x000000b6e9700000,0x000000b6e9800000)]
  0x0000029b5d713db0 JavaThread "Unconstrained build operations Thread 48" [_thread_blocked, id=3604, stack(0x000000b6e9800000,0x000000b6e9900000)]
  0x0000029b5d7138a0 JavaThread "Unconstrained build operations Thread 49" [_thread_blocked, id=22212, stack(0x000000b6e9a00000,0x000000b6e9b00000)]
  0x0000029b5d711f50 JavaThread "Unconstrained build operations Thread 50" [_thread_blocked, id=20540, stack(0x000000b6e9b00000,0x000000b6e9c00000)]
  0x0000029b6a2164a0 JavaThread "C2 CompilerThread1" daemon [_thread_in_native, id=19592, stack(0x000000b6e6100000,0x000000b6e6200000)]
  0x0000029b5d7142c0 JavaThread "WorkerExecutor Queue Thread 2" [_thread_blocked, id=8688, stack(0x000000b6e9d00000,0x000000b6e9e00000)]

Other Threads:
  0x0000029b5a053620 VMThread "VM Thread" [stack: 0x000000b6e2700000,0x000000b6e2800000] [id=19688]
  0x0000029b3b22bfc0 WatcherThread [stack: 0x000000b6e3300000,0x000000b6e3400000] [id=6624]
  0x0000029b3b28a8f0 GCTaskThread "GC Thread#0" [stack: 0x000000b6e2200000,0x000000b6e2300000] [id=16304]
  0x0000029b5b4a6800 GCTaskThread "GC Thread#1" [stack: 0x000000b6e3500000,0x000000b6e3600000] [id=19780]
  0x0000029b5b4a6ac0 GCTaskThread "GC Thread#2" [stack: 0x000000b6e3600000,0x000000b6e3700000] [id=6336]
  0x0000029b5af4f5b0 GCTaskThread "GC Thread#3" [stack: 0x000000b6e3700000,0x000000b6e3800000] [id=20156]
  0x0000029b5af4f870 GCTaskThread "GC Thread#4" [stack: 0x000000b6e3800000,0x000000b6e3900000] [id=14820]
  0x0000029b5af4fb30 GCTaskThread "GC Thread#5" [stack: 0x000000b6e3900000,0x000000b6e3a00000] [id=7552]
  0x0000029b5c0de030 GCTaskThread "GC Thread#6" [stack: 0x000000b6e4400000,0x000000b6e4500000] [id=9996]
  0x0000029b5bbff410 GCTaskThread "GC Thread#7" [stack: 0x000000b6e4500000,0x000000b6e4600000] [id=3752]
  0x0000029b5bbce930 GCTaskThread "GC Thread#8" [stack: 0x000000b6e4600000,0x000000b6e4700000] [id=1176]
  0x0000029b5bbcebf0 GCTaskThread "GC Thread#9" [stack: 0x000000b6e4700000,0x000000b6e4800000] [id=3692]
  0x0000029b3b29b750 ConcurrentGCThread "G1 Main Marker" [stack: 0x000000b6e2300000,0x000000b6e2400000] [id=13564]
  0x0000029b3b29c080 ConcurrentGCThread "G1 Conc#0" [stack: 0x000000b6e2400000,0x000000b6e2500000] [id=13284]
  0x0000029b5b9b6070 ConcurrentGCThread "G1 Conc#1" [stack: 0x000000b6e4800000,0x000000b6e4900000] [id=8992]
  0x0000029b5a9b9040 ConcurrentGCThread "G1 Conc#2" [stack: 0x000000b6e4900000,0x000000b6e4a00000] [id=15292]
  0x0000029b3b2de1d0 ConcurrentGCThread "G1 Refine#0" [stack: 0x000000b6e2500000,0x000000b6e2600000] [id=20212]
  0x0000029b3b2deb10 ConcurrentGCThread "G1 Service" [stack: 0x000000b6e2600000,0x000000b6e2700000] [id=9136]

Threads with active compile tasks:
C2 CompilerThread0  2770835 32401       4       org.jetbrains.kotlin.gradle.internal.kapt.incremental.ClasspathEntryData::readObject (422 bytes)
C2 CompilerThread1  2770835 32425   !   4       java.util.jar.JarFile::getManifestFromReference (197 bytes)

VM state: at safepoint (normal execution)

VM Mutex/Monitor currently owned by a thread:  ([mutex/lock_event])
[0x0000029b3b227620] Threads_lock - owner thread: 0x0000029b5a053620
[0x0000029b3b226ed0] Heap_lock - owner thread: 0x0000029b3b29b750

Heap address: 0x0000000080000000, size: 2048 MB, Compressed Oops mode: 32-bit

CDS archive(s) not mapped
Compressed class space mapped at: 0x0000000100000000-0x0000000140000000, reserved size: 1073741824
Narrow klass base: 0x0000000000000000, Narrow klass shift: 3, Narrow klass range: 0x140000000

GC Precious Log:
 CPUs: 12 total, 12 available
 Memory: 16108M
 Large Page Support: Disabled
 NUMA Support: Disabled
 Compressed Oops: Enabled (32-bit)
 Heap Region Size: 1M
 Heap Min Capacity: 8M
 Heap Initial Capacity: 252M
 Heap Max Capacity: 2G
 Pre-touch: Disabled
 Parallel Workers: 10
 Concurrent Workers: 3
 Concurrent Refinement Workers: 10
 Periodic GC: Disabled

Heap:
 garbage-first heap   total 1160192K, used 178912K [0x0000000080000000, 0x0000000100000000)
  region size 1024K, 16 young (16384K), 6 survivors (6144K)
 Metaspace       used 160976K, committed 162624K, reserved 1245184K
  class space    used 21213K, committed 22016K, reserved 1048576K

Heap Regions: E=young(eden), S=young(survivor), O=old, HS=humongous(starts), HC=humongous(continues), CS=collection set, F=free, OA=open archive, CA=closed archive, TAMS=top-at-mark-start (previous, next)
|   0|0x0000000080000000, 0x0000000080100000, 0x0000000080100000|100%|HS|  |TAMS 0x0000000080100000, 0x0000000080100000| Complete 
|   1|0x0000000080100000, 0x0000000080200000, 0x0000000080200000|100%|HC|  |TAMS 0x0000000080200000, 0x0000000080200000| Complete 
|   2|0x0000000080200000, 0x0000000080300000, 0x0000000080300000|100%|HC|  |TAMS 0x0000000080300000, 0x0000000080300000| Complete 
|   3|0x0000000080300000, 0x0000000080400000, 0x0000000080400000|100%|HC|  |TAMS 0x0000000080400000, 0x0000000080400000| Complete 
|   4|0x0000000080400000, 0x0000000080500000, 0x0000000080500000|100%| O|  |TAMS 0x0000000080500000, 0x0000000080500000| Untracked 
|   5|0x0000000080500000, 0x0000000080600000, 0x0000000080600000|100%| O|  |TAMS 0x0000000080600000, 0x0000000080600000| Untracked 
|   6|0x0000000080600000, 0x0000000080700000, 0x0000000080700000|100%| O|  |TAMS 0x0000000080700000, 0x0000000080700000| Untracked 
|   7|0x0000000080700000, 0x0000000080800000, 0x0000000080800000|100%| O|  |TAMS 0x0000000080800000, 0x0000000080800000| Untracked 
|   8|0x0000000080800000, 0x0000000080900000, 0x0000000080900000|100%| O|  |TAMS 0x0000000080900000, 0x0000000080900000| Untracked 
|   9|0x0000000080900000, 0x0000000080a00000, 0x0000000080a00000|100%| O|  |TAMS 0x0000000080a00000, 0x0000000080a00000| Untracked 
|  10|0x0000000080a00000, 0x0000000080b00000, 0x0000000080b00000|100%|HS|  |TAMS 0x0000000080b00000, 0x0000000080b00000| Complete 
|  11|0x0000000080b00000, 0x0000000080c00000, 0x0000000080c00000|100%| O|  |TAMS 0x0000000080c00000, 0x0000000080c00000| Untracked 
|  12|0x0000000080c00000, 0x0000000080d00000, 0x0000000080d00000|100%| O|  |TAMS 0x0000000080d00000, 0x0000000080d00000| Untracked 
|  13|0x0000000080d00000, 0x0000000080e00000, 0x0000000080e00000|100%| O|  |TAMS 0x0000000080e00000, 0x0000000080e00000| Untracked 
|  14|0x0000000080e00000, 0x0000000080f00000, 0x0000000080f00000|100%| O|  |TAMS 0x0000000080f00000, 0x0000000080f00000| Untracked 
|  15|0x0000000080f00000, 0x0000000081000000, 0x0000000081000000|100%| O|  |TAMS 0x0000000081000000, 0x0000000081000000| Untracked 
|  16|0x0000000081000000, 0x0000000081100000, 0x0000000081100000|100%| O|  |TAMS 0x0000000081100000, 0x0000000081100000| Untracked 
|  17|0x0000000081100000, 0x0000000081200000, 0x0000000081200000|100%| O|  |TAMS 0x0000000081200000, 0x0000000081200000| Untracked 
|  18|0x0000000081200000, 0x0000000081300000, 0x0000000081300000|100%| O|  |TAMS 0x0000000081300000, 0x0000000081300000| Untracked 
|  19|0x0000000081300000, 0x0000000081400000, 0x0000000081400000|100%| O|  |TAMS 0x0000000081400000, 0x0000000081400000| Untracked 
|  20|0x0000000081400000, 0x0000000081500000, 0x0000000081500000|100%| O|  |TAMS 0x0000000081500000, 0x0000000081500000| Untracked 
|  21|0x0000000081500000, 0x0000000081600000, 0x0000000081600000|100%| O|  |TAMS 0x0000000081600000, 0x0000000081600000| Untracked 
|  22|0x0000000081600000, 0x0000000081700000, 0x0000000081700000|100%| O|  |TAMS 0x0000000081700000, 0x0000000081700000| Untracked 
|  23|0x0000000081700000, 0x0000000081800000, 0x0000000081800000|100%|HS|  |TAMS 0x0000000081800000, 0x0000000081800000| Complete 
|  24|0x0000000081800000, 0x0000000081900000, 0x0000000081900000|100%| O|  |TAMS 0x0000000081900000, 0x0000000081900000| Untracked 
|  25|0x0000000081900000, 0x0000000081a00000, 0x0000000081a00000|100%| O|  |TAMS 0x0000000081a00000, 0x0000000081a00000| Untracked 
|  26|0x0000000081a00000, 0x0000000081b00000, 0x0000000081b00000|100%| O|  |TAMS 0x0000000081b00000, 0x0000000081b00000| Untracked 
|  27|0x0000000081b00000, 0x0000000081c00000, 0x0000000081c00000|100%| O|  |TAMS 0x0000000081c00000, 0x0000000081c00000| Untracked 
|  28|0x0000000081c00000, 0x0000000081d00000, 0x0000000081d00000|100%| O|  |TAMS 0x0000000081d00000, 0x0000000081d00000| Untracked 
|  29|0x0000000081d00000, 0x0000000081e00000, 0x0000000081e00000|100%| O|  |TAMS 0x0000000081e00000, 0x0000000081e00000| Untracked 
|  30|0x0000000081e00000, 0x0000000081f00000, 0x0000000081f00000|100%| O|  |TAMS 0x0000000081f00000, 0x0000000081f00000| Untracked 
|  31|0x0000000081f00000, 0x0000000082000000, 0x0000000082000000|100%| O|  |TAMS 0x0000000082000000, 0x0000000082000000| Untracked 
|  32|0x0000000082000000, 0x0000000082100000, 0x0000000082100000|100%| O|  |TAMS 0x0000000082100000, 0x0000000082100000| Untracked 
|  33|0x0000000082100000, 0x0000000082200000, 0x0000000082200000|100%| O|  |TAMS 0x0000000082200000, 0x0000000082200000| Untracked 
|  34|0x0000000082200000, 0x0000000082300000, 0x0000000082300000|100%| O|  |TAMS 0x0000000082300000, 0x0000000082300000| Untracked 
|  35|0x0000000082300000, 0x0000000082400000, 0x0000000082400000|100%| O|  |TAMS 0x0000000082400000, 0x0000000082400000| Untracked 
|  36|0x0000000082400000, 0x0000000082500000, 0x0000000082500000|100%| O|  |TAMS 0x0000000082500000, 0x0000000082500000| Untracked 
|  37|0x0000000082500000, 0x0000000082600000, 0x0000000082600000|100%| O|  |TAMS 0x0000000082600000, 0x0000000082600000| Untracked 
|  38|0x0000000082600000, 0x0000000082700000, 0x0000000082700000|100%| O|  |TAMS 0x0000000082700000, 0x0000000082700000| Untracked 
|  39|0x0000000082700000, 0x0000000082800000, 0x0000000082800000|100%| O|  |TAMS 0x0000000082800000, 0x0000000082800000| Untracked 
|  40|0x0000000082800000, 0x0000000082800000, 0x0000000082900000|  0%| F|  |TAMS 0x0000000082800000, 0x0000000082800000| Untracked 
|  41|0x0000000082900000, 0x0000000082a00000, 0x0000000082a00000|100%| O|  |TAMS 0x0000000082a00000, 0x0000000082a00000| Untracked 
|  42|0x0000000082a00000, 0x0000000082b00000, 0x0000000082b00000|100%|HS|  |TAMS 0x0000000082b00000, 0x0000000082b00000| Complete 
|  43|0x0000000082b00000, 0x0000000082c00000, 0x0000000082c00000|100%| O|  |TAMS 0x0000000082c00000, 0x0000000082c00000| Untracked 
|  44|0x0000000082c00000, 0x0000000082d00000, 0x0000000082d00000|100%| O|  |TAMS 0x0000000082c00000, 0x0000000082d00000| Untracked 
|  45|0x0000000082d00000, 0x0000000082e00000, 0x0000000082e00000|100%|HS|  |TAMS 0x0000000082e00000, 0x0000000082e00000| Complete 
|  46|0x0000000082e00000, 0x0000000082f00000, 0x0000000082f00000|100%|HS|  |TAMS 0x0000000082f00000, 0x0000000082f00000| Complete 
|  47|0x0000000082f00000, 0x0000000083000000, 0x0000000083000000|100%|HC|  |TAMS 0x0000000083000000, 0x0000000083000000| Complete 
|  48|0x0000000083000000, 0x0000000083100000, 0x0000000083100000|100%|HS|  |TAMS 0x0000000083100000, 0x0000000083100000| Complete 
|  49|0x0000000083100000, 0x0000000083200000, 0x0000000083200000|100%|HC|  |TAMS 0x0000000083200000, 0x0000000083200000| Complete 
|  50|0x0000000083200000, 0x0000000083300000, 0x0000000083300000|100%|HS|  |TAMS 0x0000000083300000, 0x0000000083300000| Complete 
|  51|0x0000000083300000, 0x0000000083400000, 0x0000000083400000|100%|HS|  |TAMS 0x0000000083400000, 0x0000000083400000| Complete 
|  52|0x0000000083400000, 0x0000000083500000, 0x0000000083500000|100%|HC|  |TAMS 0x0000000083500000, 0x0000000083500000| Complete 
|  53|0x0000000083500000, 0x0000000083600000, 0x0000000083600000|100%|HC|  |TAMS 0x0000000083600000, 0x0000000083600000| Complete 
|  54|0x0000000083600000, 0x0000000083700000, 0x0000000083700000|100%|HC|  |TAMS 0x0000000083700000, 0x0000000083700000| Complete 
|  55|0x0000000083700000, 0x0000000083800000, 0x0000000083800000|100%|HS|  |TAMS 0x0000000083800000, 0x0000000083800000| Complete 
|  56|0x0000000083800000, 0x0000000083900000, 0x0000000083900000|100%| O|  |TAMS 0x0000000083900000, 0x0000000083900000| Untracked 
|  57|0x0000000083900000, 0x0000000083a00000, 0x0000000083a00000|100%|HS|  |TAMS 0x0000000083a00000, 0x0000000083a00000| Complete 
|  58|0x0000000083a00000, 0x0000000083b00000, 0x0000000083b00000|100%| O|  |TAMS 0x0000000083b00000, 0x0000000083b00000| Untracked 
|  59|0x0000000083b00000, 0x0000000083c00000, 0x0000000083c00000|100%| O|  |TAMS 0x0000000083c00000, 0x0000000083c00000| Untracked 
|  60|0x0000000083c00000, 0x0000000083d00000, 0x0000000083d00000|100%| O|  |TAMS 0x0000000083d00000, 0x0000000083d00000| Untracked 
|  61|0x0000000083d00000, 0x0000000083e00000, 0x0000000083e00000|100%| O|  |TAMS 0x0000000083e00000, 0x0000000083e00000| Untracked 
|  62|0x0000000083e00000, 0x0000000083f00000, 0x0000000083f00000|100%| O|  |TAMS 0x0000000083f00000, 0x0000000083f00000| Untracked 
|  63|0x0000000083f00000, 0x0000000084000000, 0x0000000084000000|100%| O|  |TAMS 0x0000000084000000, 0x0000000084000000| Untracked 
|  64|0x0000000084000000, 0x0000000084100000, 0x0000000084100000|100%| O|  |TAMS 0x0000000084100000, 0x0000000084100000| Untracked 
|  65|0x0000000084100000, 0x0000000084200000, 0x0000000084200000|100%| O|  |TAMS 0x0000000084200000, 0x0000000084200000| Untracked 
|  66|0x0000000084200000, 0x0000000084200000, 0x0000000084300000|  0%| F|  |TAMS 0x0000000084200000, 0x0000000084200000| Untracked 
|  67|0x0000000084300000, 0x0000000084400000, 0x0000000084400000|100%|HS|  |TAMS 0x0000000084400000, 0x0000000084400000| Complete 
|  68|0x0000000084400000, 0x0000000084500000, 0x0000000084500000|100%|HS|  |TAMS 0x0000000084500000, 0x0000000084500000| Complete 
|  69|0x0000000084500000, 0x0000000084600000, 0x0000000084600000|100%|HC|  |TAMS 0x0000000084600000, 0x0000000084600000| Complete 
|  70|0x0000000084600000, 0x0000000084700000, 0x0000000084700000|100%|HC|  |TAMS 0x0000000084700000, 0x0000000084700000| Complete 
|  71|0x0000000084700000, 0x0000000084800000, 0x0000000084800000|100%|HC|  |TAMS 0x0000000084800000, 0x0000000084800000| Complete 
|  72|0x0000000084800000, 0x0000000084900000, 0x0000000084900000|100%| O|  |TAMS 0x0000000084900000, 0x0000000084900000| Untracked 
|  73|0x0000000084900000, 0x0000000084a00000, 0x0000000084a00000|100%| O|  |TAMS 0x0000000084a00000, 0x0000000084a00000| Untracked 
|  74|0x0000000084a00000, 0x0000000084b00000, 0x0000000084b00000|100%|HS|  |TAMS 0x0000000084a00000, 0x0000000084a00000| Complete 
|  75|0x0000000084b00000, 0x0000000084c00000, 0x0000000084c00000|100%|HC|  |TAMS 0x0000000084b00000, 0x0000000084b00000| Complete 
|  76|0x0000000084c00000, 0x0000000084d00000, 0x0000000084d00000|100%| O|  |TAMS 0x0000000084d00000, 0x0000000084d00000| Untracked 
|  77|0x0000000084d00000, 0x0000000084e00000, 0x0000000084e00000|100%| O|  |TAMS 0x0000000084e00000, 0x0000000084e00000| Untracked 
|  78|0x0000000084e00000, 0x0000000084f00000, 0x0000000084f00000|100%| O|  |TAMS 0x0000000084f00000, 0x0000000084f00000| Untracked 
|  79|0x0000000084f00000, 0x0000000085000000, 0x0000000085000000|100%| O|  |TAMS 0x0000000085000000, 0x0000000085000000| Untracked 
|  80|0x0000000085000000, 0x0000000085000000, 0x0000000085100000|  0%| F|  |TAMS 0x0000000085000000, 0x0000000085000000| Untracked 
|  81|0x0000000085100000, 0x0000000085200000, 0x0000000085200000|100%| O|  |TAMS 0x0000000085200000, 0x0000000085200000| Untracked 
|  82|0x0000000085200000, 0x0000000085300000, 0x0000000085300000|100%| O|  |TAMS 0x0000000085300000, 0x0000000085300000| Untracked 
|  83|0x0000000085300000, 0x0000000085400000, 0x0000000085400000|100%| O|  |TAMS 0x0000000085400000, 0x0000000085400000| Untracked 
|  84|0x0000000085400000, 0x0000000085500000, 0x0000000085500000|100%| O|  |TAMS 0x0000000085500000, 0x0000000085500000| Untracked 
|  85|0x0000000085500000, 0x0000000085500000, 0x0000000085600000|  0%| F|  |TAMS 0x0000000085500000, 0x0000000085500000| Untracked 
|  86|0x0000000085600000, 0x0000000085700000, 0x0000000085700000|100%| O|  |TAMS 0x0000000085600000, 0x0000000085700000| Untracked 
|  87|0x0000000085700000, 0x0000000085800000, 0x0000000085800000|100%| O|  |TAMS 0x0000000085800000, 0x0000000085800000| Untracked 
|  88|0x0000000085800000, 0x0000000085900000, 0x0000000085900000|100%| O|  |TAMS 0x0000000085900000, 0x0000000085900000| Untracked 
|  89|0x0000000085900000, 0x0000000085900000, 0x0000000085a00000|  0%| F|  |TAMS 0x0000000085900000, 0x0000000085900000| Untracked 
|  90|0x0000000085a00000, 0x0000000085b00000, 0x0000000085b00000|100%| O|  |TAMS 0x0000000085b00000, 0x0000000085b00000| Untracked 
|  91|0x0000000085b00000, 0x0000000085c00000, 0x0000000085c00000|100%| O|  |TAMS 0x0000000085c00000, 0x0000000085c00000| Untracked 
|  92|0x0000000085c00000, 0x0000000085d00000, 0x0000000085d00000|100%| O|  |TAMS 0x0000000085d00000, 0x0000000085d00000| Untracked 
|  93|0x0000000085d00000, 0x0000000085e00000, 0x0000000085e00000|100%| O|  |TAMS 0x0000000085d00000, 0x0000000085e00000| Untracked 
|  94|0x0000000085e00000, 0x0000000085f00000, 0x0000000085f00000|100%| O|  |TAMS 0x0000000085f00000, 0x0000000085f00000| Untracked 
|  95|0x0000000085f00000, 0x0000000086000000, 0x0000000086000000|100%| O|  |TAMS 0x0000000086000000, 0x0000000086000000| Untracked 
|  96|0x0000000086000000, 0x0000000086100000, 0x0000000086100000|100%| O|  |TAMS 0x0000000086000000, 0x0000000086100000| Untracked 
|  97|0x0000000086100000, 0x0000000086200000, 0x0000000086200000|100%| O|  |TAMS 0x0000000086200000, 0x0000000086200000| Untracked 
|  98|0x0000000086200000, 0x0000000086300000, 0x0000000086300000|100%| O|  |TAMS 0x0000000086300000, 0x0000000086300000| Untracked 
|  99|0x0000000086300000, 0x0000000086300000, 0x0000000086400000|  0%| F|  |TAMS 0x0000000086300000, 0x0000000086300000| Untracked 
| 100|0x0000000086400000, 0x0000000086400000, 0x0000000086500000|  0%| F|  |TAMS 0x0000000086400000, 0x0000000086400000| Untracked 
| 101|0x0000000086500000, 0x0000000086500000, 0x0000000086600000|  0%| F|  |TAMS 0x0000000086500000, 0x0000000086500000| Untracked 
| 102|0x0000000086600000, 0x0000000086700000, 0x0000000086700000|100%| O|  |TAMS 0x0000000086700000, 0x0000000086700000| Untracked 
| 103|0x0000000086700000, 0x0000000086700000, 0x0000000086800000|  0%| F|  |TAMS 0x0000000086700000, 0x0000000086700000| Untracked 
| 104|0x0000000086800000, 0x0000000086900000, 0x0000000086900000|100%| O|  |TAMS 0x0000000086900000, 0x0000000086900000| Untracked 
| 105|0x0000000086900000, 0x0000000086a00000, 0x0000000086a00000|100%| O|  |TAMS 0x0000000086a00000, 0x0000000086a00000| Untracked 
| 106|0x0000000086a00000, 0x0000000086b00000, 0x0000000086b00000|100%| O|  |TAMS 0x0000000086b00000, 0x0000000086a00000| Untracked 
| 107|0x0000000086b00000, 0x0000000086b00000, 0x0000000086c00000|  0%| F|  |TAMS 0x0000000086b00000, 0x0000000086b00000| Untracked 
| 108|0x0000000086c00000, 0x0000000086d00000, 0x0000000086d00000|100%| O|  |TAMS 0x0000000086d00000, 0x0000000086c00000| Updating 
| 109|0x0000000086d00000, 0x0000000086d00000, 0x0000000086e00000|  0%| F|  |TAMS 0x0000000086d00000, 0x0000000086d00000| Untracked 
| 110|0x0000000086e00000, 0x0000000086e00000, 0x0000000086f00000|  0%| F|  |TAMS 0x0000000086e00000, 0x0000000086e00000| Untracked 
| 111|0x0000000086f00000, 0x0000000086f00000, 0x0000000087000000|  0%| F|  |TAMS 0x0000000086f00000, 0x0000000086f00000| Untracked 
| 112|0x0000000087000000, 0x0000000087100000, 0x0000000087100000|100%| O|  |TAMS 0x0000000087100000, 0x0000000087000000| Untracked 
| 113|0x0000000087100000, 0x0000000087200000, 0x0000000087200000|100%| O|  |TAMS 0x0000000087200000, 0x0000000087100000| Untracked 
| 114|0x0000000087200000, 0x0000000087300000, 0x0000000087300000|100%| O|  |TAMS 0x0000000087300000, 0x0000000087200000| Updating 
| 115|0x0000000087300000, 0x0000000087400000, 0x0000000087400000|100%| O|  |TAMS 0x0000000087400000, 0x0000000087300000| Untracked 
| 116|0x0000000087400000, 0x0000000087500000, 0x0000000087500000|100%| O|  |TAMS 0x0000000087500000, 0x0000000087400000| Updating 
| 117|0x0000000087500000, 0x0000000087600000, 0x0000000087600000|100%| O|  |TAMS 0x0000000087600000, 0x0000000087500000| Updating 
| 118|0x0000000087600000, 0x0000000087700000, 0x0000000087700000|100%| O|  |TAMS 0x0000000087700000, 0x0000000087600000| Updating 
| 119|0x0000000087700000, 0x0000000087700000, 0x0000000087800000|  0%| F|  |TAMS 0x0000000087700000, 0x0000000087700000| Untracked 
| 120|0x0000000087800000, 0x0000000087800000, 0x0000000087900000|  0%| F|  |TAMS 0x0000000087800000, 0x0000000087800000| Untracked 
| 121|0x0000000087900000, 0x0000000087a00000, 0x0000000087a00000|100%| O|  |TAMS 0x0000000087a00000, 0x0000000087900000| Updating 
| 122|0x0000000087a00000, 0x0000000087a00000, 0x0000000087b00000|  0%| F|  |TAMS 0x0000000087a00000, 0x0000000087a00000| Untracked 
| 123|0x0000000087b00000, 0x0000000087b00000, 0x0000000087c00000|  0%| F|  |TAMS 0x0000000087b00000, 0x0000000087b00000| Untracked 
| 124|0x0000000087c00000, 0x0000000087c00000, 0x0000000087d00000|  0%| F|  |TAMS 0x0000000087c00000, 0x0000000087c00000| Untracked 
| 125|0x0000000087d00000, 0x0000000087e00000, 0x0000000087e00000|100%| O|  |TAMS 0x0000000087e00000, 0x0000000087d00000| Updating 
| 126|0x0000000087e00000, 0x0000000087e00000, 0x0000000087f00000|  0%| F|  |TAMS 0x0000000087e00000, 0x0000000087e00000| Untracked 
| 127|0x0000000087f00000, 0x0000000087f00000, 0x0000000088000000|  0%| F|  |TAMS 0x0000000087f00000, 0x0000000087f00000| Untracked 
| 128|0x0000000088000000, 0x0000000088100000, 0x0000000088100000|100%| O|  |TAMS 0x0000000088100000, 0x0000000088000000| Untracked 
| 129|0x0000000088100000, 0x0000000088200000, 0x0000000088200000|100%| O|  |TAMS 0x0000000088200000, 0x0000000088100000| Untracked 
| 130|0x0000000088200000, 0x0000000088300000, 0x0000000088300000|100%| O|  |TAMS 0x0000000088300000, 0x0000000088200000| Updating 
| 131|0x0000000088300000, 0x0000000088400000, 0x0000000088400000|100%| O|  |TAMS 0x0000000088400000, 0x0000000088300000| Updating 
| 132|0x0000000088400000, 0x0000000088500000, 0x0000000088500000|100%| O|  |TAMS 0x0000000088500000, 0x0000000088400000| Untracked 
| 133|0x0000000088500000, 0x0000000088600000, 0x0000000088600000|100%| O|  |TAMS 0x0000000088600000, 0x0000000088500000| Updating 
| 134|0x0000000088600000, 0x0000000088700000, 0x0000000088700000|100%| O|  |TAMS 0x0000000088700000, 0x0000000088600000| Updating 
| 135|0x0000000088700000, 0x0000000088700000, 0x0000000088800000|  0%| F|  |TAMS 0x0000000088700000, 0x0000000088700000| Untracked 
| 136|0x0000000088800000, 0x0000000088800000, 0x0000000088900000|  0%| F|  |TAMS 0x0000000088800000, 0x0000000088800000| Untracked 
| 137|0x0000000088900000, 0x0000000088a00000, 0x0000000088a00000|100%| O|  |TAMS 0x0000000088a00000, 0x0000000088900000| Updating 
| 138|0x0000000088a00000, 0x0000000088b00000, 0x0000000088b00000|100%| O|  |TAMS 0x0000000088b00000, 0x0000000088a00000| Untracked 
| 139|0x0000000088b00000, 0x0000000088c00000, 0x0000000088c00000|100%| O|  |TAMS 0x0000000088c00000, 0x0000000088b00000| Untracked 
| 140|0x0000000088c00000, 0x0000000088d00000, 0x0000000088d00000|100%| O|  |TAMS 0x0000000088d00000, 0x0000000088c00000| Updating 
| 141|0x0000000088d00000, 0x0000000088d00000, 0x0000000088e00000|  0%| F|  |TAMS 0x0000000088d00000, 0x0000000088d00000| Untracked 
| 142|0x0000000088e00000, 0x0000000088f00000, 0x0000000088f00000|100%| O|  |TAMS 0x0000000088f00000, 0x0000000088e00000| Updating 
| 143|0x0000000088f00000, 0x0000000088f00000, 0x0000000089000000|  0%| F|  |TAMS 0x0000000088f00000, 0x0000000088f00000| Untracked 
| 144|0x0000000089000000, 0x0000000089000000, 0x0000000089100000|  0%| F|  |TAMS 0x0000000089000000, 0x0000000089000000| Untracked 
| 145|0x0000000089100000, 0x0000000089200000, 0x0000000089200000|100%| O|  |TAMS 0x0000000089200000, 0x0000000089100000| Untracked 
| 146|0x0000000089200000, 0x0000000089200000, 0x0000000089300000|  0%| F|  |TAMS 0x0000000089200000, 0x0000000089200000| Untracked 
| 147|0x0000000089300000, 0x0000000089400000, 0x0000000089400000|100%| O|  |TAMS 0x0000000089400000, 0x0000000089300000| Untracked 
| 148|0x0000000089400000, 0x0000000089500000, 0x0000000089500000|100%| O|  |TAMS 0x0000000089500000, 0x0000000089400000| Updating 
| 149|0x0000000089500000, 0x0000000089600000, 0x0000000089600000|100%| O|  |TAMS 0x0000000089600000, 0x0000000089500000| Updating 
| 150|0x0000000089600000, 0x0000000089700000, 0x0000000089700000|100%| O|  |TAMS 0x0000000089700000, 0x0000000089600000| Untracked 
| 151|0x0000000089700000, 0x0000000089800000, 0x0000000089800000|100%| O|  |TAMS 0x0000000089800000, 0x0000000089700000| Untracked 
| 152|0x0000000089800000, 0x0000000089900000, 0x0000000089900000|100%| O|  |TAMS 0x0000000089900000, 0x0000000089800000| Updating 
| 153|0x0000000089900000, 0x0000000089a00000, 0x0000000089a00000|100%| O|  |TAMS 0x0000000089a00000, 0x0000000089900000| Updating 
| 154|0x0000000089a00000, 0x0000000089b00000, 0x0000000089b00000|100%| O|  |TAMS 0x0000000089b00000, 0x0000000089a00000| Updating 
| 155|0x0000000089b00000, 0x0000000089c00000, 0x0000000089c00000|100%| O|  |TAMS 0x0000000089c00000, 0x0000000089b00000| Updating 
| 156|0x0000000089c00000, 0x0000000089d00000, 0x0000000089d00000|100%| O|  |TAMS 0x0000000089d00000, 0x0000000089c00000| Updating 
| 157|0x0000000089d00000, 0x0000000089d00000, 0x0000000089e00000|  0%| F|  |TAMS 0x0000000089d00000, 0x0000000089d00000| Untracked 
| 158|0x0000000089e00000, 0x0000000089e00000, 0x0000000089f00000|  0%| F|  |TAMS 0x0000000089e00000, 0x0000000089e00000| Untracked 
| 159|0x0000000089f00000, 0x000000008a000000, 0x000000008a000000|100%| O|  |TAMS 0x000000008a000000, 0x0000000089f00000| Updating 
| 160|0x000000008a000000, 0x000000008a000000, 0x000000008a100000|  0%| F|  |TAMS 0x000000008a000000, 0x000000008a000000| Untracked 
| 161|0x000000008a100000, 0x000000008a200000, 0x000000008a200000|100%| O|  |TAMS 0x000000008a200000, 0x000000008a100000| Updating 
| 162|0x000000008a200000, 0x000000008a300000, 0x000000008a300000|100%| O|  |TAMS 0x000000008a300000, 0x000000008a200000| Updating 
| 163|0x000000008a300000, 0x000000008a400000, 0x000000008a400000|100%| O|  |TAMS 0x000000008a400000, 0x000000008a300000| Untracked 
| 164|0x000000008a400000, 0x000000008a500000, 0x000000008a500000|100%| O|  |TAMS 0x000000008a500000, 0x000000008a400000| Updating 
| 165|0x000000008a500000, 0x000000008a600000, 0x000000008a600000|100%| O|  |TAMS 0x000000008a600000, 0x000000008a500000| Updating 
| 166|0x000000008a600000, 0x000000008a700000, 0x000000008a700000|100%| O|  |TAMS 0x000000008a700000, 0x000000008a600000| Updating 
| 167|0x000000008a700000, 0x000000008a800000, 0x000000008a800000|100%| O|  |TAMS 0x000000008a800000, 0x000000008a700000| Updating 
| 168|0x000000008a800000, 0x000000008a900000, 0x000000008a900000|100%| O|  |TAMS 0x000000008a900000, 0x000000008a800000| Updating 
| 169|0x000000008a900000, 0x000000008aa00000, 0x000000008aa00000|100%| O|  |TAMS 0x000000008aa00000, 0x000000008a900000| Updating 
| 170|0x000000008aa00000, 0x000000008ab00000, 0x000000008ab00000|100%| O|  |TAMS 0x000000008ab00000, 0x000000008aa00000| Updating 
| 171|0x000000008ab00000, 0x000000008ac00000, 0x000000008ac00000|100%| O|  |TAMS 0x000000008ac00000, 0x000000008ab00000| Updating 
| 172|0x000000008ac00000, 0x000000008ad00000, 0x000000008ad00000|100%| O|  |TAMS 0x000000008ad00000, 0x000000008ac00000| Updating 
| 173|0x000000008ad00000, 0x000000008ae00000, 0x000000008ae00000|100%| O|  |TAMS 0x000000008ae00000, 0x000000008ad00000| Updating 
| 174|0x000000008ae00000, 0x000000008af00000, 0x000000008af00000|100%| O|  |TAMS 0x000000008af00000, 0x000000008ae00000| Updating 
| 175|0x000000008af00000, 0x000000008b000000, 0x000000008b000000|100%| O|  |TAMS 0x000000008b000000, 0x000000008af00000| Updating 
| 176|0x000000008b000000, 0x000000008b100000, 0x000000008b100000|100%| O|  |TAMS 0x000000008b100000, 0x000000008b000000| Updating 
| 177|0x000000008b100000, 0x000000008b200000, 0x000000008b200000|100%| O|  |TAMS 0x000000008b200000, 0x000000008b100000| Updating 
| 178|0x000000008b200000, 0x000000008b300000, 0x000000008b300000|100%| O|  |TAMS 0x000000008b300000, 0x000000008b200000| Updating 
| 179|0x000000008b300000, 0x000000008b400000, 0x000000008b400000|100%| O|  |TAMS 0x000000008b400000, 0x000000008b300000| Updating 
| 180|0x000000008b400000, 0x000000008b500000, 0x000000008b500000|100%| O|  |TAMS 0x000000008b500000, 0x000000008b400000| Updating 
| 181|0x000000008b500000, 0x000000008b600000, 0x000000008b600000|100%| O|  |TAMS 0x000000008b600000, 0x000000008b500000| Updating 
| 182|0x000000008b600000, 0x000000008b600000, 0x000000008b700000|  0%| F|  |TAMS 0x000000008b600000, 0x000000008b600000| Untracked 
| 183|0x000000008b700000, 0x000000008b700000, 0x000000008b800000|  0%| F|  |TAMS 0x000000008b700000, 0x000000008b700000| Untracked 
| 184|0x000000008b800000, 0x000000008b900000, 0x000000008b900000|100%| O|  |TAMS 0x000000008b900000, 0x000000008b800000| Updating 
| 185|0x000000008b900000, 0x000000008ba00000, 0x000000008ba00000|100%| O|  |TAMS 0x000000008ba00000, 0x000000008b900000| Updating 
| 186|0x000000008ba00000, 0x000000008ba00000, 0x000000008bb00000|  0%| F|  |TAMS 0x000000008ba00000, 0x000000008ba00000| Untracked 
| 187|0x000000008bb00000, 0x000000008bc00000, 0x000000008bc00000|100%| O|  |TAMS 0x000000008bc00000, 0x000000008bb00000| Updating 
| 188|0x000000008bc00000, 0x000000008bd00000, 0x000000008bd00000|100%| O|  |TAMS 0x000000008bd00000, 0x000000008bc00000| Updating 
| 189|0x000000008bd00000, 0x000000008be00000, 0x000000008be00000|100%| O|  |TAMS 0x000000008be00000, 0x000000008bd00000| Updating 
| 190|0x000000008be00000, 0x000000008be56600, 0x000000008bf00000| 33%| O|  |TAMS 0x000000008be56600, 0x000000008be00000| Updating 
| 191|0x000000008bf00000, 0x000000008bf00000, 0x000000008c000000|  0%| F|  |TAMS 0x000000008bf00000, 0x000000008bf00000| Untracked 
| 192|0x000000008c000000, 0x000000008c000000, 0x000000008c100000|  0%| F|  |TAMS 0x000000008c000000, 0x000000008c000000| Untracked 
| 193|0x000000008c100000, 0x000000008c100000, 0x000000008c200000|  0%| F|  |TAMS 0x000000008c100000, 0x000000008c100000| Untracked 
| 194|0x000000008c200000, 0x000000008c200000, 0x000000008c300000|  0%| F|  |TAMS 0x000000008c200000, 0x000000008c200000| Untracked 
| 195|0x000000008c300000, 0x000000008c400000, 0x000000008c400000|100%| O|  |TAMS 0x000000008c400000, 0x000000008c300000| Updating 
| 196|0x000000008c400000, 0x000000008c400000, 0x000000008c500000|  0%| F|  |TAMS 0x000000008c400000, 0x000000008c400000| Untracked 
| 197|0x000000008c500000, 0x000000008c500000, 0x000000008c600000|  0%| F|  |TAMS 0x000000008c500000, 0x000000008c500000| Untracked 
| 198|0x000000008c600000, 0x000000008c600000, 0x000000008c700000|  0%| F|  |TAMS 0x000000008c600000, 0x000000008c600000| Untracked 
| 199|0x000000008c700000, 0x000000008c700000, 0x000000008c800000|  0%| F|  |TAMS 0x000000008c700000, 0x000000008c700000| Untracked 
| 200|0x000000008c800000, 0x000000008c800000, 0x000000008c900000|  0%| F|  |TAMS 0x000000008c800000, 0x000000008c800000| Untracked 
| 201|0x000000008c900000, 0x000000008c900000, 0x000000008ca00000|  0%| F|  |TAMS 0x000000008c900000, 0x000000008c900000| Untracked 
| 202|0x000000008ca00000, 0x000000008ca00000, 0x000000008cb00000|  0%| F|  |TAMS 0x000000008ca00000, 0x000000008ca00000| Untracked 
| 203|0x000000008cb00000, 0x000000008cb00000, 0x000000008cc00000|  0%| F|  |TAMS 0x000000008cb00000, 0x000000008cb00000| Untracked 
| 204|0x000000008cc00000, 0x000000008cc00000, 0x000000008cd00000|  0%| F|  |TAMS 0x000000008cc00000, 0x000000008cc00000| Untracked 
| 205|0x000000008cd00000, 0x000000008cd00000, 0x000000008ce00000|  0%| F|  |TAMS 0x000000008cd00000, 0x000000008cd00000| Untracked 
| 206|0x000000008ce00000, 0x000000008ce00000, 0x000000008cf00000|  0%| F|  |TAMS 0x000000008ce00000, 0x000000008ce00000| Untracked 
| 207|0x000000008cf00000, 0x000000008cf00000, 0x000000008d000000|  0%| F|  |TAMS 0x000000008cf00000, 0x000000008cf00000| Untracked 
| 208|0x000000008d000000, 0x000000008d000000, 0x000000008d100000|  0%| F|  |TAMS 0x000000008d000000, 0x000000008d000000| Untracked 
| 209|0x000000008d100000, 0x000000008d100000, 0x000000008d200000|  0%| F|  |TAMS 0x000000008d100000, 0x000000008d100000| Untracked 
| 210|0x000000008d200000, 0x000000008d200000, 0x000000008d300000|  0%| F|  |TAMS 0x000000008d200000, 0x000000008d200000| Untracked 
| 211|0x000000008d300000, 0x000000008d300000, 0x000000008d400000|  0%| F|  |TAMS 0x000000008d300000, 0x000000008d300000| Untracked 
| 212|0x000000008d400000, 0x000000008d400000, 0x000000008d500000|  0%| F|  |TAMS 0x000000008d400000, 0x000000008d400000| Untracked 
| 213|0x000000008d500000, 0x000000008d500000, 0x000000008d600000|  0%| F|  |TAMS 0x000000008d500000, 0x000000008d500000| Untracked 
| 214|0x000000008d600000, 0x000000008d600000, 0x000000008d700000|  0%| F|  |TAMS 0x000000008d600000, 0x000000008d600000| Untracked 
| 215|0x000000008d700000, 0x000000008d700000, 0x000000008d800000|  0%| F|  |TAMS 0x000000008d700000, 0x000000008d700000| Untracked 
| 216|0x000000008d800000, 0x000000008d800000, 0x000000008d900000|  0%| F|  |TAMS 0x000000008d800000, 0x000000008d800000| Untracked 
| 217|0x000000008d900000, 0x000000008d900000, 0x000000008da00000|  0%| F|  |TAMS 0x000000008d900000, 0x000000008d900000| Untracked 
| 218|0x000000008da00000, 0x000000008da00000, 0x000000008db00000|  0%| F|  |TAMS 0x000000008da00000, 0x000000008da00000| Untracked 
| 219|0x000000008db00000, 0x000000008db00000, 0x000000008dc00000|  0%| F|  |TAMS 0x000000008db00000, 0x000000008db00000| Untracked 
| 220|0x000000008dc00000, 0x000000008dc00000, 0x000000008dd00000|  0%| F|  |TAMS 0x000000008dc00000, 0x000000008dc00000| Untracked 
| 221|0x000000008dd00000, 0x000000008dd00000, 0x000000008de00000|  0%| F|  |TAMS 0x000000008dd00000, 0x000000008dd00000| Untracked 
| 222|0x000000008de00000, 0x000000008de00000, 0x000000008df00000|  0%| F|  |TAMS 0x000000008de00000, 0x000000008de00000| Untracked 
| 223|0x000000008df00000, 0x000000008df00000, 0x000000008e000000|  0%| F|  |TAMS 0x000000008df00000, 0x000000008df00000| Untracked 
| 224|0x000000008e000000, 0x000000008e000000, 0x000000008e100000|  0%| F|  |TAMS 0x000000008e000000, 0x000000008e000000| Untracked 
| 225|0x000000008e100000, 0x000000008e100000, 0x000000008e200000|  0%| F|  |TAMS 0x000000008e100000, 0x000000008e100000| Untracked 
| 226|0x000000008e200000, 0x000000008e200000, 0x000000008e300000|  0%| F|  |TAMS 0x000000008e200000, 0x000000008e200000| Untracked 
| 227|0x000000008e300000, 0x000000008e300000, 0x000000008e400000|  0%| F|  |TAMS 0x000000008e300000, 0x000000008e300000| Untracked 
| 228|0x000000008e400000, 0x000000008e400000, 0x000000008e500000|  0%| F|  |TAMS 0x000000008e400000, 0x000000008e400000| Untracked 
| 229|0x000000008e500000, 0x000000008e500000, 0x000000008e600000|  0%| F|  |TAMS 0x000000008e500000, 0x000000008e500000| Untracked 
| 230|0x000000008e600000, 0x000000008e600000, 0x000000008e700000|  0%| F|  |TAMS 0x000000008e600000, 0x000000008e600000| Untracked 
| 231|0x000000008e700000, 0x000000008e700000, 0x000000008e800000|  0%| F|  |TAMS 0x000000008e700000, 0x000000008e700000| Untracked 
| 232|0x000000008e800000, 0x000000008e800000, 0x000000008e900000|  0%| F|  |TAMS 0x000000008e800000, 0x000000008e800000| Untracked 
| 233|0x000000008e900000, 0x000000008e900000, 0x000000008ea00000|  0%| F|  |TAMS 0x000000008e900000, 0x000000008e900000| Untracked 
| 234|0x000000008ea00000, 0x000000008ea00000, 0x000000008eb00000|  0%| F|  |TAMS 0x000000008ea00000, 0x000000008ea00000| Untracked 
| 235|0x000000008eb00000, 0x000000008eb00000, 0x000000008ec00000|  0%| F|  |TAMS 0x000000008eb00000, 0x000000008eb00000| Untracked 
| 236|0x000000008ec00000, 0x000000008ec00000, 0x000000008ed00000|  0%| F|  |TAMS 0x000000008ec00000, 0x000000008ec00000| Untracked 
| 237|0x000000008ed00000, 0x000000008ed00000, 0x000000008ee00000|  0%| F|  |TAMS 0x000000008ed00000, 0x000000008ed00000| Untracked 
| 238|0x000000008ee00000, 0x000000008ee00000, 0x000000008ef00000|  0%| F|  |TAMS 0x000000008ee00000, 0x000000008ee00000| Untracked 
| 239|0x000000008ef00000, 0x000000008ef00000, 0x000000008f000000|  0%| F|  |TAMS 0x000000008ef00000, 0x000000008ef00000| Untracked 
| 240|0x000000008f000000, 0x000000008f000000, 0x000000008f100000|  0%| F|  |TAMS 0x000000008f000000, 0x000000008f000000| Untracked 
| 241|0x000000008f100000, 0x000000008f100000, 0x000000008f200000|  0%| F|  |TAMS 0x000000008f100000, 0x000000008f100000| Untracked 
| 242|0x000000008f200000, 0x000000008f200000, 0x000000008f300000|  0%| F|  |TAMS 0x000000008f200000, 0x000000008f200000| Untracked 
| 243|0x000000008f300000, 0x000000008f300000, 0x000000008f400000|  0%| F|  |TAMS 0x000000008f300000, 0x000000008f300000| Untracked 
| 244|0x000000008f400000, 0x000000008f400000, 0x000000008f500000|  0%| F|  |TAMS 0x000000008f400000, 0x000000008f400000| Untracked 
| 245|0x000000008f500000, 0x000000008f500000, 0x000000008f600000|  0%| F|  |TAMS 0x000000008f500000, 0x000000008f500000| Untracked 
| 246|0x000000008f600000, 0x000000008f600000, 0x000000008f700000|  0%| F|  |TAMS 0x000000008f600000, 0x000000008f600000| Untracked 
| 247|0x000000008f700000, 0x000000008f700000, 0x000000008f800000|  0%| F|  |TAMS 0x000000008f700000, 0x000000008f700000| Untracked 
| 248|0x000000008f800000, 0x000000008f800000, 0x000000008f900000|  0%| F|  |TAMS 0x000000008f800000, 0x000000008f800000| Untracked 
| 249|0x000000008f900000, 0x000000008f900000, 0x000000008fa00000|  0%| F|  |TAMS 0x000000008f900000, 0x000000008f900000| Untracked 
| 250|0x000000008fa00000, 0x000000008fa00000, 0x000000008fb00000|  0%| F|  |TAMS 0x000000008fa00000, 0x000000008fa00000| Untracked 
| 251|0x000000008fb00000, 0x000000008fb00000, 0x000000008fc00000|  0%| F|  |TAMS 0x000000008fb00000, 0x000000008fb00000| Untracked 
| 252|0x000000008fc00000, 0x000000008fc00000, 0x000000008fd00000|  0%| F|  |TAMS 0x000000008fc00000, 0x000000008fc00000| Untracked 
| 253|0x000000008fd00000, 0x000000008fd00000, 0x000000008fe00000|  0%| F|  |TAMS 0x000000008fd00000, 0x000000008fd00000| Untracked 
| 254|0x000000008fe00000, 0x000000008fe00000, 0x000000008ff00000|  0%| F|  |TAMS 0x000000008fe00000, 0x000000008fe00000| Untracked 
| 255|0x000000008ff00000, 0x000000008ff00000, 0x0000000090000000|  0%| F|  |TAMS 0x000000008ff00000, 0x000000008ff00000| Untracked 
| 256|0x0000000090000000, 0x0000000090000000, 0x0000000090100000|  0%| F|  |TAMS 0x0000000090000000, 0x0000000090000000| Untracked 
| 257|0x0000000090100000, 0x0000000090100000, 0x0000000090200000|  0%| F|  |TAMS 0x0000000090100000, 0x0000000090100000| Untracked 
| 258|0x0000000090200000, 0x0000000090200000, 0x0000000090300000|  0%| F|  |TAMS 0x0000000090200000, 0x0000000090200000| Untracked 
| 259|0x0000000090300000, 0x0000000090300000, 0x0000000090400000|  0%| F|  |TAMS 0x0000000090300000, 0x0000000090300000| Untracked 
| 260|0x0000000090400000, 0x0000000090400000, 0x0000000090500000|  0%| F|  |TAMS 0x0000000090400000, 0x0000000090400000| Untracked 
| 261|0x0000000090500000, 0x0000000090500000, 0x0000000090600000|  0%| F|  |TAMS 0x0000000090500000, 0x0000000090500000| Untracked 
| 262|0x0000000090600000, 0x0000000090600000, 0x0000000090700000|  0%| F|  |TAMS 0x0000000090600000, 0x0000000090600000| Untracked 
| 263|0x0000000090700000, 0x0000000090700000, 0x0000000090800000|  0%| F|  |TAMS 0x0000000090700000, 0x0000000090700000| Untracked 
| 264|0x0000000090800000, 0x0000000090800000, 0x0000000090900000|  0%| F|  |TAMS 0x0000000090800000, 0x0000000090800000| Untracked 
| 265|0x0000000090900000, 0x0000000090900000, 0x0000000090a00000|  0%| F|  |TAMS 0x0000000090900000, 0x0000000090900000| Untracked 
| 266|0x0000000090a00000, 0x0000000090a00000, 0x0000000090b00000|  0%| F|  |TAMS 0x0000000090a00000, 0x0000000090a00000| Untracked 
| 267|0x0000000090b00000, 0x0000000090b00000, 0x0000000090c00000|  0%| F|  |TAMS 0x0000000090b00000, 0x0000000090b00000| Untracked 
| 268|0x0000000090c00000, 0x0000000090c00000, 0x0000000090d00000|  0%| F|  |TAMS 0x0000000090c00000, 0x0000000090c00000| Untracked 
| 269|0x0000000090d00000, 0x0000000090d00000, 0x0000000090e00000|  0%| F|  |TAMS 0x0000000090d00000, 0x0000000090d00000| Untracked 
| 270|0x0000000090e00000, 0x0000000090e00000, 0x0000000090f00000|  0%| F|  |TAMS 0x0000000090e00000, 0x0000000090e00000| Untracked 
| 271|0x0000000090f00000, 0x0000000090f00000, 0x0000000091000000|  0%| F|  |TAMS 0x0000000090f00000, 0x0000000090f00000| Untracked 
| 272|0x0000000091000000, 0x0000000091000000, 0x0000000091100000|  0%| F|  |TAMS 0x0000000091000000, 0x0000000091000000| Untracked 
| 273|0x0000000091100000, 0x0000000091100000, 0x0000000091200000|  0%| F|  |TAMS 0x0000000091100000, 0x0000000091100000| Untracked 
| 274|0x0000000091200000, 0x0000000091200000, 0x0000000091300000|  0%| F|  |TAMS 0x0000000091200000, 0x0000000091200000| Untracked 
| 275|0x0000000091300000, 0x0000000091300000, 0x0000000091400000|  0%| F|  |TAMS 0x0000000091300000, 0x0000000091300000| Untracked 
| 276|0x0000000091400000, 0x0000000091400000, 0x0000000091500000|  0%| F|  |TAMS 0x0000000091400000, 0x0000000091400000| Untracked 
| 277|0x0000000091500000, 0x0000000091500000, 0x0000000091600000|  0%| F|  |TAMS 0x0000000091500000, 0x0000000091500000| Untracked 
| 278|0x0000000091600000, 0x0000000091600000, 0x0000000091700000|  0%| F|  |TAMS 0x0000000091600000, 0x0000000091600000| Untracked 
| 279|0x0000000091700000, 0x0000000091700000, 0x0000000091800000|  0%| F|  |TAMS 0x0000000091700000, 0x0000000091700000| Untracked 
| 280|0x0000000091800000, 0x0000000091800000, 0x0000000091900000|  0%| F|  |TAMS 0x0000000091800000, 0x0000000091800000| Untracked 
| 281|0x0000000091900000, 0x0000000091900000, 0x0000000091a00000|  0%| F|  |TAMS 0x0000000091900000, 0x0000000091900000| Untracked 
| 282|0x0000000091a00000, 0x0000000091a00000, 0x0000000091b00000|  0%| F|  |TAMS 0x0000000091a00000, 0x0000000091a00000| Untracked 
| 283|0x0000000091b00000, 0x0000000091b00000, 0x0000000091c00000|  0%| F|  |TAMS 0x0000000091b00000, 0x0000000091b00000| Untracked 
| 284|0x0000000091c00000, 0x0000000091c00000, 0x0000000091d00000|  0%| F|  |TAMS 0x0000000091c00000, 0x0000000091c00000| Untracked 
| 285|0x0000000091d00000, 0x0000000091d00000, 0x0000000091e00000|  0%| F|  |TAMS 0x0000000091d00000, 0x0000000091d00000| Untracked 
| 286|0x0000000091e00000, 0x0000000091e00000, 0x0000000091f00000|  0%| F|  |TAMS 0x0000000091e00000, 0x0000000091e00000| Untracked 
| 287|0x0000000091f00000, 0x0000000091f00000, 0x0000000092000000|  0%| F|  |TAMS 0x0000000091f00000, 0x0000000091f00000| Untracked 
| 288|0x0000000092000000, 0x0000000092000000, 0x0000000092100000|  0%| F|  |TAMS 0x0000000092000000, 0x0000000092000000| Untracked 
| 289|0x0000000092100000, 0x0000000092100000, 0x0000000092200000|  0%| F|  |TAMS 0x0000000092100000, 0x0000000092100000| Untracked 
| 290|0x0000000092200000, 0x0000000092200000, 0x0000000092300000|  0%| F|  |TAMS 0x0000000092200000, 0x0000000092200000| Untracked 
| 291|0x0000000092300000, 0x0000000092300000, 0x0000000092400000|  0%| F|  |TAMS 0x0000000092300000, 0x0000000092300000| Untracked 
| 292|0x0000000092400000, 0x0000000092400000, 0x0000000092500000|  0%| F|  |TAMS 0x0000000092400000, 0x0000000092400000| Untracked 
| 293|0x0000000092500000, 0x0000000092500000, 0x0000000092600000|  0%| F|  |TAMS 0x0000000092500000, 0x0000000092500000| Untracked 
| 294|0x0000000092600000, 0x0000000092600000, 0x0000000092700000|  0%| F|  |TAMS 0x0000000092600000, 0x0000000092600000| Untracked 
| 295|0x0000000092700000, 0x0000000092700000, 0x0000000092800000|  0%| F|  |TAMS 0x0000000092700000, 0x0000000092700000| Untracked 
| 296|0x0000000092800000, 0x0000000092800000, 0x0000000092900000|  0%| F|  |TAMS 0x0000000092800000, 0x0000000092800000| Untracked 
| 297|0x0000000092900000, 0x0000000092900000, 0x0000000092a00000|  0%| F|  |TAMS 0x0000000092900000, 0x0000000092900000| Untracked 
| 298|0x0000000092a00000, 0x0000000092a00000, 0x0000000092b00000|  0%| F|  |TAMS 0x0000000092a00000, 0x0000000092a00000| Untracked 
| 299|0x0000000092b00000, 0x0000000092b00000, 0x0000000092c00000|  0%| F|  |TAMS 0x0000000092b00000, 0x0000000092b00000| Untracked 
| 300|0x0000000092c00000, 0x0000000092c00000, 0x0000000092d00000|  0%| F|  |TAMS 0x0000000092c00000, 0x0000000092c00000| Untracked 
| 301|0x0000000092d00000, 0x0000000092d00000, 0x0000000092e00000|  0%| F|  |TAMS 0x0000000092d00000, 0x0000000092d00000| Untracked 
| 302|0x0000000092e00000, 0x0000000092e00000, 0x0000000092f00000|  0%| F|  |TAMS 0x0000000092e00000, 0x0000000092e00000| Untracked 
| 303|0x0000000092f00000, 0x0000000092f00000, 0x0000000093000000|  0%| F|  |TAMS 0x0000000092f00000, 0x0000000092f00000| Untracked 
| 304|0x0000000093000000, 0x0000000093000000, 0x0000000093100000|  0%| F|  |TAMS 0x0000000093000000, 0x0000000093000000| Untracked 
| 305|0x0000000093100000, 0x0000000093100000, 0x0000000093200000|  0%| F|  |TAMS 0x0000000093100000, 0x0000000093100000| Untracked 
| 306|0x0000000093200000, 0x0000000093200000, 0x0000000093300000|  0%| F|  |TAMS 0x0000000093200000, 0x0000000093200000| Untracked 
| 307|0x0000000093300000, 0x0000000093300000, 0x0000000093400000|  0%| F|  |TAMS 0x0000000093300000, 0x0000000093300000| Untracked 
| 308|0x0000000093400000, 0x0000000093400000, 0x0000000093500000|  0%| F|  |TAMS 0x0000000093400000, 0x0000000093400000| Untracked 
| 309|0x0000000093500000, 0x0000000093500000, 0x0000000093600000|  0%| F|  |TAMS 0x0000000093500000, 0x0000000093500000| Untracked 
| 310|0x0000000093600000, 0x0000000093600000, 0x0000000093700000|  0%| F|  |TAMS 0x0000000093600000, 0x0000000093600000| Untracked 
| 311|0x0000000093700000, 0x0000000093700000, 0x0000000093800000|  0%| F|  |TAMS 0x0000000093700000, 0x0000000093700000| Untracked 
| 312|0x0000000093800000, 0x0000000093800000, 0x0000000093900000|  0%| F|  |TAMS 0x0000000093800000, 0x0000000093800000| Untracked 
| 313|0x0000000093900000, 0x0000000093900000, 0x0000000093a00000|  0%| F|  |TAMS 0x0000000093900000, 0x0000000093900000| Untracked 
| 314|0x0000000093a00000, 0x0000000093a00000, 0x0000000093b00000|  0%| F|  |TAMS 0x0000000093a00000, 0x0000000093a00000| Untracked 
| 315|0x0000000093b00000, 0x0000000093b00000, 0x0000000093c00000|  0%| F|  |TAMS 0x0000000093b00000, 0x0000000093b00000| Untracked 
| 316|0x0000000093c00000, 0x0000000093c00000, 0x0000000093d00000|  0%| F|  |TAMS 0x0000000093c00000, 0x0000000093c00000| Untracked 
| 317|0x0000000093d00000, 0x0000000093d00000, 0x0000000093e00000|  0%| F|  |TAMS 0x0000000093d00000, 0x0000000093d00000| Untracked 
| 318|0x0000000093e00000, 0x0000000093e00000, 0x0000000093f00000|  0%| F|  |TAMS 0x0000000093e00000, 0x0000000093e00000| Untracked 
| 319|0x0000000093f00000, 0x0000000093f00000, 0x0000000094000000|  0%| F|  |TAMS 0x0000000093f00000, 0x0000000093f00000| Untracked 
| 320|0x0000000094000000, 0x0000000094000000, 0x0000000094100000|  0%| F|  |TAMS 0x0000000094000000, 0x0000000094000000| Untracked 
| 321|0x0000000094100000, 0x0000000094100000, 0x0000000094200000|  0%| F|  |TAMS 0x0000000094100000, 0x0000000094100000| Untracked 
| 322|0x0000000094200000, 0x0000000094200000, 0x0000000094300000|  0%| F|  |TAMS 0x0000000094200000, 0x0000000094200000| Untracked 
| 323|0x0000000094300000, 0x0000000094300000, 0x0000000094400000|  0%| F|  |TAMS 0x0000000094300000, 0x0000000094300000| Untracked 
| 324|0x0000000094400000, 0x0000000094400000, 0x0000000094500000|  0%| F|  |TAMS 0x0000000094400000, 0x0000000094400000| Untracked 
| 325|0x0000000094500000, 0x0000000094500000, 0x0000000094600000|  0%| F|  |TAMS 0x0000000094500000, 0x0000000094500000| Untracked 
| 326|0x0000000094600000, 0x0000000094600000, 0x0000000094700000|  0%| F|  |TAMS 0x0000000094600000, 0x0000000094600000| Untracked 
| 327|0x0000000094700000, 0x0000000094700000, 0x0000000094800000|  0%| F|  |TAMS 0x0000000094700000, 0x0000000094700000| Untracked 
| 328|0x0000000094800000, 0x0000000094800000, 0x0000000094900000|  0%| F|  |TAMS 0x0000000094800000, 0x0000000094800000| Untracked 
| 329|0x0000000094900000, 0x0000000094900000, 0x0000000094a00000|  0%| F|  |TAMS 0x0000000094900000, 0x0000000094900000| Untracked 
| 330|0x0000000094a00000, 0x0000000094a00000, 0x0000000094b00000|  0%| F|  |TAMS 0x0000000094a00000, 0x0000000094a00000| Untracked 
| 331|0x0000000094b00000, 0x0000000094b00000, 0x0000000094c00000|  0%| F|  |TAMS 0x0000000094b00000, 0x0000000094b00000| Untracked 
| 332|0x0000000094c00000, 0x0000000094c00000, 0x0000000094d00000|  0%| F|  |TAMS 0x0000000094c00000, 0x0000000094c00000| Untracked 
| 333|0x0000000094d00000, 0x0000000094d00000, 0x0000000094e00000|  0%| F|  |TAMS 0x0000000094d00000, 0x0000000094d00000| Untracked 
| 334|0x0000000094e00000, 0x0000000094e00000, 0x0000000094f00000|  0%| F|  |TAMS 0x0000000094e00000, 0x0000000094e00000| Untracked 
| 335|0x0000000094f00000, 0x0000000094f00000, 0x0000000095000000|  0%| F|  |TAMS 0x0000000094f00000, 0x0000000094f00000| Untracked 
| 336|0x0000000095000000, 0x0000000095000000, 0x0000000095100000|  0%| F|  |TAMS 0x0000000095000000, 0x0000000095000000| Untracked 
| 337|0x0000000095100000, 0x0000000095100000, 0x0000000095200000|  0%| F|  |TAMS 0x0000000095100000, 0x0000000095100000| Untracked 
| 338|0x0000000095200000, 0x0000000095200000, 0x0000000095300000|  0%| F|  |TAMS 0x0000000095200000, 0x0000000095200000| Untracked 
| 339|0x0000000095300000, 0x0000000095300000, 0x0000000095400000|  0%| F|  |TAMS 0x0000000095300000, 0x0000000095300000| Untracked 
| 340|0x0000000095400000, 0x0000000095400000, 0x0000000095500000|  0%| F|  |TAMS 0x0000000095400000, 0x0000000095400000| Untracked 
| 341|0x0000000095500000, 0x0000000095500000, 0x0000000095600000|  0%| F|  |TAMS 0x0000000095500000, 0x0000000095500000| Untracked 
| 342|0x0000000095600000, 0x0000000095600000, 0x0000000095700000|  0%| F|  |TAMS 0x0000000095600000, 0x0000000095600000| Untracked 
| 343|0x0000000095700000, 0x0000000095700000, 0x0000000095800000|  0%| F|  |TAMS 0x0000000095700000, 0x0000000095700000| Untracked 
| 344|0x0000000095800000, 0x0000000095800000, 0x0000000095900000|  0%| F|  |TAMS 0x0000000095800000, 0x0000000095800000| Untracked 
| 345|0x0000000095900000, 0x0000000095900000, 0x0000000095a00000|  0%| F|  |TAMS 0x0000000095900000, 0x0000000095900000| Untracked 
| 346|0x0000000095a00000, 0x0000000095a00000, 0x0000000095b00000|  0%| F|  |TAMS 0x0000000095a00000, 0x0000000095a00000| Untracked 
| 347|0x0000000095b00000, 0x0000000095b00000, 0x0000000095c00000|  0%| F|  |TAMS 0x0000000095b00000, 0x0000000095b00000| Untracked 
| 348|0x0000000095c00000, 0x0000000095c00000, 0x0000000095d00000|  0%| F|  |TAMS 0x0000000095c00000, 0x0000000095c00000| Untracked 
| 349|0x0000000095d00000, 0x0000000095d00000, 0x0000000095e00000|  0%| F|  |TAMS 0x0000000095d00000, 0x0000000095d00000| Untracked 
| 350|0x0000000095e00000, 0x0000000095e00000, 0x0000000095f00000|  0%| F|  |TAMS 0x0000000095e00000, 0x0000000095e00000| Untracked 
| 351|0x0000000095f00000, 0x0000000095f00000, 0x0000000096000000|  0%| F|  |TAMS 0x0000000095f00000, 0x0000000095f00000| Untracked 
| 352|0x0000000096000000, 0x0000000096000000, 0x0000000096100000|  0%| F|  |TAMS 0x0000000096000000, 0x0000000096000000| Untracked 
| 353|0x0000000096100000, 0x0000000096100000, 0x0000000096200000|  0%| F|  |TAMS 0x0000000096100000, 0x0000000096100000| Untracked 
| 354|0x0000000096200000, 0x0000000096200000, 0x0000000096300000|  0%| F|  |TAMS 0x0000000096200000, 0x0000000096200000| Untracked 
| 355|0x0000000096300000, 0x0000000096300000, 0x0000000096400000|  0%| F|  |TAMS 0x0000000096300000, 0x0000000096300000| Untracked 
| 356|0x0000000096400000, 0x0000000096400000, 0x0000000096500000|  0%| F|  |TAMS 0x0000000096400000, 0x0000000096400000| Untracked 
| 357|0x0000000096500000, 0x0000000096500000, 0x0000000096600000|  0%| F|  |TAMS 0x0000000096500000, 0x0000000096500000| Untracked 
| 358|0x0000000096600000, 0x0000000096600000, 0x0000000096700000|  0%| F|  |TAMS 0x0000000096600000, 0x0000000096600000| Untracked 
| 359|0x0000000096700000, 0x0000000096700000, 0x0000000096800000|  0%| F|  |TAMS 0x0000000096700000, 0x0000000096700000| Untracked 
| 360|0x0000000096800000, 0x0000000096800000, 0x0000000096900000|  0%| F|  |TAMS 0x0000000096800000, 0x0000000096800000| Untracked 
| 361|0x0000000096900000, 0x0000000096900000, 0x0000000096a00000|  0%| F|  |TAMS 0x0000000096900000, 0x0000000096900000| Untracked 
| 362|0x0000000096a00000, 0x0000000096a00000, 0x0000000096b00000|  0%| F|  |TAMS 0x0000000096a00000, 0x0000000096a00000| Untracked 
| 363|0x0000000096b00000, 0x0000000096b00000, 0x0000000096c00000|  0%| F|  |TAMS 0x0000000096b00000, 0x0000000096b00000| Untracked 
| 364|0x0000000096c00000, 0x0000000096c00000, 0x0000000096d00000|  0%| F|  |TAMS 0x0000000096c00000, 0x0000000096c00000| Untracked 
| 365|0x0000000096d00000, 0x0000000096d00000, 0x0000000096e00000|  0%| F|  |TAMS 0x0000000096d00000, 0x0000000096d00000| Untracked 
| 366|0x0000000096e00000, 0x0000000096e00000, 0x0000000096f00000|  0%| F|  |TAMS 0x0000000096e00000, 0x0000000096e00000| Untracked 
| 367|0x0000000096f00000, 0x0000000096f00000, 0x0000000097000000|  0%| F|  |TAMS 0x0000000096f00000, 0x0000000096f00000| Untracked 
| 368|0x0000000097000000, 0x0000000097000000, 0x0000000097100000|  0%| F|  |TAMS 0x0000000097000000, 0x0000000097000000| Untracked 
| 369|0x0000000097100000, 0x0000000097100000, 0x0000000097200000|  0%| F|  |TAMS 0x0000000097100000, 0x0000000097100000| Untracked 
| 370|0x0000000097200000, 0x0000000097200000, 0x0000000097300000|  0%| F|  |TAMS 0x0000000097200000, 0x0000000097200000| Untracked 
| 371|0x0000000097300000, 0x0000000097300000, 0x0000000097400000|  0%| F|  |TAMS 0x0000000097300000, 0x0000000097300000| Untracked 
| 372|0x0000000097400000, 0x0000000097400000, 0x0000000097500000|  0%| F|  |TAMS 0x0000000097400000, 0x0000000097400000| Untracked 
| 373|0x0000000097500000, 0x0000000097500000, 0x0000000097600000|  0%| F|  |TAMS 0x0000000097500000, 0x0000000097500000| Untracked 
| 374|0x0000000097600000, 0x0000000097600000, 0x0000000097700000|  0%| F|  |TAMS 0x0000000097600000, 0x0000000097600000| Untracked 
| 375|0x0000000097700000, 0x0000000097700000, 0x0000000097800000|  0%| F|  |TAMS 0x0000000097700000, 0x0000000097700000| Untracked 
| 376|0x0000000097800000, 0x0000000097800000, 0x0000000097900000|  0%| F|  |TAMS 0x0000000097800000, 0x0000000097800000| Untracked 
| 377|0x0000000097900000, 0x0000000097900000, 0x0000000097a00000|  0%| F|  |TAMS 0x0000000097900000, 0x0000000097900000| Untracked 
| 378|0x0000000097a00000, 0x0000000097a00000, 0x0000000097b00000|  0%| F|  |TAMS 0x0000000097a00000, 0x0000000097a00000| Untracked 
| 379|0x0000000097b00000, 0x0000000097b00000, 0x0000000097c00000|  0%| F|  |TAMS 0x0000000097b00000, 0x0000000097b00000| Untracked 
| 380|0x0000000097c00000, 0x0000000097c00000, 0x0000000097d00000|  0%| F|  |TAMS 0x0000000097c00000, 0x0000000097c00000| Untracked 
| 381|0x0000000097d00000, 0x0000000097d00000, 0x0000000097e00000|  0%| F|  |TAMS 0x0000000097d00000, 0x0000000097d00000| Untracked 
| 382|0x0000000097e00000, 0x0000000097e00000, 0x0000000097f00000|  0%| F|  |TAMS 0x0000000097e00000, 0x0000000097e00000| Untracked 
| 383|0x0000000097f00000, 0x0000000097f00000, 0x0000000098000000|  0%| F|  |TAMS 0x0000000097f00000, 0x0000000097f00000| Untracked 
| 384|0x0000000098000000, 0x0000000098000000, 0x0000000098100000|  0%| F|  |TAMS 0x0000000098000000, 0x0000000098000000| Untracked 
| 385|0x0000000098100000, 0x0000000098100000, 0x0000000098200000|  0%| F|  |TAMS 0x0000000098100000, 0x0000000098100000| Untracked 
| 386|0x0000000098200000, 0x0000000098200000, 0x0000000098300000|  0%| F|  |TAMS 0x0000000098200000, 0x0000000098200000| Untracked 
| 387|0x0000000098300000, 0x0000000098300000, 0x0000000098400000|  0%| F|  |TAMS 0x0000000098300000, 0x0000000098300000| Untracked 
| 388|0x0000000098400000, 0x0000000098400000, 0x0000000098500000|  0%| F|  |TAMS 0x0000000098400000, 0x0000000098400000| Untracked 
| 389|0x0000000098500000, 0x0000000098500000, 0x0000000098600000|  0%| F|  |TAMS 0x0000000098500000, 0x0000000098500000| Untracked 
| 390|0x0000000098600000, 0x0000000098600000, 0x0000000098700000|  0%| F|  |TAMS 0x0000000098600000, 0x0000000098600000| Untracked 
| 391|0x0000000098700000, 0x0000000098700000, 0x0000000098800000|  0%| F|  |TAMS 0x0000000098700000, 0x0000000098700000| Untracked 
| 392|0x0000000098800000, 0x0000000098800000, 0x0000000098900000|  0%| F|  |TAMS 0x0000000098800000, 0x0000000098800000| Untracked 
| 393|0x0000000098900000, 0x0000000098900000, 0x0000000098a00000|  0%| F|  |TAMS 0x0000000098900000, 0x0000000098900000| Untracked 
| 394|0x0000000098a00000, 0x0000000098a00000, 0x0000000098b00000|  0%| F|  |TAMS 0x0000000098a00000, 0x0000000098a00000| Untracked 
| 395|0x0000000098b00000, 0x0000000098b00000, 0x0000000098c00000|  0%| F|  |TAMS 0x0000000098b00000, 0x0000000098b00000| Untracked 
| 396|0x0000000098c00000, 0x0000000098c00000, 0x0000000098d00000|  0%| F|  |TAMS 0x0000000098c00000, 0x0000000098c00000| Untracked 
| 397|0x0000000098d00000, 0x0000000098d00000, 0x0000000098e00000|  0%| F|  |TAMS 0x0000000098d00000, 0x0000000098d00000| Untracked 
| 398|0x0000000098e00000, 0x0000000098e00000, 0x0000000098f00000|  0%| F|  |TAMS 0x0000000098e00000, 0x0000000098e00000| Untracked 
| 399|0x0000000098f00000, 0x0000000098f00000, 0x0000000099000000|  0%| F|  |TAMS 0x0000000098f00000, 0x0000000098f00000| Untracked 
| 400|0x0000000099000000, 0x0000000099000000, 0x0000000099100000|  0%| F|  |TAMS 0x0000000099000000, 0x0000000099000000| Untracked 
| 401|0x0000000099100000, 0x0000000099100000, 0x0000000099200000|  0%| F|  |TAMS 0x0000000099100000, 0x0000000099100000| Untracked 
| 402|0x0000000099200000, 0x0000000099200000, 0x0000000099300000|  0%| F|  |TAMS 0x0000000099200000, 0x0000000099200000| Untracked 
| 403|0x0000000099300000, 0x0000000099300000, 0x0000000099400000|  0%| F|  |TAMS 0x0000000099300000, 0x0000000099300000| Untracked 
| 404|0x0000000099400000, 0x0000000099400000, 0x0000000099500000|  0%| F|  |TAMS 0x0000000099400000, 0x0000000099400000| Untracked 
| 405|0x0000000099500000, 0x0000000099500000, 0x0000000099600000|  0%| F|  |TAMS 0x0000000099500000, 0x0000000099500000| Untracked 
| 406|0x0000000099600000, 0x0000000099600000, 0x0000000099700000|  0%| F|  |TAMS 0x0000000099600000, 0x0000000099600000| Untracked 
| 407|0x0000000099700000, 0x0000000099700000, 0x0000000099800000|  0%| F|  |TAMS 0x0000000099700000, 0x0000000099700000| Untracked 
| 408|0x0000000099800000, 0x0000000099800000, 0x0000000099900000|  0%| F|  |TAMS 0x0000000099800000, 0x0000000099800000| Untracked 
| 409|0x0000000099900000, 0x0000000099900000, 0x0000000099a00000|  0%| F|  |TAMS 0x0000000099900000, 0x0000000099900000| Untracked 
| 410|0x0000000099a00000, 0x0000000099a00000, 0x0000000099b00000|  0%| F|  |TAMS 0x0000000099a00000, 0x0000000099a00000| Untracked 
| 411|0x0000000099b00000, 0x0000000099b00000, 0x0000000099c00000|  0%| F|  |TAMS 0x0000000099b00000, 0x0000000099b00000| Untracked 
| 412|0x0000000099c00000, 0x0000000099c00000, 0x0000000099d00000|  0%| F|  |TAMS 0x0000000099c00000, 0x0000000099c00000| Untracked 
| 413|0x0000000099d00000, 0x0000000099d00000, 0x0000000099e00000|  0%| F|  |TAMS 0x0000000099d00000, 0x0000000099d00000| Untracked 
| 414|0x0000000099e00000, 0x0000000099e00000, 0x0000000099f00000|  0%| F|  |TAMS 0x0000000099e00000, 0x0000000099e00000| Untracked 
| 415|0x0000000099f00000, 0x0000000099f00000, 0x000000009a000000|  0%| F|  |TAMS 0x0000000099f00000, 0x0000000099f00000| Untracked 
| 416|0x000000009a000000, 0x000000009a000000, 0x000000009a100000|  0%| F|  |TAMS 0x000000009a000000, 0x000000009a000000| Untracked 
| 417|0x000000009a100000, 0x000000009a100000, 0x000000009a200000|  0%| F|  |TAMS 0x000000009a100000, 0x000000009a100000| Untracked 
| 418|0x000000009a200000, 0x000000009a200000, 0x000000009a300000|  0%| F|  |TAMS 0x000000009a200000, 0x000000009a200000| Untracked 
| 419|0x000000009a300000, 0x000000009a300000, 0x000000009a400000|  0%| F|  |TAMS 0x000000009a300000, 0x000000009a300000| Untracked 
| 420|0x000000009a400000, 0x000000009a400000, 0x000000009a500000|  0%| F|  |TAMS 0x000000009a400000, 0x000000009a400000| Untracked 
| 421|0x000000009a500000, 0x000000009a500000, 0x000000009a600000|  0%| F|  |TAMS 0x000000009a500000, 0x000000009a500000| Untracked 
| 422|0x000000009a600000, 0x000000009a600000, 0x000000009a700000|  0%| F|  |TAMS 0x000000009a600000, 0x000000009a600000| Untracked 
| 423|0x000000009a700000, 0x000000009a700000, 0x000000009a800000|  0%| F|  |TAMS 0x000000009a700000, 0x000000009a700000| Untracked 
| 424|0x000000009a800000, 0x000000009a800000, 0x000000009a900000|  0%| F|  |TAMS 0x000000009a800000, 0x000000009a800000| Untracked 
| 425|0x000000009a900000, 0x000000009a900000, 0x000000009aa00000|  0%| F|  |TAMS 0x000000009a900000, 0x000000009a900000| Untracked 
| 426|0x000000009aa00000, 0x000000009aa00000, 0x000000009ab00000|  0%| F|  |TAMS 0x000000009aa00000, 0x000000009aa00000| Untracked 
| 427|0x000000009ab00000, 0x000000009ab00000, 0x000000009ac00000|  0%| F|  |TAMS 0x000000009ab00000, 0x000000009ab00000| Untracked 
| 428|0x000000009ac00000, 0x000000009ac00000, 0x000000009ad00000|  0%| F|  |TAMS 0x000000009ac00000, 0x000000009ac00000| Untracked 
| 429|0x000000009ad00000, 0x000000009ad00000, 0x000000009ae00000|  0%| F|  |TAMS 0x000000009ad00000, 0x000000009ad00000| Untracked 
| 430|0x000000009ae00000, 0x000000009ae00000, 0x000000009af00000|  0%| F|  |TAMS 0x000000009ae00000, 0x000000009ae00000| Untracked 
| 431|0x000000009af00000, 0x000000009af00000, 0x000000009b000000|  0%| F|  |TAMS 0x000000009af00000, 0x000000009af00000| Untracked 
| 432|0x000000009b000000, 0x000000009b000000, 0x000000009b100000|  0%| F|  |TAMS 0x000000009b000000, 0x000000009b000000| Untracked 
| 433|0x000000009b100000, 0x000000009b100000, 0x000000009b200000|  0%| F|  |TAMS 0x000000009b100000, 0x000000009b100000| Untracked 
| 434|0x000000009b200000, 0x000000009b200000, 0x000000009b300000|  0%| F|  |TAMS 0x000000009b200000, 0x000000009b200000| Untracked 
| 435|0x000000009b300000, 0x000000009b300000, 0x000000009b400000|  0%| F|  |TAMS 0x000000009b300000, 0x000000009b300000| Untracked 
| 436|0x000000009b400000, 0x000000009b400000, 0x000000009b500000|  0%| F|  |TAMS 0x000000009b400000, 0x000000009b400000| Untracked 
| 437|0x000000009b500000, 0x000000009b500000, 0x000000009b600000|  0%| F|  |TAMS 0x000000009b500000, 0x000000009b500000| Untracked 
| 438|0x000000009b600000, 0x000000009b600000, 0x000000009b700000|  0%| F|  |TAMS 0x000000009b600000, 0x000000009b600000| Untracked 
| 439|0x000000009b700000, 0x000000009b700000, 0x000000009b800000|  0%| F|  |TAMS 0x000000009b700000, 0x000000009b700000| Untracked 
| 440|0x000000009b800000, 0x000000009b800000, 0x000000009b900000|  0%| F|  |TAMS 0x000000009b800000, 0x000000009b800000| Untracked 
| 441|0x000000009b900000, 0x000000009b900000, 0x000000009ba00000|  0%| F|  |TAMS 0x000000009b900000, 0x000000009b900000| Untracked 
| 442|0x000000009ba00000, 0x000000009ba00000, 0x000000009bb00000|  0%| F|  |TAMS 0x000000009ba00000, 0x000000009ba00000| Untracked 
| 443|0x000000009bb00000, 0x000000009bb00000, 0x000000009bc00000|  0%| F|  |TAMS 0x000000009bb00000, 0x000000009bb00000| Untracked 
| 444|0x000000009bc00000, 0x000000009bc00000, 0x000000009bd00000|  0%| F|  |TAMS 0x000000009bc00000, 0x000000009bc00000| Untracked 
| 445|0x000000009bd00000, 0x000000009bd00000, 0x000000009be00000|  0%| F|  |TAMS 0x000000009bd00000, 0x000000009bd00000| Untracked 
| 446|0x000000009be00000, 0x000000009be00000, 0x000000009bf00000|  0%| F|  |TAMS 0x000000009be00000, 0x000000009be00000| Untracked 
| 447|0x000000009bf00000, 0x000000009bf00000, 0x000000009c000000|  0%| F|  |TAMS 0x000000009bf00000, 0x000000009bf00000| Untracked 
| 448|0x000000009c000000, 0x000000009c000000, 0x000000009c100000|  0%| F|  |TAMS 0x000000009c000000, 0x000000009c000000| Untracked 
| 449|0x000000009c100000, 0x000000009c100000, 0x000000009c200000|  0%| F|  |TAMS 0x000000009c100000, 0x000000009c100000| Untracked 
| 450|0x000000009c200000, 0x000000009c200000, 0x000000009c300000|  0%| F|  |TAMS 0x000000009c200000, 0x000000009c200000| Untracked 
| 451|0x000000009c300000, 0x000000009c300000, 0x000000009c400000|  0%| F|  |TAMS 0x000000009c300000, 0x000000009c300000| Untracked 
| 452|0x000000009c400000, 0x000000009c400000, 0x000000009c500000|  0%| F|  |TAMS 0x000000009c400000, 0x000000009c400000| Untracked 
| 453|0x000000009c500000, 0x000000009c500000, 0x000000009c600000|  0%| F|  |TAMS 0x000000009c500000, 0x000000009c500000| Untracked 
| 454|0x000000009c600000, 0x000000009c600000, 0x000000009c700000|  0%| F|  |TAMS 0x000000009c600000, 0x000000009c600000| Untracked 
| 455|0x000000009c700000, 0x000000009c700000, 0x000000009c800000|  0%| F|  |TAMS 0x000000009c700000, 0x000000009c700000| Untracked 
| 456|0x000000009c800000, 0x000000009c800000, 0x000000009c900000|  0%| F|  |TAMS 0x000000009c800000, 0x000000009c800000| Untracked 
| 457|0x000000009c900000, 0x000000009c900000, 0x000000009ca00000|  0%| F|  |TAMS 0x000000009c900000, 0x000000009c900000| Untracked 
| 458|0x000000009ca00000, 0x000000009ca00000, 0x000000009cb00000|  0%| F|  |TAMS 0x000000009ca00000, 0x000000009ca00000| Untracked 
| 459|0x000000009cb00000, 0x000000009cb00000, 0x000000009cc00000|  0%| F|  |TAMS 0x000000009cb00000, 0x000000009cb00000| Untracked 
| 460|0x000000009cc00000, 0x000000009cc00000, 0x000000009cd00000|  0%| F|  |TAMS 0x000000009cc00000, 0x000000009cc00000| Untracked 
| 461|0x000000009cd00000, 0x000000009cd00000, 0x000000009ce00000|  0%| F|  |TAMS 0x000000009cd00000, 0x000000009cd00000| Untracked 
| 462|0x000000009ce00000, 0x000000009ce00000, 0x000000009cf00000|  0%| F|  |TAMS 0x000000009ce00000, 0x000000009ce00000| Untracked 
| 463|0x000000009cf00000, 0x000000009cf00000, 0x000000009d000000|  0%| F|  |TAMS 0x000000009cf00000, 0x000000009cf00000| Untracked 
| 464|0x000000009d000000, 0x000000009d000000, 0x000000009d100000|  0%| F|  |TAMS 0x000000009d000000, 0x000000009d000000| Untracked 
| 465|0x000000009d100000, 0x000000009d100000, 0x000000009d200000|  0%| F|  |TAMS 0x000000009d100000, 0x000000009d100000| Untracked 
| 466|0x000000009d200000, 0x000000009d200000, 0x000000009d300000|  0%| F|  |TAMS 0x000000009d200000, 0x000000009d200000| Untracked 
| 467|0x000000009d300000, 0x000000009d300000, 0x000000009d400000|  0%| F|  |TAMS 0x000000009d300000, 0x000000009d300000| Untracked 
| 468|0x000000009d400000, 0x000000009d400000, 0x000000009d500000|  0%| F|  |TAMS 0x000000009d400000, 0x000000009d400000| Untracked 
| 469|0x000000009d500000, 0x000000009d500000, 0x000000009d600000|  0%| F|  |TAMS 0x000000009d500000, 0x000000009d500000| Untracked 
| 470|0x000000009d600000, 0x000000009d600000, 0x000000009d700000|  0%| F|  |TAMS 0x000000009d600000, 0x000000009d600000| Untracked 
| 471|0x000000009d700000, 0x000000009d700000, 0x000000009d800000|  0%| F|  |TAMS 0x000000009d700000, 0x000000009d700000| Untracked 
| 472|0x000000009d800000, 0x000000009d800000, 0x000000009d900000|  0%| F|  |TAMS 0x000000009d800000, 0x000000009d800000| Untracked 
| 473|0x000000009d900000, 0x000000009d900000, 0x000000009da00000|  0%| F|  |TAMS 0x000000009d900000, 0x000000009d900000| Untracked 
| 474|0x000000009da00000, 0x000000009da00000, 0x000000009db00000|  0%| F|  |TAMS 0x000000009da00000, 0x000000009da00000| Untracked 
| 475|0x000000009db00000, 0x000000009db00000, 0x000000009dc00000|  0%| F|  |TAMS 0x000000009db00000, 0x000000009db00000| Untracked 
| 476|0x000000009dc00000, 0x000000009dc00000, 0x000000009dd00000|  0%| F|  |TAMS 0x000000009dc00000, 0x000000009dc00000| Untracked 
| 477|0x000000009dd00000, 0x000000009dd00000, 0x000000009de00000|  0%| F|  |TAMS 0x000000009dd00000, 0x000000009dd00000| Untracked 
| 478|0x000000009de00000, 0x000000009de00000, 0x000000009df00000|  0%| F|  |TAMS 0x000000009de00000, 0x000000009de00000| Untracked 
| 479|0x000000009df00000, 0x000000009df00000, 0x000000009e000000|  0%| F|  |TAMS 0x000000009df00000, 0x000000009df00000| Untracked 
| 480|0x000000009e000000, 0x000000009e000000, 0x000000009e100000|  0%| F|  |TAMS 0x000000009e000000, 0x000000009e000000| Untracked 
| 481|0x000000009e100000, 0x000000009e100000, 0x000000009e200000|  0%| F|  |TAMS 0x000000009e100000, 0x000000009e100000| Untracked 
| 482|0x000000009e200000, 0x000000009e200000, 0x000000009e300000|  0%| F|  |TAMS 0x000000009e200000, 0x000000009e200000| Untracked 
| 483|0x000000009e300000, 0x000000009e300000, 0x000000009e400000|  0%| F|  |TAMS 0x000000009e300000, 0x000000009e300000| Untracked 
| 484|0x000000009e400000, 0x000000009e400000, 0x000000009e500000|  0%| F|  |TAMS 0x000000009e400000, 0x000000009e400000| Untracked 
| 485|0x000000009e500000, 0x000000009e500000, 0x000000009e600000|  0%| F|  |TAMS 0x000000009e500000, 0x000000009e500000| Untracked 
| 486|0x000000009e600000, 0x000000009e600000, 0x000000009e700000|  0%| F|  |TAMS 0x000000009e600000, 0x000000009e600000| Untracked 
| 487|0x000000009e700000, 0x000000009e700000, 0x000000009e800000|  0%| F|  |TAMS 0x000000009e700000, 0x000000009e700000| Untracked 
| 488|0x000000009e800000, 0x000000009e800000, 0x000000009e900000|  0%| F|  |TAMS 0x000000009e800000, 0x000000009e800000| Untracked 
| 489|0x000000009e900000, 0x000000009e900000, 0x000000009ea00000|  0%| F|  |TAMS 0x000000009e900000, 0x000000009e900000| Untracked 
| 490|0x000000009ea00000, 0x000000009ea00000, 0x000000009eb00000|  0%| F|  |TAMS 0x000000009ea00000, 0x000000009ea00000| Untracked 
| 491|0x000000009eb00000, 0x000000009eb00000, 0x000000009ec00000|  0%| F|  |TAMS 0x000000009eb00000, 0x000000009eb00000| Untracked 
| 492|0x000000009ec00000, 0x000000009ec00000, 0x000000009ed00000|  0%| F|  |TAMS 0x000000009ec00000, 0x000000009ec00000| Untracked 
| 493|0x000000009ed00000, 0x000000009ed00000, 0x000000009ee00000|  0%| F|  |TAMS 0x000000009ed00000, 0x000000009ed00000| Untracked 
| 494|0x000000009ee00000, 0x000000009ee00000, 0x000000009ef00000|  0%| F|  |TAMS 0x000000009ee00000, 0x000000009ee00000| Untracked 
| 495|0x000000009ef00000, 0x000000009ef00000, 0x000000009f000000|  0%| F|  |TAMS 0x000000009ef00000, 0x000000009ef00000| Untracked 
| 496|0x000000009f000000, 0x000000009f000000, 0x000000009f100000|  0%| F|  |TAMS 0x000000009f000000, 0x000000009f000000| Untracked 
| 497|0x000000009f100000, 0x000000009f100000, 0x000000009f200000|  0%| F|  |TAMS 0x000000009f100000, 0x000000009f100000| Untracked 
| 498|0x000000009f200000, 0x000000009f200000, 0x000000009f300000|  0%| F|  |TAMS 0x000000009f200000, 0x000000009f200000| Untracked 
| 499|0x000000009f300000, 0x000000009f300000, 0x000000009f400000|  0%| F|  |TAMS 0x000000009f300000, 0x000000009f300000| Untracked 
| 500|0x000000009f400000, 0x000000009f400000, 0x000000009f500000|  0%| F|  |TAMS 0x000000009f400000, 0x000000009f400000| Untracked 
| 501|0x000000009f500000, 0x000000009f500000, 0x000000009f600000|  0%| F|  |TAMS 0x000000009f500000, 0x000000009f500000| Untracked 
| 502|0x000000009f600000, 0x000000009f600000, 0x000000009f700000|  0%| F|  |TAMS 0x000000009f600000, 0x000000009f600000| Untracked 
| 503|0x000000009f700000, 0x000000009f700000, 0x000000009f800000|  0%| F|  |TAMS 0x000000009f700000, 0x000000009f700000| Untracked 
| 504|0x000000009f800000, 0x000000009f800000, 0x000000009f900000|  0%| F|  |TAMS 0x000000009f800000, 0x000000009f800000| Untracked 
| 505|0x000000009f900000, 0x000000009f900000, 0x000000009fa00000|  0%| F|  |TAMS 0x000000009f900000, 0x000000009f900000| Untracked 
| 506|0x000000009fa00000, 0x000000009fa00000, 0x000000009fb00000|  0%| F|  |TAMS 0x000000009fa00000, 0x000000009fa00000| Untracked 
| 507|0x000000009fb00000, 0x000000009fb00000, 0x000000009fc00000|  0%| F|  |TAMS 0x000000009fb00000, 0x000000009fb00000| Untracked 
| 508|0x000000009fc00000, 0x000000009fc00000, 0x000000009fd00000|  0%| F|  |TAMS 0x000000009fc00000, 0x000000009fc00000| Untracked 
| 509|0x000000009fd00000, 0x000000009fd61af8, 0x000000009fe00000| 38%| S|CS|TAMS 0x000000009fd00000, 0x000000009fd00000| Complete 
| 510|0x000000009fe00000, 0x000000009ff00000, 0x000000009ff00000|100%| S|CS|TAMS 0x000000009fe00000, 0x000000009fe00000| Complete 
| 511|0x000000009ff00000, 0x00000000a0000000, 0x00000000a0000000|100%| S|CS|TAMS 0x000000009ff00000, 0x000000009ff00000| Complete 
| 512|0x00000000a0000000, 0x00000000a0100000, 0x00000000a0100000|100%| S|CS|TAMS 0x00000000a0000000, 0x00000000a0000000| Complete 
| 513|0x00000000a0100000, 0x00000000a0200000, 0x00000000a0200000|100%| S|CS|TAMS 0x00000000a0100000, 0x00000000a0100000| Complete 
| 514|0x00000000a0200000, 0x00000000a0300000, 0x00000000a0300000|100%| S|CS|TAMS 0x00000000a0200000, 0x00000000a0200000| Complete 
| 515|0x00000000a0300000, 0x00000000a0300000, 0x00000000a0400000|  0%| F|  |TAMS 0x00000000a0300000, 0x00000000a0300000| Untracked 
| 516|0x00000000a0400000, 0x00000000a0400000, 0x00000000a0500000|  0%| F|  |TAMS 0x00000000a0400000, 0x00000000a0400000| Untracked 
| 517|0x00000000a0500000, 0x00000000a0500000, 0x00000000a0600000|  0%| F|  |TAMS 0x00000000a0500000, 0x00000000a0500000| Untracked 
| 518|0x00000000a0600000, 0x00000000a0600000, 0x00000000a0700000|  0%| F|  |TAMS 0x00000000a0600000, 0x00000000a0600000| Untracked 
| 519|0x00000000a0700000, 0x00000000a0700000, 0x00000000a0800000|  0%| F|  |TAMS 0x00000000a0700000, 0x00000000a0700000| Untracked 
| 520|0x00000000a0800000, 0x00000000a0800000, 0x00000000a0900000|  0%| F|  |TAMS 0x00000000a0800000, 0x00000000a0800000| Untracked 
| 521|0x00000000a0900000, 0x00000000a0900000, 0x00000000a0a00000|  0%| F|  |TAMS 0x00000000a0900000, 0x00000000a0900000| Untracked 
| 522|0x00000000a0a00000, 0x00000000a0a00000, 0x00000000a0b00000|  0%| F|  |TAMS 0x00000000a0a00000, 0x00000000a0a00000| Untracked 
| 523|0x00000000a0b00000, 0x00000000a0b00000, 0x00000000a0c00000|  0%| F|  |TAMS 0x00000000a0b00000, 0x00000000a0b00000| Untracked 
| 524|0x00000000a0c00000, 0x00000000a0c00000, 0x00000000a0d00000|  0%| F|  |TAMS 0x00000000a0c00000, 0x00000000a0c00000| Untracked 
| 525|0x00000000a0d00000, 0x00000000a0d00000, 0x00000000a0e00000|  0%| F|  |TAMS 0x00000000a0d00000, 0x00000000a0d00000| Untracked 
| 526|0x00000000a0e00000, 0x00000000a0e00000, 0x00000000a0f00000|  0%| F|  |TAMS 0x00000000a0e00000, 0x00000000a0e00000| Untracked 
| 527|0x00000000a0f00000, 0x00000000a0f00000, 0x00000000a1000000|  0%| F|  |TAMS 0x00000000a0f00000, 0x00000000a0f00000| Untracked 
| 528|0x00000000a1000000, 0x00000000a1000000, 0x00000000a1100000|  0%| F|  |TAMS 0x00000000a1000000, 0x00000000a1000000| Untracked 
| 529|0x00000000a1100000, 0x00000000a1100000, 0x00000000a1200000|  0%| F|  |TAMS 0x00000000a1100000, 0x00000000a1100000| Untracked 
| 530|0x00000000a1200000, 0x00000000a1200000, 0x00000000a1300000|  0%| F|  |TAMS 0x00000000a1200000, 0x00000000a1200000| Untracked 
| 531|0x00000000a1300000, 0x00000000a1300000, 0x00000000a1400000|  0%| F|  |TAMS 0x00000000a1300000, 0x00000000a1300000| Untracked 
| 532|0x00000000a1400000, 0x00000000a1400000, 0x00000000a1500000|  0%| F|  |TAMS 0x00000000a1400000, 0x00000000a1400000| Untracked 
| 533|0x00000000a1500000, 0x00000000a1500000, 0x00000000a1600000|  0%| F|  |TAMS 0x00000000a1500000, 0x00000000a1500000| Untracked 
| 534|0x00000000a1600000, 0x00000000a1600000, 0x00000000a1700000|  0%| F|  |TAMS 0x00000000a1600000, 0x00000000a1600000| Untracked 
| 535|0x00000000a1700000, 0x00000000a1700000, 0x00000000a1800000|  0%| F|  |TAMS 0x00000000a1700000, 0x00000000a1700000| Untracked 
| 536|0x00000000a1800000, 0x00000000a1800000, 0x00000000a1900000|  0%| F|  |TAMS 0x00000000a1800000, 0x00000000a1800000| Untracked 
| 537|0x00000000a1900000, 0x00000000a1900000, 0x00000000a1a00000|  0%| F|  |TAMS 0x00000000a1900000, 0x00000000a1900000| Untracked 
| 538|0x00000000a1a00000, 0x00000000a1a00000, 0x00000000a1b00000|  0%| F|  |TAMS 0x00000000a1a00000, 0x00000000a1a00000| Untracked 
| 539|0x00000000a1b00000, 0x00000000a1b00000, 0x00000000a1c00000|  0%| F|  |TAMS 0x00000000a1b00000, 0x00000000a1b00000| Untracked 
| 540|0x00000000a1c00000, 0x00000000a1c00000, 0x00000000a1d00000|  0%| F|  |TAMS 0x00000000a1c00000, 0x00000000a1c00000| Untracked 
| 541|0x00000000a1d00000, 0x00000000a1d00000, 0x00000000a1e00000|  0%| F|  |TAMS 0x00000000a1d00000, 0x00000000a1d00000| Untracked 
| 542|0x00000000a1e00000, 0x00000000a1e00000, 0x00000000a1f00000|  0%| F|  |TAMS 0x00000000a1e00000, 0x00000000a1e00000| Untracked 
| 543|0x00000000a1f00000, 0x00000000a1f00000, 0x00000000a2000000|  0%| F|  |TAMS 0x00000000a1f00000, 0x00000000a1f00000| Untracked 
| 544|0x00000000a2000000, 0x00000000a2000000, 0x00000000a2100000|  0%| F|  |TAMS 0x00000000a2000000, 0x00000000a2000000| Untracked 
| 545|0x00000000a2100000, 0x00000000a2100000, 0x00000000a2200000|  0%| F|  |TAMS 0x00000000a2100000, 0x00000000a2100000| Untracked 
| 546|0x00000000a2200000, 0x00000000a2200000, 0x00000000a2300000|  0%| F|  |TAMS 0x00000000a2200000, 0x00000000a2200000| Untracked 
| 547|0x00000000a2300000, 0x00000000a2300000, 0x00000000a2400000|  0%| F|  |TAMS 0x00000000a2300000, 0x00000000a2300000| Untracked 
| 548|0x00000000a2400000, 0x00000000a2400000, 0x00000000a2500000|  0%| F|  |TAMS 0x00000000a2400000, 0x00000000a2400000| Untracked 
| 549|0x00000000a2500000, 0x00000000a2500000, 0x00000000a2600000|  0%| F|  |TAMS 0x00000000a2500000, 0x00000000a2500000| Untracked 
| 550|0x00000000a2600000, 0x00000000a2600000, 0x00000000a2700000|  0%| F|  |TAMS 0x00000000a2600000, 0x00000000a2600000| Untracked 
| 551|0x00000000a2700000, 0x00000000a2700000, 0x00000000a2800000|  0%| F|  |TAMS 0x00000000a2700000, 0x00000000a2700000| Untracked 
| 552|0x00000000a2800000, 0x00000000a2800000, 0x00000000a2900000|  0%| F|  |TAMS 0x00000000a2800000, 0x00000000a2800000| Untracked 
| 553|0x00000000a2900000, 0x00000000a2900000, 0x00000000a2a00000|  0%| F|  |TAMS 0x00000000a2900000, 0x00000000a2900000| Untracked 
| 554|0x00000000a2a00000, 0x00000000a2a00000, 0x00000000a2b00000|  0%| F|  |TAMS 0x00000000a2a00000, 0x00000000a2a00000| Untracked 
| 555|0x00000000a2b00000, 0x00000000a2b00000, 0x00000000a2c00000|  0%| F|  |TAMS 0x00000000a2b00000, 0x00000000a2b00000| Untracked 
| 556|0x00000000a2c00000, 0x00000000a2c00000, 0x00000000a2d00000|  0%| F|  |TAMS 0x00000000a2c00000, 0x00000000a2c00000| Untracked 
| 557|0x00000000a2d00000, 0x00000000a2d00000, 0x00000000a2e00000|  0%| F|  |TAMS 0x00000000a2d00000, 0x00000000a2d00000| Untracked 
| 558|0x00000000a2e00000, 0x00000000a2e00000, 0x00000000a2f00000|  0%| F|  |TAMS 0x00000000a2e00000, 0x00000000a2e00000| Untracked 
| 559|0x00000000a2f00000, 0x00000000a2f00000, 0x00000000a3000000|  0%| F|  |TAMS 0x00000000a2f00000, 0x00000000a2f00000| Untracked 
| 560|0x00000000a3000000, 0x00000000a3000000, 0x00000000a3100000|  0%| F|  |TAMS 0x00000000a3000000, 0x00000000a3000000| Untracked 
| 561|0x00000000a3100000, 0x00000000a3100000, 0x00000000a3200000|  0%| F|  |TAMS 0x00000000a3100000, 0x00000000a3100000| Untracked 
| 562|0x00000000a3200000, 0x00000000a3200000, 0x00000000a3300000|  0%| F|  |TAMS 0x00000000a3200000, 0x00000000a3200000| Untracked 
| 563|0x00000000a3300000, 0x00000000a3300000, 0x00000000a3400000|  0%| F|  |TAMS 0x00000000a3300000, 0x00000000a3300000| Untracked 
| 564|0x00000000a3400000, 0x00000000a3400000, 0x00000000a3500000|  0%| F|  |TAMS 0x00000000a3400000, 0x00000000a3400000| Untracked 
| 565|0x00000000a3500000, 0x00000000a3500000, 0x00000000a3600000|  0%| F|  |TAMS 0x00000000a3500000, 0x00000000a3500000| Untracked 
| 566|0x00000000a3600000, 0x00000000a3600000, 0x00000000a3700000|  0%| F|  |TAMS 0x00000000a3600000, 0x00000000a3600000| Untracked 
| 567|0x00000000a3700000, 0x00000000a3700000, 0x00000000a3800000|  0%| F|  |TAMS 0x00000000a3700000, 0x00000000a3700000| Untracked 
| 568|0x00000000a3800000, 0x00000000a3800000, 0x00000000a3900000|  0%| F|  |TAMS 0x00000000a3800000, 0x00000000a3800000| Untracked 
| 569|0x00000000a3900000, 0x00000000a3900000, 0x00000000a3a00000|  0%| F|  |TAMS 0x00000000a3900000, 0x00000000a3900000| Untracked 
| 570|0x00000000a3a00000, 0x00000000a3a00000, 0x00000000a3b00000|  0%| F|  |TAMS 0x00000000a3a00000, 0x00000000a3a00000| Untracked 
| 571|0x00000000a3b00000, 0x00000000a3b00000, 0x00000000a3c00000|  0%| F|  |TAMS 0x00000000a3b00000, 0x00000000a3b00000| Untracked 
| 572|0x00000000a3c00000, 0x00000000a3c00000, 0x00000000a3d00000|  0%| F|  |TAMS 0x00000000a3c00000, 0x00000000a3c00000| Untracked 
| 573|0x00000000a3d00000, 0x00000000a3d00000, 0x00000000a3e00000|  0%| F|  |TAMS 0x00000000a3d00000, 0x00000000a3d00000| Untracked 
| 574|0x00000000a3e00000, 0x00000000a3e00000, 0x00000000a3f00000|  0%| F|  |TAMS 0x00000000a3e00000, 0x00000000a3e00000| Untracked 
| 575|0x00000000a3f00000, 0x00000000a3f00000, 0x00000000a4000000|  0%| F|  |TAMS 0x00000000a3f00000, 0x00000000a3f00000| Untracked 
| 576|0x00000000a4000000, 0x00000000a4000000, 0x00000000a4100000|  0%| F|  |TAMS 0x00000000a4000000, 0x00000000a4000000| Untracked 
| 577|0x00000000a4100000, 0x00000000a4100000, 0x00000000a4200000|  0%| F|  |TAMS 0x00000000a4100000, 0x00000000a4100000| Untracked 
| 578|0x00000000a4200000, 0x00000000a425e108, 0x00000000a4300000| 36%| E|  |TAMS 0x00000000a4200000, 0x00000000a4200000| Complete 
|1122|0x00000000c6200000, 0x00000000c6300000, 0x00000000c6300000|100%| E|CS|TAMS 0x00000000c6200000, 0x00000000c6200000| Complete 
|1123|0x00000000c6300000, 0x00000000c6400000, 0x00000000c6400000|100%| E|CS|TAMS 0x00000000c6300000, 0x00000000c6300000| Complete 
|1124|0x00000000c6400000, 0x00000000c6500000, 0x00000000c6500000|100%| E|CS|TAMS 0x00000000c6400000, 0x00000000c6400000| Complete 
|1125|0x00000000c6500000, 0x00000000c6600000, 0x00000000c6600000|100%| E|CS|TAMS 0x00000000c6500000, 0x00000000c6500000| Complete 
|1126|0x00000000c6600000, 0x00000000c6700000, 0x00000000c6700000|100%| E|CS|TAMS 0x00000000c6600000, 0x00000000c6600000| Complete 
|1127|0x00000000c6700000, 0x00000000c6800000, 0x00000000c6800000|100%| E|CS|TAMS 0x00000000c6700000, 0x00000000c6700000| Complete 
|1128|0x00000000c6800000, 0x00000000c6900000, 0x00000000c6900000|100%| E|CS|TAMS 0x00000000c6800000, 0x00000000c6800000| Complete 
|1129|0x00000000c6900000, 0x00000000c6a00000, 0x00000000c6a00000|100%| E|CS|TAMS 0x00000000c6900000, 0x00000000c6900000| Complete 
|2045|0x00000000ffd00000, 0x00000000ffe00000, 0x00000000ffe00000|100%| O|  |TAMS 0x00000000ffe00000, 0x00000000ffd00000| Updating 
|2046|0x00000000ffe00000, 0x00000000fff00000, 0x00000000fff00000|100%| E|CS|TAMS 0x00000000ffe00000, 0x00000000ffe00000| Complete 
|2047|0x00000000fff00000, 0x0000000100000000, 0x0000000100000000|100%| E|CS|TAMS 0x00000000fff00000, 0x00000000fff00000| Complete 

Card table byte_map: [0x0000029b4e7d0000,0x0000029b4ebd0000] _byte_map_base: 0x0000029b4e3d0000

Marking Bits (Prev, Next): (CMBitMap*) 0x0000029b3b28ae60, (CMBitMap*) 0x0000029b3b28ae20
 Prev Bits: [0x0000029b50fd0000, 0x0000029b52fd0000)
 Next Bits: [0x0000029b4efd0000, 0x0000029b50fd0000)

Polling page: 0x0000029b397b0000

Metaspace:

Usage:
  Non-class:    136.49 MB used.
      Class:     20.72 MB used.
       Both:    157.21 MB used.

Virtual space:
  Non-class space:      192.00 MB reserved,     137.38 MB ( 72%) committed,  3 nodes.
      Class space:        1.00 GB reserved,      21.50 MB (  2%) committed,  1 nodes.
             Both:        1.19 GB reserved,     158.88 MB ( 13%) committed. 

Chunk freelists:
   Non-Class:  6.55 MB
       Class:  10.39 MB
        Both:  16.93 MB

MaxMetaspaceSize: unlimited
CompressedClassSpaceSize: 1.00 GB
Initial GC threshold: 21.00 MB
Current GC threshold: 264.69 MB
CDS: off
MetaspaceReclaimPolicy: balanced
 - commit_granule_bytes: 65536.
 - commit_granule_words: 8192.
 - virtual_space_node_default_size: 8388608.
 - enlarge_chunks_in_place: 1.
 - new_chunks_are_fully_committed: 0.
 - uncommit_free_chunks: 1.
 - use_allocation_guard: 0.
 - handle_deallocations: 1.


Internal statistics:

num_allocs_failed_limit: 9.
num_arena_births: 3404.
num_arena_deaths: 274.
num_vsnodes_births: 4.
num_vsnodes_deaths: 0.
num_space_committed: 2541.
num_space_uncommitted: 0.
num_chunks_returned_to_freelist: 330.
num_chunks_taken_from_freelist: 10314.
num_chunk_merges: 117.
num_chunk_splits: 6254.
num_chunks_enlarged: 3532.
num_inconsistent_stats: 0.

CodeHeap 'non-profiled nmethods': size=120000Kb used=22877Kb max_used=22877Kb free=97123Kb
 bounds [0x0000029b46220000, 0x0000029b47880000, 0x0000029b4d750000]
CodeHeap 'profiled nmethods': size=120000Kb used=52403Kb max_used=52403Kb free=67597Kb
 bounds [0x0000029b3e750000, 0x0000029b41a90000, 0x0000029b45c80000]
CodeHeap 'non-nmethods': size=5760Kb used=1860Kb max_used=1927Kb free=3899Kb
 bounds [0x0000029b45c80000, 0x0000029b45ef0000, 0x0000029b46220000]
 total_blobs=26504 nmethods=25551 adapters=862
 compilation: enabled
              stopped_count=0, restarted_count=0
 full_count=0

Compilation events (20 events):
Event: 2769.567 Thread 0x0000029b5a0c0b80 32429       3       com.sun.tools.javac.tree.TreeMaker::Select (21 bytes)
Event: 2769.567 Thread 0x0000029b5a0c0b80 nmethod 32429 0x0000029b41a78910 code [0x0000029b41a78ae0, 0x0000029b41a78ed8]
Event: 2769.567 Thread 0x0000029b5a0c0b80 32432       3       com.sun.tools.javac.parser.UnicodeReader::digit (94 bytes)
Event: 2769.567 Thread 0x0000029b5a0c0b80 nmethod 32432 0x0000029b41a79090 code [0x0000029b41a79320, 0x0000029b41a7a178]
Event: 2769.567 Thread 0x0000029b5a0c0b80 32435       3       com.sun.tools.javac.tree.JCTree$JCFieldAccess::<init> (20 bytes)
Event: 2769.567 Thread 0x0000029b5a0c0b80 nmethod 32435 0x0000029b41a7a610 code [0x0000029b41a7a7c0, 0x0000029b41a7ab58]
Event: 2769.568 Thread 0x0000029b5a0c0b80 32433       3       com.sun.tools.javac.util.ListBuffer::isEmpty (13 bytes)
Event: 2769.568 Thread 0x0000029b5a0c0b80 nmethod 32433 0x0000029b41a7ac90 code [0x0000029b41a7ae20, 0x0000029b41a7af98]
Event: 2769.568 Thread 0x0000029b5a0c0b80 32436   !   3       sun.nio.fs.WindowsNativeDispatcher::GetFileSecurity (38 bytes)
Event: 2769.569 Thread 0x0000029b5a0c0b80 nmethod 32436 0x0000029b41a7b010 code [0x0000029b41a7b200, 0x0000029b41a7b518]
Event: 2769.569 Thread 0x0000029b5a0c0b80 32438   !   3       sun.nio.fs.WindowsLinkSupport::getFinalPath (175 bytes)
Event: 2769.569 Thread 0x0000029b5a0c0b80 nmethod 32438 0x0000029b41a7b790 code [0x0000029b41a7bae0, 0x0000029b41a7ce08]
Event: 2769.570 Thread 0x0000029b5a0c0b80 32439       1       sun.nio.fs.WindowsNativeDispatcher$VolumeInformation::volumeName (5 bytes)
Event: 2769.570 Thread 0x0000029b5a0c0b80 nmethod 32439 0x0000029b47863810 code [0x0000029b478639a0, 0x0000029b47863a78]
Event: 2769.714 Thread 0x0000029b5a0c0b80 32440       3       java.nio.file.SimpleFileVisitor::<init> (5 bytes)
Event: 2769.715 Thread 0x0000029b5a0c0b80 nmethod 32440 0x0000029b41a7d510 code [0x0000029b41a7d6a0, 0x0000029b41a7d7f8]
Event: 2769.731 Thread 0x0000029b5a0c0b80 32442       3       java.nio.file.Files::followLinks (67 bytes)
Event: 2769.731 Thread 0x0000029b5a0c0b80 nmethod 32442 0x0000029b41a7d890 code [0x0000029b41a7da60, 0x0000029b41a7de38]
Event: 2769.733 Thread 0x0000029b6a2164a0 nmethod 32403 0x0000029b47863b10 code [0x0000029b47864400, 0x0000029b4786ca10]
Event: 2769.733 Thread 0x0000029b6a2164a0 32425   !   4       java.util.jar.JarFile::getManifestFromReference (197 bytes)

GC Heap History (20 events):
Event: 2384.555 GC heap after
{Heap after GC invocations=83 (full 0):
 garbage-first heap   total 534528K, used 149530K [0x0000000080000000, 0x0000000100000000)
  region size 1024K, 2 young (2048K), 2 survivors (2048K)
 Metaspace       used 160145K, committed 161920K, reserved 1245184K
  class space    used 21189K, committed 22016K, reserved 1048576K
}
Event: 2384.809 GC heap before
{Heap before GC invocations=83 (full 0):
 garbage-first heap   total 534528K, used 193562K [0x0000000080000000, 0x0000000100000000)
  region size 1024K, 47 young (48128K), 2 survivors (2048K)
 Metaspace       used 160155K, committed 161920K, reserved 1245184K
  class space    used 21189K, committed 22016K, reserved 1048576K
}
Event: 2384.811 GC heap after
{Heap after GC invocations=84 (full 0):
 garbage-first heap   total 534528K, used 148624K [0x0000000080000000, 0x0000000100000000)
  region size 1024K, 1 young (1024K), 1 survivors (1024K)
 Metaspace       used 160155K, committed 161920K, reserved 1245184K
  class space    used 21189K, committed 22016K, reserved 1048576K
}
Event: 2507.077 GC heap before
{Heap before GC invocations=85 (full 0):
 garbage-first heap   total 534528K, used 417936K [0x0000000080000000, 0x0000000100000000)
  region size 1024K, 248 young (253952K), 1 survivors (1024K)
 Metaspace       used 160357K, committed 162112K, reserved 1245184K
  class space    used 21190K, committed 22016K, reserved 1048576K
}
Event: 2507.094 GC heap after
{Heap after GC invocations=86 (full 0):
 garbage-first heap   total 534528K, used 169595K [0x0000000080000000, 0x0000000100000000)
  region size 1024K, 22 young (22528K), 22 survivors (22528K)
 Metaspace       used 160357K, committed 162112K, reserved 1245184K
  class space    used 21190K, committed 22016K, reserved 1048576K
}
Event: 2507.097 GC heap before
{Heap before GC invocations=86 (full 0):
 garbage-first heap   total 534528K, used 173691K [0x0000000080000000, 0x0000000100000000)
  region size 1024K, 26 young (26624K), 22 survivors (22528K)
 Metaspace       used 160357K, committed 162112K, reserved 1245184K
  class space    used 21190K, committed 22016K, reserved 1048576K
}
Event: 2507.108 GC heap after
{Heap after GC invocations=87 (full 0):
 garbage-first heap   total 534528K, used 166486K [0x0000000080000000, 0x0000000100000000)
  region size 1024K, 2 young (2048K), 2 survivors (2048K)
 Metaspace       used 160357K, committed 162112K, reserved 1245184K
  class space    used 21190K, committed 22016K, reserved 1048576K
}
Event: 2507.271 GC heap before
{Heap before GC invocations=87 (full 0):
 garbage-first heap   total 534528K, used 406102K [0x0000000080000000, 0x0000000100000000)
  region size 1024K, 237 young (242688K), 2 survivors (2048K)
 Metaspace       used 160409K, committed 162112K, reserved 1245184K
  class space    used 21190K, committed 22016K, reserved 1048576K
}
Event: 2507.274 GC heap after
{Heap after GC invocations=88 (full 0):
 garbage-first heap   total 534528K, used 168854K [0x0000000080000000, 0x0000000100000000)
  region size 1024K, 5 young (5120K), 5 survivors (5120K)
 Metaspace       used 160409K, committed 162112K, reserved 1245184K
  class space    used 21190K, committed 22016K, reserved 1048576K
}
Event: 2660.175 GC heap before
{Heap before GC invocations=89 (full 0):
 garbage-first heap   total 534528K, used 434070K [0x0000000080000000, 0x0000000100000000)
  region size 1024K, 248 young (253952K), 5 survivors (5120K)
 Metaspace       used 160645K, committed 162368K, reserved 1245184K
  class space    used 21194K, committed 22016K, reserved 1048576K
}
Event: 2660.184 GC heap after
{Heap after GC invocations=90 (full 0):
 garbage-first heap   total 534528K, used 186510K [0x0000000080000000, 0x0000000100000000)
  region size 1024K, 22 young (22528K), 22 survivors (22528K)
 Metaspace       used 160645K, committed 162368K, reserved 1245184K
  class space    used 21194K, committed 22016K, reserved 1048576K
}
Event: 2660.188 GC heap before
{Heap before GC invocations=90 (full 0):
 garbage-first heap   total 534528K, used 189582K [0x0000000080000000, 0x0000000100000000)
  region size 1024K, 26 young (26624K), 22 survivors (22528K)
 Metaspace       used 160645K, committed 162368K, reserved 1245184K
  class space    used 21194K, committed 22016K, reserved 1048576K
}
Event: 2660.204 GC heap after
{Heap after GC invocations=91 (full 0):
 garbage-first heap   total 534528K, used 174231K [0x0000000080000000, 0x0000000100000000)
  region size 1024K, 3 young (3072K), 3 survivors (3072K)
 Metaspace       used 160645K, committed 162368K, reserved 1245184K
  class space    used 21194K, committed 22016K, reserved 1048576K
}
Event: 2660.359 GC heap before
{Heap before GC invocations=91 (full 0):
 garbage-first heap   total 534528K, used 416919K [0x0000000080000000, 0x0000000100000000)
  region size 1024K, 241 young (246784K), 3 survivors (3072K)
 Metaspace       used 160657K, committed 162368K, reserved 1245184K
  class space    used 21194K, committed 22016K, reserved 1048576K
}
Event: 2660.362 GC heap after
{Heap after GC invocations=92 (full 0):
 garbage-first heap   total 534528K, used 175552K [0x0000000080000000, 0x0000000100000000)
  region size 1024K, 4 young (4096K), 4 survivors (4096K)
 Metaspace       used 160657K, committed 162368K, reserved 1245184K
  class space    used 21194K, committed 22016K, reserved 1048576K
}
Event: 2769.448 GC heap before
{Heap before GC invocations=93 (full 0):
 garbage-first heap   total 534528K, used 445888K [0x0000000080000000, 0x0000000100000000)
  region size 1024K, 250 young (256000K), 4 survivors (4096K)
 Metaspace       used 160880K, committed 162560K, reserved 1245184K
  class space    used 21199K, committed 22016K, reserved 1048576K
}
Event: 2769.455 GC heap after
{Heap after GC invocations=94 (full 0):
 garbage-first heap   total 534528K, used 184970K [0x0000000080000000, 0x0000000100000000)
  region size 1024K, 14 young (14336K), 14 survivors (14336K)
 Metaspace       used 160880K, committed 162560K, reserved 1245184K
  class space    used 21199K, committed 22016K, reserved 1048576K
}
Event: 2769.614 GC heap before
{Heap before GC invocations=94 (full 0):
 garbage-first heap   total 534528K, used 200330K [0x0000000080000000, 0x0000000100000000)
  region size 1024K, 26 young (26624K), 14 survivors (14336K)
 Metaspace       used 160974K, committed 162624K, reserved 1245184K
  class space    used 21213K, committed 22016K, reserved 1048576K
}
Event: 2769.623 GC heap after
{Heap after GC invocations=95 (full 0):
 garbage-first heap   total 534528K, used 166233K [0x0000000080000000, 0x0000000100000000)
  region size 1024K, 4 young (4096K), 4 survivors (4096K)
 Metaspace       used 160974K, committed 162624K, reserved 1245184K
  class space    used 21213K, committed 22016K, reserved 1048576K
}
Event: 2769.754 GC heap before
{Heap before GC invocations=95 (full 0):
 garbage-first heap   total 534528K, used 171353K [0x0000000080000000, 0x0000000100000000)
  region size 1024K, 10 young (10240K), 4 survivors (4096K)
 Metaspace       used 160975K, committed 162624K, reserved 1245184K
  class space    used 21213K, committed 22016K, reserved 1048576K
}

Dll operation events (3 events):
Event: 0.215 Loaded shared library D:\mobil\jbr\bin\java.dll
Event: 0.334 Loaded shared library D:\mobil\jbr\bin\zip.dll
Event: 0.681 Loaded shared library D:\mobil\jbr\bin\verify.dll

Deoptimization events (20 events):
Event: 2769.320 Thread 0x0000029b6154e810 DEOPT PACKING pc=0x0000029b4154b723 sp=0x000000b6e63f9fd0
Event: 2769.320 Thread 0x0000029b6154e810 DEOPT UNPACKING pc=0x0000029b45cd7143 sp=0x000000b6e63f95b0 mode 0
Event: 2769.321 Thread 0x0000029b6154e810 DEOPT PACKING pc=0x0000029b4154b723 sp=0x000000b6e63f9fd0
Event: 2769.321 Thread 0x0000029b6154e810 DEOPT UNPACKING pc=0x0000029b45cd7143 sp=0x000000b6e63f95b0 mode 0
Event: 2769.323 Thread 0x0000029b6154e810 DEOPT PACKING pc=0x0000029b4154b723 sp=0x000000b6e63f9fd0
Event: 2769.323 Thread 0x0000029b6154e810 DEOPT UNPACKING pc=0x0000029b45cd7143 sp=0x000000b6e63f95b0 mode 0
Event: 2769.343 Thread 0x0000029b6154e810 DEOPT PACKING pc=0x0000029b415a18db sp=0x000000b6e63fa140
Event: 2769.343 Thread 0x0000029b6154e810 DEOPT UNPACKING pc=0x0000029b45cd7143 sp=0x000000b6e63f9758 mode 0
Event: 2769.348 Thread 0x0000029b6154e810 DEOPT PACKING pc=0x0000029b415a18db sp=0x000000b6e63fa140
Event: 2769.348 Thread 0x0000029b6154e810 DEOPT UNPACKING pc=0x0000029b45cd7143 sp=0x000000b6e63f9758 mode 0
Event: 2769.354 Thread 0x0000029b6154e810 DEOPT PACKING pc=0x0000029b415a18db sp=0x000000b6e63fa140
Event: 2769.354 Thread 0x0000029b6154e810 DEOPT UNPACKING pc=0x0000029b45cd7143 sp=0x000000b6e63f9758 mode 0
Event: 2769.365 Thread 0x0000029b6154e810 DEOPT PACKING pc=0x0000029b415a18db sp=0x000000b6e63fa140
Event: 2769.365 Thread 0x0000029b6154e810 DEOPT UNPACKING pc=0x0000029b45cd7143 sp=0x000000b6e63f9758 mode 0
Event: 2769.373 Thread 0x0000029b6154e810 DEOPT PACKING pc=0x0000029b415a18db sp=0x000000b6e63fa140
Event: 2769.373 Thread 0x0000029b6154e810 DEOPT UNPACKING pc=0x0000029b45cd7143 sp=0x000000b6e63f9758 mode 0
Event: 2769.380 Thread 0x0000029b6154e810 DEOPT PACKING pc=0x0000029b415a18db sp=0x000000b6e63fa140
Event: 2769.380 Thread 0x0000029b6154e810 DEOPT UNPACKING pc=0x0000029b45cd7143 sp=0x000000b6e63f9758 mode 0
Event: 2769.383 Thread 0x0000029b6154e810 DEOPT PACKING pc=0x0000029b415a18db sp=0x000000b6e63fa140
Event: 2769.383 Thread 0x0000029b6154e810 DEOPT UNPACKING pc=0x0000029b45cd7143 sp=0x000000b6e63f9758 mode 0

Classes unloaded (20 events):
Event: 2384.334 Thread 0x0000029b5a053620 Unloading class 0x0000000101059c00 'java/lang/invoke/LambdaForm$MH+0x0000000101059c00'
Event: 2384.334 Thread 0x0000029b5a053620 Unloading class 0x000000010105a400 'java/lang/invoke/LambdaForm$MH+0x000000010105a400'
Event: 2384.334 Thread 0x0000029b5a053620 Unloading class 0x0000000100dc5800 'java/lang/invoke/LambdaForm$MH+0x0000000100dc5800'
Event: 2384.334 Thread 0x0000029b5a053620 Unloading class 0x0000000100dc5400 'java/lang/invoke/LambdaForm$MH+0x0000000100dc5400'
Event: 2384.334 Thread 0x0000029b5a053620 Unloading class 0x0000000100dc5000 'java/lang/invoke/LambdaForm$MH+0x0000000100dc5000'
Event: 2384.334 Thread 0x0000029b5a053620 Unloading class 0x0000000100dc4c00 'java/lang/invoke/LambdaForm$MH+0x0000000100dc4c00'
Event: 2384.334 Thread 0x0000029b5a053620 Unloading class 0x0000000100dc4800 'java/lang/invoke/LambdaForm$MH+0x0000000100dc4800'
Event: 2384.334 Thread 0x0000029b5a053620 Unloading class 0x0000000100dc4400 'java/lang/invoke/LambdaForm$MH+0x0000000100dc4400'
Event: 2384.334 Thread 0x0000029b5a053620 Unloading class 0x00000001009b1c00 'java/lang/invoke/LambdaForm$MH+0x00000001009b1c00'
Event: 2384.334 Thread 0x0000029b5a053620 Unloading class 0x00000001009b1800 'java/lang/invoke/LambdaForm$MH+0x00000001009b1800'
Event: 2384.334 Thread 0x0000029b5a053620 Unloading class 0x00000001009b1400 'java/lang/invoke/LambdaForm$MH+0x00000001009b1400'
Event: 2384.334 Thread 0x0000029b5a053620 Unloading class 0x00000001009b1000 'java/lang/invoke/LambdaForm$MH+0x00000001009b1000'
Event: 2384.334 Thread 0x0000029b5a053620 Unloading class 0x00000001009b0c00 'java/lang/invoke/LambdaForm$MH+0x00000001009b0c00'
Event: 2384.334 Thread 0x0000029b5a053620 Unloading class 0x00000001009b0800 'java/lang/invoke/LambdaForm$MH+0x00000001009b0800'
Event: 2384.334 Thread 0x0000029b5a053620 Unloading class 0x00000001009b0400 'java/lang/invoke/LambdaForm$MH+0x00000001009b0400'
Event: 2384.334 Thread 0x0000029b5a053620 Unloading class 0x00000001009b0000 'java/lang/invoke/LambdaForm$MH+0x00000001009b0000'
Event: 2384.334 Thread 0x0000029b5a053620 Unloading class 0x00000001008fcc00 'java/lang/invoke/LambdaForm$MH+0x00000001008fcc00'
Event: 2384.334 Thread 0x0000029b5a053620 Unloading class 0x00000001008fc800 'java/lang/invoke/LambdaForm$MH+0x00000001008fc800'
Event: 2384.334 Thread 0x0000029b5a053620 Unloading class 0x00000001008fc000 'java/lang/invoke/LambdaForm$MH+0x00000001008fc000'
Event: 2384.335 Thread 0x0000029b5a053620 Unloading class 0x00000001001ac800 'java/lang/invoke/LambdaForm$MH+0x00000001001ac800'

Classes redefined (0 events):
No events

Internal exceptions (20 events):
Event: 2767.899 Thread 0x0000029b60a10010 Exception <a 'sun/nio/fs/WindowsException'{0x000000009919bbc0}> (0x000000009919bbc0) 
thrown [s\src\hotspot\share\prims\jni.cpp, line 531]
Event: 2767.899 Thread 0x0000029b60a10010 Exception <a 'sun/nio/fs/WindowsException'{0x00000000991a0c28}> (0x00000000991a0c28) 
thrown [s\src\hotspot\share\prims\jni.cpp, line 531]
Event: 2767.899 Thread 0x0000029b60a10010 Exception <a 'sun/nio/fs/WindowsException'{0x00000000991a0fb8}> (0x00000000991a0fb8) 
thrown [s\src\hotspot\share\prims\jni.cpp, line 531]
Event: 2768.042 Thread 0x0000029b60a10010 Exception <a 'sun/nio/fs/WindowsException'{0x0000000097b44970}> (0x0000000097b44970) 
thrown [s\src\hotspot\share\prims\jni.cpp, line 531]
Event: 2768.169 Thread 0x0000029b60a10010 Exception <a 'sun/nio/fs/WindowsException'{0x0000000096a603f8}> (0x0000000096a603f8) 
thrown [s\src\hotspot\share\prims\jni.cpp, line 531]
Event: 2768.170 Thread 0x0000029b60a10010 Exception <a 'sun/nio/fs/WindowsException'{0x0000000096a68048}> (0x0000000096a68048) 
thrown [s\src\hotspot\share\prims\jni.cpp, line 531]
Event: 2768.170 Thread 0x0000029b60a10010 Exception <a 'sun/nio/fs/WindowsException'{0x0000000096a692a8}> (0x0000000096a692a8) 
thrown [s\src\hotspot\share\prims\jni.cpp, line 531]
Event: 2768.170 Thread 0x0000029b60a10010 Exception <a 'sun/nio/fs/WindowsException'{0x0000000096a6a558}> (0x0000000096a6a558) 
thrown [s\src\hotspot\share\prims\jni.cpp, line 531]
Event: 2768.170 Thread 0x0000029b60a10010 Exception <a 'sun/nio/fs/WindowsException'{0x0000000096a6b808}> (0x0000000096a6b808) 
thrown [s\src\hotspot\share\prims\jni.cpp, line 531]
Event: 2768.214 Thread 0x0000029b6154e810 Exception <a 'sun/nio/fs/WindowsException'{0x00000000964e3010}> (0x00000000964e3010) 
thrown [s\src\hotspot\share\prims\jni.cpp, line 531]
Event: 2768.505 Thread 0x0000029b5d7147d0 Exception <a 'java/lang/InterruptedException'{0x0000000093d3f840}> (0x0000000093d3f840) 
thrown [s\src\hotspot\share\runtime\objectMonitor.cpp, line 1658]
Event: 2768.508 Thread 0x0000029b6154cec0 Exception <a 'sun/nio/fs/WindowsException'{0x0000000093d67b48}> (0x0000000093d67b48) 
thrown [s\src\hotspot\share\prims\jni.cpp, line 531]
Event: 2768.530 Thread 0x0000029b6154cec0 Exception <a 'sun/nio/fs/WindowsException'{0x00000000935001a8}> (0x00000000935001a8) 
thrown [s\src\hotspot\share\prims\jni.cpp, line 531]
Event: 2768.531 Thread 0x0000029b6154cec0 Exception <a 'sun/nio/fs/WindowsException'{0x00000000935020b8}> (0x00000000935020b8) 
thrown [s\src\hotspot\share\prims\jni.cpp, line 531]
Event: 2768.533 Thread 0x0000029b6154cec0 Exception <a 'sun/nio/fs/WindowsException'{0x00000000935cf428}> (0x00000000935cf428) 
thrown [s\src\hotspot\share\prims\jni.cpp, line 531]
Event: 2769.471 Thread 0x0000029b5d711a40 Exception <a 'sun/nio/fs/WindowsException'{0x00000000fffad138}> (0x00000000fffad138) 
thrown [s\src\hotspot\share\prims\jni.cpp, line 531]
Event: 2769.472 Thread 0x0000029b5d711a40 Exception <a 'sun/nio/fs/WindowsException'{0x00000000fffaeeb0}> (0x00000000fffaeeb0) 
thrown [s\src\hotspot\share\prims\jni.cpp, line 531]
Event: 2769.474 Thread 0x0000029b5d711a40 Exception <a 'sun/nio/fs/WindowsException'{0x00000000fffb17f8}> (0x00000000fffb17f8) 
thrown [s\src\hotspot\share\prims\jni.cpp, line 531]
Event: 2769.510 Thread 0x0000029b5d711a40 Exception <a 'sun/nio/fs/WindowsException'{0x00000000ffe728c8}> (0x00000000ffe728c8) 
thrown [s\src\hotspot\share\prims\jni.cpp, line 531]
Event: 2769.510 Thread 0x0000029b5d711a40 Exception <a 'sun/nio/fs/WindowsException'{0x00000000ffe72a58}> (0x00000000ffe72a58) 
thrown [s\src\hotspot\share\prims\jni.cpp, line 531]

VM Operations (20 events):
Event: 2660.204 Executing VM operation: G1CollectForAllocation done
Event: 2660.358 Executing VM operation: G1CollectForAllocation
Event: 2660.362 Executing VM operation: G1CollectForAllocation done
Event: 2660.426 Executing VM operation: G1PauseRemark
Event: 2660.432 Executing VM operation: G1PauseRemark done
Event: 2660.472 Executing VM operation: G1PauseCleanup
Event: 2660.472 Executing VM operation: G1PauseCleanup done
Event: 2662.472 Executing VM operation: Cleanup
Event: 2662.472 Executing VM operation: Cleanup done
Event: 2706.187 Executing VM operation: HandshakeAllThreads
Event: 2706.187 Executing VM operation: HandshakeAllThreads done
Event: 2768.780 Executing VM operation: Cleanup
Event: 2768.780 Executing VM operation: Cleanup done
Event: 2769.448 Executing VM operation: G1CollectForAllocation
Event: 2769.455 Executing VM operation: G1CollectForAllocation done
Event: 2769.614 Executing VM operation: G1CollectForAllocation
Event: 2769.624 Executing VM operation: G1CollectForAllocation done
Event: 2769.733 Executing VM operation: HandshakeAllThreads
Event: 2769.733 Executing VM operation: HandshakeAllThreads done
Event: 2769.754 Executing VM operation: G1TryInitiateConcMark

Events (20 events):
Event: 2768.363 Thread 0x0000029b66c74540 Thread added: 0x0000029b66c74540
Event: 2768.363 Thread 0x0000029b66c74a50 Thread added: 0x0000029b66c74a50
Event: 2768.363 Thread 0x0000029b66c73610 Thread added: 0x0000029b66c73610
Event: 2768.364 Thread 0x0000029b66c75980 Thread added: 0x0000029b66c75980
Event: 2768.364 Thread 0x0000029b66c73b20 Thread added: 0x0000029b66c73b20
Event: 2768.364 Thread 0x0000029b66c763a0 Thread added: 0x0000029b66c763a0
Event: 2768.364 Thread 0x0000029b66c73100 Thread added: 0x0000029b66c73100
Event: 2768.371 Thread 0x0000029b66c74f60 Thread added: 0x0000029b66c74f60
Event: 2768.371 Thread 0x0000029b66c74030 Thread added: 0x0000029b66c74030
Event: 2768.378 Thread 0x0000029b66c75e90 Thread added: 0x0000029b66c75e90
Event: 2768.499 Thread 0x0000029b5d711a40 Thread added: 0x0000029b5d711a40
Event: 2768.504 Thread 0x0000029b5d7147d0 Thread added: 0x0000029b5d7147d0
Event: 2768.514 Thread 0x0000029b5d714ce0 Thread added: 0x0000029b5d714ce0
Event: 2768.515 Thread 0x0000029b5d713db0 Thread added: 0x0000029b5d713db0
Event: 2768.515 Thread 0x0000029b5d7138a0 Thread added: 0x0000029b5d7138a0
Event: 2768.515 Thread 0x0000029b5d711f50 Thread added: 0x0000029b5d711f50
Event: 2769.225 Thread 0x0000029b6a2164a0 Thread exited: 0x0000029b6a2164a0
Event: 2769.361 Thread 0x0000029b6a2164a0 Thread added: 0x0000029b6a2164a0
Event: 2769.387 Thread 0x0000029b5d7142c0 Thread added: 0x0000029b5d7142c0
Event: 2769.457 Thread 0x0000029b5d7147d0 Thread exited: 0x0000029b5d7147d0


Dynamic libraries:
0x00007ff622ff0000 - 0x00007ff622ffa000 	D:\mobil\jbr\bin\java.exe
0x00007ffa6fe40000 - 0x00007ffa700a0000 	C:\WINDOWS\SYSTEM32\ntdll.dll
0x00007ffa6dc40000 - 0x00007ffa6dd07000 	C:\WINDOWS\System32\KERNEL32.DLL
0x00007ffa6d460000 - 0x00007ffa6d82a000 	C:\WINDOWS\System32\KERNELBASE.dll
0x00007ffa6d020000 - 0x00007ffa6d16b000 	C:\WINDOWS\System32\ucrtbase.dll
0x00007ffa55230000 - 0x00007ffa55247000 	D:\mobil\jbr\bin\jli.dll
0x00007ffa6e9b0000 - 0x00007ffa6eb7c000 	C:\WINDOWS\System32\USER32.dll
0x00007ffa6d2b0000 - 0x00007ffa6d2d7000 	C:\WINDOWS\System32\win32u.dll
0x00007ffa4cb60000 - 0x00007ffa4cdf7000 	C:\WINDOWS\WinSxS\amd64_microsoft.windows.common-controls_6595b64144ccf1df_6.0.26100.3624_none_3e086962e3345f24\COMCTL32.dll
0x00007ffa6e3d0000 - 0x00007ffa6e3fa000 	C:\WINDOWS\System32\GDI32.dll
0x00007ffa6d8f0000 - 0x00007ffa6da21000 	C:\WINDOWS\System32\gdi32full.dll
0x00007ffa6e400000 - 0x00007ffa6e4a9000 	C:\WINDOWS\System32\msvcrt.dll
0x00007ffa6d200000 - 0x00007ffa6d2a3000 	C:\WINDOWS\System32\msvcp_win.dll
0x00007ffa65140000 - 0x00007ffa6515b000 	D:\mobil\jbr\bin\VCRUNTIME140.dll
0x00007ffa6dd10000 - 0x00007ffa6dd3f000 	C:\WINDOWS\System32\IMM32.DLL
0x00007ffa65130000 - 0x00007ffa6513c000 	D:\mobil\jbr\bin\vcruntime140_1.dll
0x00007ffa388d0000 - 0x00007ffa3895d000 	D:\mobil\jbr\bin\msvcp140.dll
0x00007ff9d7690000 - 0x00007ff9d8313000 	D:\mobil\jbr\bin\server\jvm.dll
0x00007ffa6e4c0000 - 0x00007ffa6e572000 	C:\WINDOWS\System32\ADVAPI32.dll
0x00007ffa6f170000 - 0x00007ffa6f216000 	C:\WINDOWS\System32\sechost.dll
0x00007ffa6e130000 - 0x00007ffa6e246000 	C:\WINDOWS\System32\RPCRT4.dll
0x00007ffa6bc90000 - 0x00007ffa6bcee000 	C:\WINDOWS\SYSTEM32\POWRPROF.dll
0x00007ffa60b80000 - 0x00007ffa60bb6000 	C:\WINDOWS\SYSTEM32\WINMM.dll
0x00007ffa59250000 - 0x00007ffa5925b000 	C:\WINDOWS\SYSTEM32\VERSION.dll
0x00007ffa12380000 - 0x00007ffa1238a000 	C:\WINDOWS\SYSTEM32\WSOCK32.dll
0x00007ffa6e890000 - 0x00007ffa6e904000 	C:\WINDOWS\System32\WS2_32.dll
0x00007ffa6bc70000 - 0x00007ffa6bc84000 	C:\WINDOWS\SYSTEM32\UMPDC.dll
0x00007ffa6bf50000 - 0x00007ffa6bf6a000 	C:\WINDOWS\SYSTEM32\kernel.appcore.dll
0x00007ffa12370000 - 0x00007ffa1237a000 	D:\mobil\jbr\bin\jimage.dll
0x00007ffa6a910000 - 0x00007ffa6ab51000 	C:\WINDOWS\SYSTEM32\DBGHELP.DLL
0x00007ffa6eb80000 - 0x00007ffa6ef02000 	C:\WINDOWS\System32\combase.dll
0x00007ffa6def0000 - 0x00007ffa6dfc6000 	C:\WINDOWS\System32\OLEAUT32.dll
0x00007ffa441e0000 - 0x00007ffa44219000 	C:\WINDOWS\SYSTEM32\dbgcore.DLL
0x00007ffa6dba0000 - 0x00007ffa6dc39000 	C:\WINDOWS\System32\bcryptPrimitives.dll
0x00007ffa651c0000 - 0x00007ffa651ce000 	D:\mobil\jbr\bin\instrument.dll
0x00007ffa11450000 - 0x00007ffa11475000 	D:\mobil\jbr\bin\java.dll
0x00007ffa10e60000 - 0x00007ffa10e78000 	D:\mobil\jbr\bin\zip.dll
0x00007ffa6f6b0000 - 0x00007ffa6fdd9000 	C:\WINDOWS\System32\SHELL32.dll
0x00007ffa6da30000 - 0x00007ffa6db98000 	C:\WINDOWS\System32\wintypes.dll
0x00007ffa6acb0000 - 0x00007ffa6b502000 	C:\WINDOWS\SYSTEM32\windows.storage.dll
0x00007ffa6e250000 - 0x00007ffa6e33d000 	C:\WINDOWS\System32\SHCORE.dll
0x00007ffa6e580000 - 0x00007ffa6e5e4000 	C:\WINDOWS\System32\shlwapi.dll
0x00007ffa6cf30000 - 0x00007ffa6cf5f000 	C:\WINDOWS\SYSTEM32\profapi.dll
0x00007ffa0fa50000 - 0x00007ffa0fa69000 	D:\mobil\jbr\bin\net.dll
0x00007ffa63ae0000 - 0x00007ffa63bfd000 	C:\WINDOWS\SYSTEM32\WINHTTP.dll
0x00007ffa6c470000 - 0x00007ffa6c4da000 	C:\WINDOWS\system32\mswsock.dll
0x00007ffa0fa30000 - 0x00007ffa0fa46000 	D:\mobil\jbr\bin\nio.dll
0x00007ffa651d0000 - 0x00007ffa651e0000 	D:\mobil\jbr\bin\verify.dll
0x00007ffa125f0000 - 0x00007ffa12617000 	C:\Users\gurgi\.gradle\native\c067742578af261105cb4f569cf0c3c89f3d7b1fecec35dd04571415982c5e48\windows-amd64\native-platform.dll
0x00007ffa05710000 - 0x00007ffa05854000 	C:\Users\gurgi\.gradle\native\38dada09dfb8b06ba9b0570ebf7e218e3eb74d4ef43ca46872605cf95ebc2f47\windows-amd64\native-platform-file-events.dll
0x00007ffa0fa20000 - 0x00007ffa0fa29000 	D:\mobil\jbr\bin\management.dll
0x00007ffa0fa10000 - 0x00007ffa0fa1b000 	D:\mobil\jbr\bin\management_ext.dll
0x00007ffa6e4b0000 - 0x00007ffa6e4b8000 	C:\WINDOWS\System32\PSAPI.DLL
0x00007ffa6c710000 - 0x00007ffa6c72c000 	C:\WINDOWS\SYSTEM32\CRYPTSP.dll
0x00007ffa6beb0000 - 0x00007ffa6beea000 	C:\WINDOWS\system32\rsaenh.dll
0x00007ffa6c510000 - 0x00007ffa6c53b000 	C:\WINDOWS\SYSTEM32\USERENV.dll
0x00007ffa6cf00000 - 0x00007ffa6cf26000 	C:\WINDOWS\SYSTEM32\bcrypt.dll
0x00007ffa6c730000 - 0x00007ffa6c73c000 	C:\WINDOWS\SYSTEM32\CRYPTBASE.dll
0x00007ffa6b960000 - 0x00007ffa6b993000 	C:\WINDOWS\SYSTEM32\IPHLPAPI.DLL
0x00007ffa6e9a0000 - 0x00007ffa6e9aa000 	C:\WINDOWS\System32\NSI.dll
0x00007ffa63d30000 - 0x00007ffa63d4f000 	C:\WINDOWS\SYSTEM32\dhcpcsvc6.DLL
0x00007ffa63c70000 - 0x00007ffa63c95000 	C:\WINDOWS\SYSTEM32\dhcpcsvc.DLL
0x00007ffa6b9a0000 - 0x00007ffa6bac5000 	C:\WINDOWS\SYSTEM32\DNSAPI.dll
0x00007ffa10e50000 - 0x00007ffa10e59000 	D:\mobil\jbr\bin\extnet.dll
0x00007ffa2c6e0000 - 0x00007ffa2c6e8000 	C:\WINDOWS\system32\wshunix.dll
0x00007ffa60b70000 - 0x00007ffa60b7b000 	C:\Windows\System32\rasadhlp.dll
0x00007ffa63ec0000 - 0x00007ffa63f45000 	C:\WINDOWS\System32\fwpuclnt.dll
0x00007ffa4b330000 - 0x00007ffa4b348000 	C:\WINDOWS\system32\napinsp.dll
0x00007ffa4ae80000 - 0x00007ffa4ae92000 	C:\WINDOWS\System32\winrnr.dll
0x00007ffa42dc0000 - 0x00007ffa42df0000 	C:\WINDOWS\system32\nlansp_c.dll
0x00007ffa605c0000 - 0x00007ffa605d6000 	C:\WINDOWS\system32\wshbth.dll
0x00007ffa650e0000 - 0x00007ffa650fe000 	C:\Users\gurgi\AppData\Local\Temp\native-platform15473313333948813757dir\native-platform.dll
0x00007ffa65120000 - 0x00007ffa65127000 	D:\mobil\jbr\bin\rmi.dll

dbghelp: loaded successfully - version: 4.0.5 - missing functions: none
symbol engine: initialized successfully - sym options: 0x614 - pdb path: .;D:\mobil\jbr\bin;C:\WINDOWS\SYSTEM32;C:\WINDOWS\WinSxS\amd64_microsoft.windows.common-controls_6595b64144ccf1df_6.0.26100.3624_none_3e086962e3345f24;D:\mobil\jbr\bin\server;C:\Users\gurgi\.gradle\native\c067742578af261105cb4f569cf0c3c89f3d7b1fecec35dd04571415982c5e48\windows-amd64;C:\Users\gurgi\.gradle\native\38dada09dfb8b06ba9b0570ebf7e218e3eb74d4ef43ca46872605cf95ebc2f47\windows-amd64;C:\Users\gurgi\AppData\Local\Temp\native-platform15473313333948813757dir

VM Arguments:
jvm_args: --add-opens=java.base/java.util=ALL-UNNAMED --add-opens=java.base/java.lang=ALL-UNNAMED --add-opens=java.base/java.lang.invoke=ALL-UNNAMED --add-opens=java.prefs/java.util.prefs=ALL-UNNAMED --add-opens=java.base/java.nio.charset=ALL-UNNAMED --add-opens=java.base/java.net=ALL-UNNAMED --add-opens=java.base/java.util.concurrent.atomic=ALL-UNNAMED -Xmx2048m -Dfile.encoding=UTF-8 -Duser.country=TR -Duser.language=tr -Duser.variant -javaagent:C:\Users\gurgi\.gradle\wrapper\dists\gradle-8.7-bin\bhs2wmbdwecv87pi65oeuq5iu\gradle-8.7\lib\agents\gradle-instrumentation-agent-8.7.jar 
java_command: org.gradle.launcher.daemon.bootstrap.GradleDaemon 8.7
java_class_path (initial): C:\Users\gurgi\.gradle\wrapper\dists\gradle-8.7-bin\bhs2wmbdwecv87pi65oeuq5iu\gradle-8.7\lib\gradle-launcher-8.7.jar
Launcher Type: SUN_STANDARD

[Global flags]
     intx CICompilerCount                          = 4                                         {product} {ergonomic}
     uint ConcGCThreads                            = 3                                         {product} {ergonomic}
     uint G1ConcRefinementThreads                  = 10                                        {product} {ergonomic}
   size_t G1HeapRegionSize                         = 1048576                                   {product} {ergonomic}
    uintx GCDrainStackTargetSize                   = 64                                        {product} {ergonomic}
   size_t InitialHeapSize                          = 264241152                                 {product} {ergonomic}
   size_t MarkStackSize                            = 4194304                                   {product} {ergonomic}
   size_t MaxHeapSize                              = 2147483648                                {product} {command line}
   size_t MaxNewSize                               = 1287651328                                {product} {ergonomic}
   size_t MinHeapDeltaBytes                        = 1048576                                   {product} {ergonomic}
   size_t MinHeapSize                              = 8388608                                   {product} {ergonomic}
    uintx NonNMethodCodeHeapSize                   = 5839372                                {pd product} {ergonomic}
    uintx NonProfiledCodeHeapSize                  = 122909434                              {pd product} {ergonomic}
    uintx ProfiledCodeHeapSize                     = 122909434                              {pd product} {ergonomic}
    uintx ReservedCodeCacheSize                    = 251658240                              {pd product} {ergonomic}
     bool SegmentedCodeCache                       = true                                      {product} {ergonomic}
   size_t SoftMaxHeapSize                          = 2147483648                             {manageable} {ergonomic}
     bool UseCompressedClassPointers               = true                           {product lp64_product} {ergonomic}
     bool UseCompressedOops                        = true                           {product lp64_product} {ergonomic}
     bool UseG1GC                                  = true                                      {product} {ergonomic}
     bool UseLargePagesIndividualAllocation        = false                                  {pd product} {ergonomic}

Logging:
Log output configuration:
 #0: stdout all=warning uptime,level,tags
 #1: stderr all=off uptime,level,tags

Environment Variables:
PATH=d:\cursor\cursor\resources\app\bin;C:\Program Files\Common Files\Oracle\Java\javapath;D:\vmware\bin\;C:\Program Files (x86)\Common Files\Oracle\Java\javapath;C:\Windows\System32\HWAudioDriver;C:\Windows\system32;C:\Windows;C:\Windows\System32\Wbem;C:\Windows\System32\WindowsPowerShell\v1.0\;C:\Windows\System32\OpenSSH\;C:\Users\Administrator\AppData\Local\Microsoft\WindowsApps;C:\Program Files\dotnet\;C:\WINDOWS\system32;C:\WINDOWS;C:\WINDOWS\System32\Wbem;C:\WINDOWS\System32\WindowsPowerShell\v1.0\;C:\WINDOWS\System32\OpenSSH\;C:\Program Files (x86)\Microsoft SQL Server\160\Tools\Binn\;C:\Program Files\Microsoft SQL Server\160\Tools\Binn\;C:\Program Files\Microsoft SQL Server\Client SDK\ODBC\170\Tools\Binn\;C:\Program Files\Microsoft SQL Server\160\DTS\Binn\;C:\Program Files (x86)\Microsoft SQL Server\160\DTS\Binn\;C:\Program Files\Git\cmd;C:\Users\gurgi\AppData\Local\Microsoft\WindowsApps;C:\src\flutter\bin;C:\Users\gurgi\AppData\Local\Android\sdk;C:\Users\gurgi\AppData\Local\Android\sdk\emulator;C:\Users\g;C:\Users\gurgi\AppData\Local\Microsoft\WindowsApps;C:\Users\gurgi\AppData\Local\Programs\Microsoft VS Code\bin;C:\src\flutter\bin;C:\Users\gurgi\AppData\Local\Android\sdk;C:\Users\gurgi\AppData\Local\Android\sdk\emulator;C:\Users\gurgi\AppData\Local\Android\sdk\platform-tools;C:\Users\gurgi\AppData\Local\Android\sdk\tools;C:\Users\gurgi\AppData\Local\Android\sdk\tools\bin;C:\Program Files\Java\jdk-23\bin;C:\Program Files\Git\bin;D:\cursor\cursor\resources\app\bin
USERNAME=gurgi
OS=Windows_NT
PROCESSOR_IDENTIFIER=Intel64 Family 6 Model 154 Stepping 3, GenuineIntel
TMP=C:\Users\gurgi\AppData\Local\Temp
TEMP=C:\Users\gurgi\AppData\Local\Temp



Periodic native trim disabled

JNI global refs:
JNI global refs: 29, weak refs: 1

JNI global refs memory usage: 843, weak refs: 841

Process memory usage:
Resident Set Size: 853188K (5% of 16494840K total physical memory with 1222876K free physical memory)

OOME stack traces (most recent first):
Classloader memory used:
Loader org.gradle.internal.classloader.VisitableURLClassLoader$InstrumentingVisitableURLClassLoader: 6542K
Loader org.gradle.internal.classloader.VisitableURLClassLoader                         : 5520K
Loader bootstrap                                                                       : 4001K
Loader org.gradle.initialization.MixInLegacyTypesClassLoader                           : 1744K
Loader jdk.internal.loader.ClassLoaders$AppClassLoader                                 : 903K
Loader java.net.URLClassLoader                                                         : 830K
Loader jdk.internal.reflect.DelegatingClassLoader                                      : 421K
Loader jdk.internal.loader.ClassLoaders$PlatformClassLoader                            : 128K
Loader org.gradle.internal.classloader.VisitableURLClassLoader                         : 29030B
Loader sun.reflect.misc.MethodUtil                                                     : 373B

Classes loaded by more than one classloader:
Class kotlin.jvm.internal.Intrinsics                                                  : loaded 5 times (x 69B)
Class kotlin.Lazy                                                                     : loaded 5 times (x 68B)
Class kotlin.jvm.internal.Lambda                                                      : loaded 5 times (x 73B)
Class kotlin.UninitializedPropertyAccessException                                     : loaded 5 times (x 80B)
Class Program                                                                         : loaded 5 times (x 70B)
Class kotlin.Function                                                                 : loaded 5 times (x 68B)
Class kotlin.jvm.internal.FunctionBase                                                : loaded 5 times (x 68B)
Class kotlin.UNINITIALIZED_VALUE                                                      : loaded 5 times (x 69B)
Class kotlin.LazyKt__LazyJVMKt                                                        : loaded 5 times (x 69B)
Class kotlin.LazyKt                                                                   : loaded 5 times (x 69B)
Class kotlin.LazyKt__LazyKt                                                           : loaded 5 times (x 69B)
Class kotlin.KotlinNullPointerException                                               : loaded 5 times (x 81B)
Class kotlin.jvm.functions.Function1                                                  : loaded 5 times (x 68B)
Class kotlin.jvm.functions.Function0                                                  : loaded 5 times (x 68B)
Class kotlin.NoWhenBranchMatchedException                                             : loaded 5 times (x 80B)
Class kotlin.SynchronizedLazyImpl                                                     : loaded 5 times (x 74B)
Class kotlin.collections.CollectionsKt__IterablesKt                                   : loaded 4 times (x 69B)
Class kotlin.collections.AbstractList$Companion                                       : loaded 4 times (x 69B)
Class kotlin.text.StringsKt__StringBuilderKt                                          : loaded 4 times (x 69B)
Class kotlin.collections.CollectionsKt__CollectionsJVMKt                              : loaded 4 times (x 69B)
Class kotlin.collections.SetsKt__SetsJVMKt                                            : loaded 4 times (x 69B)
Class kotlin.collections.CollectionsKt__ReversedViewsKt                               : loaded 4 times (x 69B)
Class kotlin.collections.MapsKt___MapsJvmKt                                           : loaded 4 times (x 69B)
Class kotlin.enums.EnumEntriesList                                                    : loaded 4 times (x 183B)
Class kotlin.collections.CollectionsKt__MutableCollectionsKt                          : loaded 4 times (x 69B)
Class kotlin.ranges.IntRange                                                          : loaded 4 times (x 91B)
Class kotlin.collections.SetsKt__SetsKt                                               : loaded 4 times (x 69B)
Class kotlin.text.StringsKt__StringsJVMKt                                             : loaded 4 times (x 69B)
Class kotlin.Pair                                                                     : loaded 4 times (x 70B)
Class kotlin.collections.SetsKt___SetsKt                                              : loaded 4 times (x 69B)
Class kotlin.text.StringsKt__StringBuilderJVMKt                                       : loaded 4 times (x 69B)
Class kotlin.text.StringsKt__RegexExtensionsKt                                        : loaded 4 times (x 69B)
Class kotlin.ranges.ClosedRange                                                       : loaded 4 times (x 68B)
Class kotlin.text.StringsKt___StringsKt                                               : loaded 4 times (x 69B)
Class kotlin.text.StringsKt__StringNumberConversionsKt                                : loaded 4 times (x 69B)
Class kotlin.reflect.KAnnotatedElement                                                : loaded 4 times (x 68B)
Class kotlin.text.CharsKt                                                             : loaded 4 times (x 69B)
Class kotlin.ranges.RangesKt___RangesKt                                               : loaded 4 times (x 69B)
Class kotlin.jvm.KotlinReflectionNotSupportedError                                    : loaded 4 times (x 80B)
Class kotlin.ranges.IntRange$Companion                                                : loaded 4 times (x 69B)
Class kotlin.enums.EnumEntries                                                        : loaded 4 times (x 68B)
Class kotlin.text.StringsKt__RegexExtensionsJVMKt                                     : loaded 4 times (x 69B)
Class kotlin.collections.CollectionsKt__IteratorsJVMKt                                : loaded 4 times (x 69B)
Class kotlin.internal.ProgressionUtilKt                                               : loaded 4 times (x 69B)
Class kotlin.collections.CollectionsKt___CollectionsKt                                : loaded 4 times (x 69B)
Class kotlin.collections.ArraysKt__ArraysJVMKt                                        : loaded 4 times (x 69B)
Class kotlin.collections.AbstractCollection                                           : loaded 4 times (x 115B)
Class kotlin.collections.SetsKt                                                       : loaded 4 times (x 69B)
Class kotlin.collections.AbstractList                                                 : loaded 4 times (x 157B)
Class kotlin.ranges.RangesKt                                                          : loaded 4 times (x 69B)
Class kotlin.enums.EnumEntriesKt                                                      : loaded 4 times (x 69B)
Class kotlin.collections.MapsKt___MapsKt                                              : loaded 4 times (x 69B)
Class kotlin.text.CharsKt__CharKt                                                     : loaded 4 times (x 69B)
Class kotlin.collections.ArraysKt                                                     : loaded 4 times (x 69B)
Class kotlin.jvm.internal.markers.KMappedMarker                                       : loaded 4 times (x 68B)
Class kotlin.collections.CollectionsKt__MutableCollectionsJVMKt                       : loaded 4 times (x 69B)
Class kotlin.jvm.internal.FunctionReference                                           : loaded 4 times (x 120B)
Class kotlin.reflect.KCallable                                                        : loaded 4 times (x 68B)
Class kotlin.ranges.OpenEndRange                                                      : loaded 4 times (x 68B)
Class kotlin.text.StringsKt__AppendableKt                                             : loaded 4 times (x 69B)
Class kotlin.collections.MapsKt__MapsKt                                               : loaded 4 times (x 69B)
Class kotlin.collections.CollectionsKt                                                : loaded 4 times (x 69B)
Class kotlin.collections.ArraysKt___ArraysJvmKt                                       : loaded 4 times (x 69B)
Class kotlin.jvm.internal.CallableReference$NoReceiver                                : loaded 4 times (x 69B)
Class kotlin.collections.CollectionsKt___CollectionsJvmKt                             : loaded 4 times (x 69B)
Class kotlin.ranges.RangesKt__RangesKt                                                : loaded 4 times (x 69B)
Class kotlin.NotImplementedError                                                      : loaded 4 times (x 80B)
Class kotlin.collections.CollectionsKt__IteratorsKt                                   : loaded 4 times (x 69B)
Class kotlin.text.StringsKt                                                           : loaded 4 times (x 69B)
Class kotlin.reflect.KDeclarationContainer                                            : loaded 4 times (x 68B)
Class kotlin.text.StringsKt__StringsKt                                                : loaded 4 times (x 69B)
Class kotlin.collections.ArraysKt__ArraysKt                                           : loaded 4 times (x 69B)
Class kotlin.collections.MapsKt__MapsJVMKt                                            : loaded 4 times (x 69B)
Class kotlin.collections.ArraysKt___ArraysKt                                          : loaded 4 times (x 69B)
Class kotlin.collections.CollectionsKt__CollectionsKt                                 : loaded 4 times (x 69B)
Class kotlin.text.StringsKt__StringNumberConversionsJVMKt                             : loaded 4 times (x 69B)
Class kotlin.ranges.IntProgression$Companion                                          : loaded 4 times (x 69B)
Class kotlin.text.StringsKt___StringsJvmKt                                            : loaded 4 times (x 69B)
Class kotlin.TuplesKt                                                                 : loaded 4 times (x 69B)
Class kotlin.text.CharsKt__CharJVMKt                                                  : loaded 4 times (x 69B)
Class kotlin.collections.MapsKt                                                       : loaded 4 times (x 69B)
Class kotlin.jvm.internal.CallableReference                                           : loaded 4 times (x 104B)
Class kotlin.collections.MapsKt__MapWithDefaultKt                                     : loaded 4 times (x 69B)
Class kotlin.reflect.KFunction                                                        : loaded 4 times (x 68B)
Class kotlin.text.StringsKt__IndentKt                                                 : loaded 4 times (x 69B)
Class kotlin.ranges.IntProgression                                                    : loaded 4 times (x 79B)
Class kotlin.SafePublicationLazyImpl$Companion                                        : loaded 3 times (x 69B)
Class kotlin.reflect.jvm.internal.KClassifierImpl                                     : loaded 3 times (x 68B)
Class kotlin.reflect.jvm.internal.KDeclarationContainerImpl$Data$moduleData$2         : loaded 3 times (x 77B)
Class kotlin.reflect.jvm.internal.EmptyContainerForLocal                              : loaded 3 times (x 82B)
Class kotlin.reflect.jvm.internal.ReflectProperties                                   : loaded 3 times (x 69B)
Class [Lkotlin.reflect.KAnnotatedElement;                                             : loaded 3 times (x 67B)
Class kotlin.SafePublicationLazyImpl                                                  : loaded 3 times (x 74B)
Class kotlin.reflect.KProperty$Accessor                                               : loaded 3 times (x 68B)
Class kotlin.comparisons.ComparisonsKt                                                : loaded 3 times (x 69B)
Class kotlin.text.Regex                                                               : loaded 3 times (x 70B)
Class [Lkotlin.LazyThreadSafetyMode;                                                  : loaded 3 times (x 67B)
Class kotlin.reflect.jvm.internal.KCallableImpl                                       : loaded 3 times (x 103B)
Class kotlin.reflect.KProperty2                                                       : loaded 3 times (x 68B)
Class kotlin.reflect.KProperty1                                                       : loaded 3 times (x 68B)
Class kotlin.reflect.KProperty0                                                       : loaded 3 times (x 68B)
Class kotlin.collections.ArraysUtilJVM                                                : loaded 3 times (x 69B)
Class kotlin.reflect.KMutableProperty0                                                : loaded 3 times (x 68B)
Class kotlin.reflect.jvm.internal.CachesKt$K_PACKAGE_CACHE$1                          : loaded 3 times (x 76B)
Class kotlin.text.Regex$Companion                                                     : loaded 3 times (x 69B)
Class kotlin.comparisons.ComparisonsKt___ComparisonsKt                                : loaded 3 times (x 69B)
Class kotlin.reflect.KMutableProperty1                                                : loaded 3 times (x 68B)
Class androidx.room.compiler.processing.XBasicAnnotationProcessor                     : loaded 3 times (x 68B)
Class kotlin.reflect.KClassifier                                                      : loaded 3 times (x 68B)
Class kotlin.reflect.KMutableProperty                                                 : loaded 3 times (x 68B)
Class kotlin.reflect.jvm.internal.KClassImpl$Data$inheritedStaticMembers$2            : loaded 3 times (x 77B)
Class kotlin.reflect.jvm.internal.impl.builtins.CompanionObjectMapping                : loaded 3 times (x 69B)
Class kotlin.reflect.KMutableProperty2                                                : loaded 3 times (x 68B)
Class kotlin.reflect.jvm.internal.impl.resolve.jvm.JvmPrimitiveType                   : loaded 3 times (x 77B)
Class kotlin.reflect.jvm.internal.RuntimeTypeMapper                                   : loaded 3 times (x 69B)
Class kotlin.reflect.jvm.internal.KCallableImpl$_returnType$1                         : loaded 3 times (x 77B)
Class kotlin.reflect.jvm.internal.KPropertyImpl$_javaField$1                          : loaded 3 times (x 77B)
Class kotlin.reflect.jvm.internal.KClassImpl$Data                                     : loaded 3 times (x 70B)
Class androidx.room.compiler.processing.javac.JavacBasicAnnotationProcessor$xEnv$2    : loaded 3 times (x 77B)
Class Build_gradle                                                                    : loaded 3 times (x 128B)
Class kotlin.reflect.jvm.internal.ReflectionFactoryImpl                               : loaded 3 times (x 89B)
Class [Lkotlin.reflect.jvm.internal.impl.name.ClassId;                                : loaded 3 times (x 67B)
Class kotlin.jvm.internal.MutablePropertyReference                                    : loaded 3 times (x 117B)
Class kotlin.jvm.internal.PropertyReference2                                          : loaded 3 times (x 125B)
Class androidx.room.RoomProcessor$1                                                   : loaded 3 times (x 76B)
Class kotlin.reflect.jvm.internal.KClassImpl$Data$simpleName$2                        : loaded 3 times (x 77B)
Class kotlin.jvm.internal.PropertyReference1                                          : loaded 3 times (x 125B)
Class kotlin.reflect.KProperty$Getter                                                 : loaded 3 times (x 68B)
Class kotlin.reflect.jvm.internal.CachesKt$CACHE_FOR_BASE_CLASSIFIERS$1               : loaded 3 times (x 76B)
Class kotlin.reflect.jvm.internal.ReflectProperties$Val                               : loaded 3 times (x 72B)
Class kotlin.jvm.internal.PropertyReference0                                          : loaded 3 times (x 125B)
Class kotlin.reflect.full.IllegalCallableAccessException                              : loaded 3 times (x 80B)
Class kotlin.reflect.jvm.internal.KClassImpl$Data$allMembers$2                        : loaded 3 times (x 77B)
Class kotlin.Result$Failure                                                           : loaded 3 times (x 70B)
Class kotlin.reflect.jvm.internal.CacheByClassKt                                      : loaded 3 times (x 69B)
Class kotlin.Result$Companion                                                         : loaded 3 times (x 69B)
Class kotlin.reflect.jvm.internal.impl.builtins.PrimitiveType                         : loaded 3 times (x 77B)
Class kotlin.reflect.jvm.internal.impl.builtins.StandardNames$FqNames                 : loaded 3 times (x 69B)
Class androidx.room.compiler.processing.javac.JavacBasicAnnotationProcessor           : loaded 3 times (x 96B)
Class androidx.room.RoomProcessor                                                     : loaded 3 times (x 96B)
Class kotlin.reflect.jvm.internal.impl.name.ClassId                                   : loaded 3 times (x 70B)
Class [Lkotlin.reflect.KCallable;                                                     : loaded 3 times (x 67B)
Class kotlin.reflect.jvm.internal.KClassImpl$Data$declaredStaticMembers$2             : loaded 3 times (x 77B)
Class [Lkotlin.reflect.jvm.internal.impl.builtins.PrimitiveType;                      : loaded 3 times (x 67B)
Class kotlin.reflect.jvm.internal.KClassImpl$Data$declaredMembers$2                   : loaded 3 times (x 77B)
Class kotlin.reflect.jvm.internal.KDeclarationContainerImpl                           : loaded 3 times (x 82B)
Class kotlin.LazyThreadSafetyMode                                                     : loaded 3 times (x 77B)
Class kotlin.reflect.jvm.internal.KClassImpl$Data$annotations$2                       : loaded 3 times (x 77B)
Class kotlin.reflect.jvm.internal.KClassImpl$Data$allStaticMembers$2                  : loaded 3 times (x 77B)
Class kotlin.reflect.jvm.internal.KPropertyImpl$Companion                             : loaded 3 times (x 69B)
Class kotlin.jvm.functions.Function10                                                 : loaded 3 times (x 68B)
Class [Lkotlin.reflect.KProperty;                                                     : loaded 3 times (x 67B)
Class kotlin.reflect.jvm.internal.KClassImpl$Data$descriptor$2                        : loaded 3 times (x 77B)
Class kotlin.reflect.jvm.internal.KTypeParameterOwnerImpl                             : loaded 3 times (x 68B)
Class kotlin.reflect.jvm.internal.CacheByClass                                        : loaded 3 times (x 71B)
Class kotlin._Assertions                                                              : loaded 3 times (x 69B)
Class kotlin.jvm.functions.Function11                                                 : loaded 3 times (x 68B)
Class kotlin.reflect.jvm.internal.KCallableImpl$_parameters$1                         : loaded 3 times (x 77B)
Class kotlin.reflect.jvm.internal.KClassImpl$Data$supertypes$2                        : loaded 3 times (x 77B)
Class kotlin.reflect.jvm.internal.CachesKt                                            : loaded 3 times (x 69B)
Class kotlin.jvm.functions.Function12                                                 : loaded 3 times (x 68B)
Class kotlin.reflect.jvm.internal.KProperty1Impl$delegateSource$1                     : loaded 3 times (x 77B)
Class kotlin.jvm.functions.Function13                                                 : loaded 3 times (x 68B)
Class kotlin.jvm.functions.Function9                                                  : loaded 3 times (x 68B)
Class kotlin.jvm.functions.Function8                                                  : loaded 3 times (x 68B)
Class kotlin.jvm.functions.Function7                                                  : loaded 3 times (x 68B)
Class kotlin.reflect.jvm.internal.impl.builtins.jvm.JavaToKotlinClassMap$PlatformMutabilityMapping: loaded 3 times (x 70B)
Class kotlin.reflect.jvm.internal.ComputableClassValue                                : loaded 3 times (x 78B)
Class kotlin.jvm.functions.Function6                                                  : loaded 3 times (x 68B)
Class kotlin.reflect.jvm.internal.impl.name.Name                                      : loaded 3 times (x 73B)
Class kotlin.reflect.jvm.internal.KClassImpl$Data$declaredNonStaticMembers$2          : loaded 3 times (x 77B)
Class kotlin.jvm.functions.Function4                                                  : loaded 3 times (x 68B)
Class kotlin.jvm.functions.Function3                                                  : loaded 3 times (x 68B)
Class kotlin.jvm.functions.Function2                                                  : loaded 3 times (x 68B)
Class kotlin.jvm.functions.Function14                                                 : loaded 3 times (x 68B)
Class kotlin.reflect.KClass                                                           : loaded 3 times (x 68B)
Class kotlin.jvm.functions.Function15                                                 : loaded 3 times (x 68B)
Class kotlin.reflect.jvm.internal.impl.name.FqNamesUtilKt                             : loaded 3 times (x 69B)
Class kotlin.reflect.jvm.internal.KClassImpl$data$1                                   : loaded 3 times (x 77B)
Class kotlin.jvm.JvmClassMappingKt                                                    : loaded 3 times (x 69B)
Class Build_gradle$1                                                                  : loaded 3 times (x 72B)
Class kotlin.reflect.jvm.internal.impl.builtins.jvm.JavaToKotlinClassMap              : loaded 3 times (x 69B)
Class kotlin.jvm.functions.Function16                                                 : loaded 3 times (x 68B)
Class kotlin.jvm.functions.Function17                                                 : loaded 3 times (x 68B)
Class kotlin.reflect.jvm.internal.KPropertyImpl$_descriptor$1                         : loaded 3 times (x 77B)
Class kotlin.reflect.jvm.internal.KClassImpl$Data$allNonStaticMembers$2               : loaded 3 times (x 77B)
Class kotlin.reflect.jvm.internal.ClassValueCache                                     : loaded 3 times (x 72B)
Class kotlin.reflect.KTypeParameter                                                   : loaded 3 times (x 68B)
Class androidx.room.compiler.processing.javac.JavacBasicAnnotationProcessor$steps$2   : loaded 3 times (x 77B)
Class kotlin.jvm.functions.Function18                                                 : loaded 3 times (x 68B)
Class kotlin.reflect.jvm.internal.KotlinReflectionInternalError                       : loaded 3 times (x 80B)
Class kotlin.reflect.jvm.internal.KPropertyImpl                                       : loaded 3 times (x 113B)
Class kotlin.reflect.jvm.internal.impl.builtins.PrimitiveType$typeFqName$2            : loaded 3 times (x 77B)
Class kotlin.reflect.jvm.internal.impl.builtins.StandardNames                         : loaded 3 times (x 69B)
Class kotlin.reflect.jvm.internal.impl.utils.CollectionsKt                            : loaded 3 times (x 69B)
Class [Lkotlin.reflect.jvm.internal.impl.resolve.jvm.JvmPrimitiveType;                : loaded 3 times (x 67B)
Class kotlin.reflect.jvm.internal.KClassImpl$Data$objectInstance$2                    : loaded 3 times (x 77B)
Class kotlin.Result                                                                   : loaded 3 times (x 70B)
Class kotlin.reflect.jvm.internal.ReflectProperties$LazySoftVal                       : loaded 3 times (x 76B)
Class kotlin.reflect.jvm.internal.KDeclarationContainerImpl$Data                      : loaded 3 times (x 70B)
Class kotlin.jvm.functions.Function19                                                 : loaded 3 times (x 68B)
Class kotlin.reflect.jvm.internal.impl.name.StandardClassIds                          : loaded 3 times (x 69B)
Class kotlin.reflect.jvm.internal.impl.builtins.PrimitiveType$Companion               : loaded 3 times (x 69B)
Class kotlin.reflect.jvm.internal.KCallableImpl$_absentArguments$1                    : loaded 3 times (x 77B)
Class kotlin.reflect.jvm.internal.KClassImpl$Data$qualifiedName$2                     : loaded 3 times (x 77B)
Class kotlin.jvm.internal.PropertyReference                                           : loaded 3 times (x 113B)
Class kotlin.jvm.internal.MutablePropertyReference2                                   : loaded 3 times (x 135B)
Class kotlin.jvm.internal.MutablePropertyReference1                                   : loaded 3 times (x 135B)
Class kotlin.jvm.functions.Function20                                                 : loaded 3 times (x 68B)
Class kotlin.reflect.jvm.internal.KCallableImpl$_annotations$1                        : loaded 3 times (x 77B)
Class kotlin.jvm.internal.MutablePropertyReference0                                   : loaded 3 times (x 135B)
Class kotlin.reflect.jvm.internal.impl.descriptors.runtime.structure.ReflectClassUtilKt: loaded 3 times (x 69B)
Class kotlin.reflect.KProperty                                                        : loaded 3 times (x 68B)
Class kotlin.jvm.functions.Function21                                                 : loaded 3 times (x 68B)
Class kotlin.reflect.jvm.internal.KClassImpl$Data$inheritedNonStaticMembers$2         : loaded 3 times (x 77B)
Class kotlin.reflect.jvm.internal.KClassImpl$Data$typeParameters$2                    : loaded 3 times (x 77B)
Class kotlin.jvm.internal.ClassBasedDeclarationContainer                              : loaded 3 times (x 68B)
Class kotlin.reflect.jvm.internal.KProperty1Impl                                      : loaded 3 times (x 126B)
Class kotlin.reflect.jvm.internal.KCallableImpl$_typeParameters$1                     : loaded 3 times (x 77B)
Class kotlin.jvm.functions.Function22                                                 : loaded 3 times (x 68B)
Class kotlin.LazyKt__LazyJVMKt$WhenMappings                                           : loaded 3 times (x 69B)
Class [Lkotlin.reflect.KDeclarationContainer;                                         : loaded 3 times (x 67B)
Class kotlin.reflect.jvm.internal.KClassImpl$Data$nestedClasses$2                     : loaded 3 times (x 77B)
Class kotlin.reflect.jvm.internal.KClassImpl                                          : loaded 3 times (x 113B)
Class androidx.room.compiler.processing.javac.JavacBasicAnnotationProcessor$commonDelegate$2: loaded 3 times (x 77B)
Class kotlin.reflect.jvm.internal.KClassImpl$Data$constructors$2                      : loaded 3 times (x 77B)
Class [Lkotlin.reflect.jvm.internal.impl.builtins.jvm.JavaToKotlinClassMap$PlatformMutabilityMapping;: loaded 3 times (x 67B)
Class kotlin.jvm.internal.DefaultConstructorMarker                                    : loaded 3 times (x 69B)
Class kotlin.reflect.KType                                                            : loaded 3 times (x 68B)
Class kotlin.reflect.jvm.internal.CachesKt$CACHE_FOR_GENERIC_CLASSIFIERS$1            : loaded 3 times (x 76B)
Class kotlin.comparisons.ComparisonsKt___ComparisonsJvmKt                             : loaded 3 times (x 69B)
Class kotlin.reflect.jvm.internal.CachesKt$K_CLASS_CACHE$1                            : loaded 3 times (x 76B)
Class kotlin.reflect.jvm.internal.KClassImpl$Data$sealedSubclasses$2                  : loaded 3 times (x 77B)
Class kotlin.jvm.internal.PropertyReference1Impl                                      : loaded 3 times (x 125B)
Class kotlin.reflect.jvm.internal.impl.name.FqName                                    : loaded 3 times (x 70B)
Class kotlin.reflect.jvm.internal.KProperty1Impl$_getter$1                            : loaded 3 times (x 77B)
Class kotlin.jvm.internal.Reflection                                                  : loaded 3 times (x 69B)
Class [Lkotlin.reflect.KClass;                                                        : loaded 3 times (x 67B)
Class [Lkotlin.reflect.KClassifier;                                                   : loaded 3 times (x 67B)
Class kotlin.reflect.jvm.internal.ReflectProperties$Val$1                             : loaded 3 times (x 69B)
Class kotlin.reflect.full.IllegalPropertyDelegateAccessException                      : loaded 3 times (x 80B)
Class kotlin.comparisons.ComparisonsKt__ComparisonsKt                                 : loaded 3 times (x 69B)
Class kotlin.reflect.jvm.internal.KDeclarationContainerImpl$Companion                 : loaded 3 times (x 69B)
Class kotlin.reflect.jvm.internal.impl.name.SpecialNames                              : loaded 3 times (x 69B)
Class kotlin.jvm.internal.ReflectionFactory                                           : loaded 3 times (x 89B)
Class kotlin.reflect.jvm.internal.impl.name.FqNameUnsafe                              : loaded 3 times (x 70B)
Class [Lkotlin.reflect.jvm.internal.impl.name.FqName;                                 : loaded 3 times (x 67B)
Class kotlin.reflect.jvm.internal.impl.name.FqNameUnsafe$1                            : loaded 3 times (x 72B)
Class kotlin.reflect.jvm.internal.impl.name.StandardClassIdsKt                        : loaded 3 times (x 69B)
Class kotlin.reflect.jvm.internal.impl.builtins.PrimitiveType$arrayTypeFqName$2       : loaded 3 times (x 77B)
Class kotlin.jvm.functions.Function5                                                  : loaded 3 times (x 68B)
Class kotlin.reflect.jvm.internal.CachesKt$CACHE_FOR_NULLABLE_BASE_CLASSIFIERS$1      : loaded 3 times (x 76B)
Class com.google.common.collect.Iterators$10                                          : loaded 2 times (x 79B)
Class com.google.common.util.concurrent.AbstractFuture$Waiter                         : loaded 2 times (x 70B)
Class com.google.common.base.Absent                                                   : loaded 2 times (x 78B)
Class com.google.common.collect.Iterators$EmptyModifiableIterator                     : loaded 2 times (x 84B)
Class com.google.common.collect.ImmutableList                                         : loaded 2 times (x 166B)
Class org.gradle.api.internal.classpath.ManifestUtil                                  : loaded 2 times (x 69B)
Class org.gradle.api.specs.Spec                                                       : loaded 2 times (x 68B)
Class kotlin.io.LinesSequence$iterator$1                                              : loaded 2 times (x 77B)
Class com.google.common.collect.RangeSet                                              : loaded 2 times (x 68B)
Class com.google.common.collect.ObjectArrays                                          : loaded 2 times (x 69B)
Class com.google.common.cache.CacheLoader$UnsupportedLoadingOperationException        : loaded 2 times (x 80B)
Class com.google.common.base.CharMatcher$Whitespace                                   : loaded 2 times (x 110B)
Class org.gradle.internal.classloader.ClassLoaderFactory                              : loaded 2 times (x 68B)
Class com.google.common.cache.LocalCache$Strength$3                                   : loaded 2 times (x 79B)
Class com.google.common.util.concurrent.ListenableFuture                              : loaded 2 times (x 68B)
Class com.google.common.collect.MapMaker$Dummy                                        : loaded 2 times (x 77B)
Class com.google.common.cache.LocalCache$Strength$2                                   : loaded 2 times (x 79B)
Class com.google.common.collect.Iterators$1                                           : loaded 2 times (x 79B)
Class com.google.common.collect.BaseImmutableMultimap                                 : loaded 2 times (x 121B)
Class com.google.common.collect.Iterators$4                                           : loaded 2 times (x 80B)
Class com.google.common.collect.RegularImmutableMap$BucketOverflowException           : loaded 2 times (x 80B)
Class com.google.common.collect.EmptyImmutableListMultimap                            : loaded 2 times (x 174B)
Class com.google.common.collect.Iterators$5                                           : loaded 2 times (x 80B)
Class com.google.common.collect.Iterators$6                                           : loaded 2 times (x 79B)
Class com.google.common.util.concurrent.AbstractFuture$UnsafeAtomicHelper             : loaded 2 times (x 76B)
Class com.google.common.base.Joiner                                                   : loaded 2 times (x 77B)
Class com.google.common.base.Equivalence$Equals                                       : loaded 2 times (x 80B)
Class com.google.common.base.Preconditions                                            : loaded 2 times (x 69B)
Class com.google.common.base.Function                                                 : loaded 2 times (x 68B)
Class com.google.common.collect.Iterators$9                                           : loaded 2 times (x 79B)
Class com.google.common.cache.LocalCache$Strength$1                                   : loaded 2 times (x 79B)
Class com.google.common.reflect.TypeToken                                             : loaded 2 times (x 71B)
Class org.objectweb.asm.Symbol                                                        : loaded 2 times (x 71B)
Class [Lnet.rubygrapefruit.platform.internal.FunctionResult$Failure;                  : loaded 2 times (x 67B)
Class org.objectweb.asm.FieldVisitor                                                  : loaded 2 times (x 75B)
Class net.rubygrapefruit.platform.internal.Platform$Windows                           : loaded 2 times (x 77B)
Class org.gradle.internal.IoActions                                                   : loaded 2 times (x 69B)
Class com.google.common.collect.MapMakerInternalMap$StrongKeyDummyValueEntry$Helper   : loaded 2 times (x 77B)
Class com.google.common.collect.Maps$EntryFunction$2                                  : loaded 2 times (x 89B)
Class com.google.common.cache.ReferenceEntry                                          : loaded 2 times (x 68B)
Class com.google.common.collect.RegularImmutableMap$KeySet                            : loaded 2 times (x 148B)
Class com.google.common.collect.CollectPreconditions                                  : loaded 2 times (x 69B)
Class com.google.common.collect.Maps$EntryFunction$1                                  : loaded 2 times (x 89B)
Class com.google.common.cache.AbstractCache$StatsCounter                              : loaded 2 times (x 68B)
Class kotlin.sequences.SequencesKt                                                    : loaded 2 times (x 69B)
Class [Lcom.google.common.base.Function;                                              : loaded 2 times (x 67B)
Class com.google.common.primitives.IntsMethodsForWeb                                  : loaded 2 times (x 69B)
Class com.google.common.collect.RangeGwtSerializationDependencies                     : loaded 2 times (x 69B)
Class kotlin.io.TextStreamsKt                                                         : loaded 2 times (x 69B)
Class kotlin.collections.EmptyIterator                                                : loaded 2 times (x 87B)
Class com.google.common.collect.Maps                                                  : loaded 2 times (x 69B)
Class com.google.common.collect.RegularImmutableMap                                   : loaded 2 times (x 119B)
Class kotlin.collections.EmptyList                                                    : loaded 2 times (x 134B)
Class com.google.common.collect.AbstractIndexedListIterator                           : loaded 2 times (x 94B)
Class net.rubygrapefruit.platform.internal.Platform$Posix                             : loaded 2 times (x 79B)
Class com.google.common.collect.ImmutableMultimap$Builder                             : loaded 2 times (x 81B)
Class com.google.common.collect.ImmutableList$ReverseImmutableList                    : loaded 2 times (x 168B)
Class net.rubygrapefruit.platform.internal.NativeLibraryLocator                       : loaded 2 times (x 71B)
Class com.google.common.base.CharMatcher$None                                         : loaded 2 times (x 110B)
Class androidx.room.processor.Context                                                 : loaded 2 times (x 70B)
Class com.google.common.collect.ImmutableEnumMap                                      : loaded 2 times (x 123B)
Class org.gradle.api.internal.classpath.EffectiveClassPath                            : loaded 2 times (x 88B)
Class com.google.common.collect.UnmodifiableListIterator                              : loaded 2 times (x 93B)
Class com.google.common.io.ByteSource$AsCharSource                                    : loaded 2 times (x 84B)
Class com.google.common.io.Files                                                      : loaded 2 times (x 69B)
Class org.gradle.internal.classloader.ClasspathUtil$1                                 : loaded 2 times (x 74B)
Class com.google.common.cache.CacheLoader$FunctionToCacheLoader                       : loaded 2 times (x 73B)
Class com.google.common.cache.CacheBuilder$1                                          : loaded 2 times (x 83B)
Class com.google.common.cache.CacheBuilder$2                                          : loaded 2 times (x 70B)
Class com.google.common.collect.ImmutableList$1                                       : loaded 2 times (x 95B)
Class com.google.common.base.Splitter$Strategy                                        : loaded 2 times (x 68B)
Class org.objectweb.asm.ModuleWriter                                                  : loaded 2 times (x 80B)
Class com.google.common.io.CharStreams                                                : loaded 2 times (x 69B)
Class com.google.common.collect.ImmutableMapEntrySet$RegularEntrySet                  : loaded 2 times (x 149B)
Class com.google.common.collect.RegularImmutableMap$Values                            : loaded 2 times (x 167B)
Class com.google.common.base.Ascii                                                    : loaded 2 times (x 69B)
Class com.google.common.base.Predicates$CompositionPredicate                          : loaded 2 times (x 86B)
Class [Lcom.google.common.cache.RemovalListener;                                      : loaded 2 times (x 67B)
Class [Lcom.google.common.collect.ImmutableMapEntry;                                  : loaded 2 times (x 67B)
Class org.gradle.api.internal.ClassPathProvider                                       : loaded 2 times (x 68B)
Class net.rubygrapefruit.platform.internal.Platform$Unsupported                       : loaded 2 times (x 77B)
Class com.google.common.collect.Interners                                             : loaded 2 times (x 69B)
Class com.google.common.base.Ticker                                                   : loaded 2 times (x 70B)
Class com.google.common.base.PairwiseEquivalence                                      : loaded 2 times (x 81B)
Class com.google.common.collect.ImmutableRangeSet                                     : loaded 2 times (x 113B)
Class com.google.common.collect.ImmutableCollection                                   : loaded 2 times (x 123B)
Class com.google.common.collect.MapMakerInternalMap$Strength$1                        : loaded 2 times (x 78B)
Class org.gradle.internal.installation.CurrentGradleInstallation                      : loaded 2 times (x 71B)
Class org.objectweb.asm.ByteVector                                                    : loaded 2 times (x 77B)
Class com.google.common.collect.MapMakerInternalMap$Strength$2                        : loaded 2 times (x 78B)
Class kotlin.Metadata                                                                 : loaded 2 times (x 68B)
Class org.gradle.internal.agents.InstrumentingClassLoader                             : loaded 2 times (x 68B)
Class org.gradle.internal.installation.CurrentGradleInstallationLocator               : loaded 2 times (x 69B)
Class com.google.common.reflect.TypeToken$2                                           : loaded 2 times (x 106B)
Class androidx.room.compiler.processing.javac.JavacProcessingEnv$messager$2           : loaded 2 times (x 77B)
Class androidx.room.compiler.processing.XProcessingStep                               : loaded 2 times (x 68B)
Class com.google.common.cache.CacheBuilder                                            : loaded 2 times (x 70B)
Class [Lcom.google.common.cache.LocalCache$Segment;                                   : loaded 2 times (x 67B)
Class org.gradle.api.internal.classpath.Module                                        : loaded 2 times (x 68B)
Class com.google.common.io.ByteSource$ByteArrayByteSource                             : loaded 2 times (x 83B)
Class com.google.common.reflect.TypeToken$1                                           : loaded 2 times (x 106B)
Class com.google.common.collect.ImmutableSortedSet                                    : loaded 2 times (x 233B)
Class kotlin.annotation.Target                                                        : loaded 2 times (x 68B)
Class com.google.common.base.Splitter$1$1                                             : loaded 2 times (x 84B)
Class net.rubygrapefruit.platform.internal.NativeLibraryLoader                        : loaded 2 times (x 71B)
Class com.google.common.collect.MapMakerInternalMap$Segment                           : loaded 2 times (x 140B)
Class com.google.common.collect.ForwardingObject                                      : loaded 2 times (x 70B)
Class org.gradle.api.internal.classpath.ModuleRegistry                                : loaded 2 times (x 68B)
Class kotlin.sequences.SequencesKt__SequencesKt                                       : loaded 2 times (x 69B)
Class com.google.common.base.CharMatcher$JavaLetterOrDigit                            : loaded 2 times (x 109B)
Class org.gradle.api.GradleException                                                  : loaded 2 times (x 80B)
Class kotlin.sequences.SequencesKt__SequencesJVMKt                                    : loaded 2 times (x 69B)
Class org.gradle.internal.classloader.VisitableURLClassLoader$Spec                    : loaded 2 times (x 72B)
Class com.google.common.collect.ImmutableSet$JdkBackedSetBuilderImpl                  : loaded 2 times (x 74B)
Class kotlin.sequences.SequencesKt__SequenceBuilderKt                                 : loaded 2 times (x 69B)
Class com.google.common.reflect.Types$TypeVariableInvocationHandler                   : loaded 2 times (x 73B)
Class com.google.common.reflect.Types$ClassOwnership                                  : loaded 2 times (x 78B)
Class com.google.common.collect.ImmutableSet$RegularSetBuilderImpl                    : loaded 2 times (x 75B)
Class com.google.common.collect.RegularImmutableBiMap                                 : loaded 2 times (x 146B)
Class [Lorg.objectweb.asm.AnnotationWriter;                                           : loaded 2 times (x 67B)
Class org.gradle.internal.service.CachingServiceLocator                               : loaded 2 times (x 80B)
Class com.google.common.cache.LocalCache$2                                            : loaded 2 times (x 140B)
Class com.google.common.cache.LocalCache$1                                            : loaded 2 times (x 87B)
Class [Lcom.google.common.collect.ImmutableEntry;                                     : loaded 2 times (x 67B)
Class org.objectweb.asm.RecordComponentWriter                                         : loaded 2 times (x 76B)
Class net.rubygrapefruit.platform.internal.Platform$Linux64Bit                        : loaded 2 times (x 81B)
Class [Landroidx.room.compiler.processing.XProcessingEnv$Backend;                     : loaded 2 times (x 67B)
Class com.google.common.collect.Sets$ImprovedAbstractSet                              : loaded 2 times (x 133B)
Class com.google.common.collect.AbstractMapBasedMultimap$AsMap                        : loaded 2 times (x 126B)
Class org.gradle.internal.classpath.DefaultClassPath                                  : loaded 2 times (x 88B)
Class org.objectweb.asm.AnnotationVisitor                                             : loaded 2 times (x 76B)
Class com.google.common.collect.MapMakerInternalMap$1                                 : loaded 2 times (x 81B)
Class androidx.room.DatabaseProcessingStep                                            : loaded 2 times (x 77B)
Class com.google.common.base.FunctionalEquivalence                                    : loaded 2 times (x 81B)
Class [Lcom.google.common.cache.RemovalCause;                                         : loaded 2 times (x 67B)
Class androidx.room.compiler.processing.XProcessingEnv$Backend                        : loaded 2 times (x 77B)
Class kotlin.annotation.Retention                                                     : loaded 2 times (x 68B)
Class com.google.common.util.concurrent.AbstractFuture$SetFuture                      : loaded 2 times (x 73B)
Class com.google.common.collect.Multimap                                              : loaded 2 times (x 68B)
Class kotlin.sequences.SequencesKt___SequencesKt                                      : loaded 2 times (x 69B)
Class com.google.common.collect.CollectCollectors                                     : loaded 2 times (x 69B)
Class com.google.common.base.Optional                                                 : loaded 2 times (x 78B)
Class com.google.common.base.JdkPattern                                               : loaded 2 times (x 73B)
Class [Lcom.google.common.reflect.Types$ClassOwnership;                               : loaded 2 times (x 67B)
Class com.google.common.collect.MapMakerInternalMap$AbstractStrongKeyEntry            : loaded 2 times (x 78B)
Class com.google.common.collect.TransformedIterator                                   : loaded 2 times (x 78B)
Class com.google.common.base.Splitter$SplittingIterator                               : loaded 2 times (x 82B)
Class com.google.common.collect.ImmutableRangeSet$ComplementRanges                    : loaded 2 times (x 167B)
Class com.google.common.collect.ImmutableMultisetGwtSerializationDependencies         : loaded 2 times (x 123B)
Class com.google.common.io.ByteStreams$LimitedInputStream                             : loaded 2 times (x 90B)
Class com.google.common.collect.Hashing                                               : loaded 2 times (x 69B)
Class com.google.common.reflect.TypeParameter                                         : loaded 2 times (x 70B)
Class com.google.common.base.CharMatcher$SingleWidth                                  : loaded 2 times (x 110B)
Class com.google.common.cache.LocalCache$LoadingValueReference                        : loaded 2 times (x 94B)
Class com.google.common.collect.ImmutableListMultimap                                 : loaded 2 times (x 174B)
Class com.google.common.cache.LocalCache$LocalManualCache$1                           : loaded 2 times (x 73B)
Class com.google.common.collect.Interners$InternerImpl                                : loaded 2 times (x 73B)
Class net.rubygrapefruit.platform.ProcessLauncher                                     : loaded 2 times (x 68B)
Class com.google.common.base.Platform$JdkPatternCompiler                              : loaded 2 times (x 73B)
Class com.google.common.reflect.Types                                                 : loaded 2 times (x 69B)
Class com.google.common.reflect.Types$ClassOwnership$1LocalClass                      : loaded 2 times (x 69B)
Class com.google.common.base.Stopwatch                                                : loaded 2 times (x 70B)
Class com.google.common.collect.Lists$RandomAccessReverseList                         : loaded 2 times (x 160B)
Class com.google.common.collect.UnmodifiableIterator                                  : loaded 2 times (x 78B)
Class org.gradle.internal.classloader.DefaultClassLoaderFactory                       : loaded 2 times (x 80B)
Class com.google.common.cache.CacheLoader$InvalidCacheLoadException                   : loaded 2 times (x 80B)
Class androidx.room.util.SimpleJavaVersion$Companion                                  : loaded 2 times (x 69B)
Class [Lcom.google.common.collect.AbstractIterator$State;                             : loaded 2 times (x 67B)
Class org.objectweb.asm.SymbolTable$Entry                                             : loaded 2 times (x 72B)
Class [Lcom.google.common.cache.LocalCache$EntryFactory;                              : loaded 2 times (x 67B)
Class com.google.common.cache.LocalCache$Values                                       : loaded 2 times (x 116B)
Class com.google.common.io.Closer                                                     : loaded 2 times (x 76B)
Class kotlin.sequences.ConstrainedOnceSequence                                        : loaded 2 times (x 73B)
Class kotlin.io.CloseableKt                                                           : loaded 2 times (x 69B)
Class net.rubygrapefruit.platform.internal.jni.NativeLibraryFunctions                 : loaded 2 times (x 69B)
Class com.google.common.base.Strings                                                  : loaded 2 times (x 69B)
Class com.google.common.collect.Collections2$FilteredCollection                       : loaded 2 times (x 117B)
Class com.google.common.collect.ArrayListMultimap                                     : loaded 2 times (x 170B)
Class com.google.common.util.concurrent.AbstractFuture$SynchronizedHelper             : loaded 2 times (x 76B)
Class com.google.common.base.CharMatcher$Is                                           : loaded 2 times (x 109B)
Class com.google.common.collect.Maps$AbstractFilteredMap                              : loaded 2 times (x 125B)
Class com.google.common.base.Platform                                                 : loaded 2 times (x 69B)
Class com.google.common.collect.RegularImmutableAsList                                : loaded 2 times (x 176B)
Class com.google.common.base.Suppliers$NonSerializableMemoizingSupplier               : loaded 2 times (x 77B)
Class com.google.common.collect.PeekingIterator                                       : loaded 2 times (x 68B)
Class org.gradle.internal.service.UnknownServiceException                             : loaded 2 times (x 81B)
Class org.gradle.internal.service.DefaultServiceLocator                               : loaded 2 times (x 81B)
Class com.google.common.io.ByteStreams$1                                              : loaded 2 times (x 83B)
Class kotlin.reflect.jvm.internal.impl.builtins.functions.FunctionClassKind           : loaded 2 times (x 78B)
Class com.google.common.math.MathPreconditions                                        : loaded 2 times (x 69B)
Class com.google.common.collect.ImmutableMultimap                                     : loaded 2 times (x 145B)
Class androidx.room.compiler.processing.javac.JavacProcessingEnv                      : loaded 2 times (x 113B)
Class com.google.common.cache.CacheBuilder$NullListener                               : loaded 2 times (x 80B)
Class com.google.common.reflect.TypeResolver$TypeTable$1                              : loaded 2 times (x 71B)
Class com.google.common.collect.ImmutableMapEntrySet                                  : loaded 2 times (x 149B)
Class com.google.common.cache.CacheLoader                                             : loaded 2 times (x 72B)
Class kotlin.io.NoSuchFileException                                                   : loaded 2 times (x 80B)
Class com.google.common.collect.ImmutableBiMapFauxverideShim                          : loaded 2 times (x 118B)
Class kotlin.jvm.internal.TypeIntrinsics                                              : loaded 2 times (x 69B)
Class org.objectweb.asm.MethodTooLargeException                                       : loaded 2 times (x 81B)
Class org.objectweb.asm.Label                                                         : loaded 2 times (x 71B)
Class [Lcom.google.common.collect.HashBiMap$BiEntry;                                  : loaded 2 times (x 67B)
Class com.google.common.collect.HashBiMap$Inverse                                     : loaded 2 times (x 140B)
Class org.gradle.internal.classloader.ClassLoaderVisitor                              : loaded 2 times (x 74B)
Class com.google.common.cache.Cache                                                   : loaded 2 times (x 68B)
Class com.google.common.collect.Maps$EntrySet                                         : loaded 2 times (x 134B)
Class com.google.common.math.IntMath$1                                                : loaded 2 times (x 69B)
Class org.gradle.internal.classloader.SystemClassLoaderSpec                           : loaded 2 times (x 69B)
Class com.google.common.io.LineBuffer                                                 : loaded 2 times (x 73B)
Class com.google.common.util.concurrent.internal.InternalFutureFailureAccess          : loaded 2 times (x 70B)
Class org.objectweb.asm.AnnotationWriter                                              : loaded 2 times (x 77B)
Class androidx.room.util.SimpleJavaVersion                                            : loaded 2 times (x 73B)
Class net.rubygrapefruit.platform.internal.Platform$FreeBSD64Bit                      : loaded 2 times (x 80B)
Class com.google.common.base.Charsets                                                 : loaded 2 times (x 69B)
Class com.google.common.primitives.Ints$IntConverter                                  : loaded 2 times (x 88B)
Class com.google.common.collect.SingletonImmutableSet                                 : loaded 2 times (x 144B)
Class com.google.common.reflect.Types$TypeVariableImpl                                : loaded 2 times (x 70B)
Class com.google.common.collect.Interners$InternerBuilder                             : loaded 2 times (x 74B)
Class [Lcom.google.common.base.AbstractIterator$State;                                : loaded 2 times (x 67B)
Class androidx.room.DatabaseProcessingStep$Companion                                  : loaded 2 times (x 69B)
Class com.google.common.collect.ImmutableMap$Builder                                  : loaded 2 times (x 80B)
Class com.google.common.io.LineReader$1                                               : loaded 2 times (x 73B)
Class kotlin.io.FileAlreadyExistsException                                            : loaded 2 times (x 80B)
Class net.rubygrapefruit.platform.internal.Platform$MacOs                             : loaded 2 times (x 80B)
Class com.google.common.base.AbstractIterator                                         : loaded 2 times (x 78B)
Class kotlin.reflect.jvm.internal.impl.builtins.functions.FunctionClassKind$Companion : loaded 2 times (x 69B)
Class org.objectweb.asm.ClassWriter                                                   : loaded 2 times (x 104B)
Class kotlin.text.Charsets                                                            : loaded 2 times (x 69B)
Class com.google.common.collect.Range                                                 : loaded 2 times (x 85B)
Class com.google.common.base.AbstractIterator$1                                       : loaded 2 times (x 69B)
Class com.google.common.collect.Lists                                                 : loaded 2 times (x 69B)
Class com.google.common.collect.BiMap                                                 : loaded 2 times (x 68B)
Class com.google.common.collect.Sets$SetView                                          : loaded 2 times (x 136B)
Class kotlin.io.LinesSequence                                                         : loaded 2 times (x 73B)
Class kotlin.collections.MapWithDefault                                               : loaded 2 times (x 68B)
Class [Lcom.google.common.cache.CacheBuilder$OneWeigher;                              : loaded 2 times (x 67B)
Class net.rubygrapefruit.platform.NativeIntegrationLinkageException                   : loaded 2 times (x 80B)
Class com.google.common.collect.Iterators                                             : loaded 2 times (x 69B)
Class com.google.common.base.CharMatcher$1                                            : loaded 2 times (x 111B)
Class com.google.common.base.CharMatcher$Ascii                                        : loaded 2 times (x 110B)
Class com.google.common.cache.LocalCache$ComputingValueReference                      : loaded 2 times (x 94B)
Class com.google.common.cache.LocalCache$SoftValueReference                           : loaded 2 times (x 95B)
Class com.google.common.collect.ImmutableMultimap$EntryCollection                     : loaded 2 times (x 125B)
Class com.google.common.collect.ImmutableList$SerializedForm                          : loaded 2 times (x 71B)
Class org.gradle.api.UncheckedIOException                                             : loaded 2 times (x 80B)
Class com.google.common.base.CharMatcher$And                                          : loaded 2 times (x 110B)
Class com.google.common.collect.Maps$KeySet                                           : loaded 2 times (x 135B)
Class kotlin.io.FilesKt__FileReadWriteKt                                              : loaded 2 times (x 69B)
Class [Lcom.google.common.io.FileWriteMode;                                           : loaded 2 times (x 67B)
Class com.google.common.io.Files$FileByteSink                                         : loaded 2 times (x 75B)
Class com.google.common.collect.IndexedImmutableSet                                   : loaded 2 times (x 148B)
Class com.google.common.base.ExtraObjectsMethodsForWeb                                : loaded 2 times (x 69B)
Class com.google.common.base.CharMatcher$InRange                                      : loaded 2 times (x 109B)
Class androidx.room.compiler.processing.XProcessingEnvConfig                          : loaded 2 times (x 69B)
Class com.google.common.collect.IndexedImmutableSet$1                                 : loaded 2 times (x 172B)
Class com.google.common.collect.AbstractListMultimap                                  : loaded 2 times (x 170B)
Class com.google.common.base.CharMatcher$Any                                          : loaded 2 times (x 110B)
Class com.google.common.io.CharStreams$NullWriter                                     : loaded 2 times (x 97B)
Class com.google.common.base.PatternCompiler                                          : loaded 2 times (x 68B)
Class com.google.common.cache.LocalCache$Strength                                     : loaded 2 times (x 79B)
Class [Lcom.google.common.cache.CacheBuilder$NullListener;                            : loaded 2 times (x 67B)
Class com.google.common.collect.AbstractMapBasedMultimap$KeySet                       : loaded 2 times (x 135B)
Class com.google.common.collect.Maps$8                                                : loaded 2 times (x 80B)
Class com.google.common.collect.SortedIterable                                        : loaded 2 times (x 68B)
Class com.google.common.collect.ArrayListMultimapGwtSerializationDependencies         : loaded 2 times (x 170B)
Class kotlin.Unit                                                                     : loaded 2 times (x 69B)
Class kotlin.io.FilePathComponents                                                    : loaded 2 times (x 70B)
Class com.google.common.base.CharMatcher$RangesMatcher                                : loaded 2 times (x 110B)
Class com.google.common.collect.AbstractMapBasedMultimap$RandomAccessWrappedList      : loaded 2 times (x 165B)
Class com.google.common.collect.AbstractRangeSet                                      : loaded 2 times (x 112B)
Class org.objectweb.asm.Handler                                                       : loaded 2 times (x 70B)
Class org.gradle.internal.classpath.DefaultClassPath$ImmutableUniqueList$Builder      : loaded 2 times (x 73B)
Class [Lcom.google.common.cache.LocalCache$Strength;                                  : loaded 2 times (x 67B)
Class com.google.common.collect.RegularImmutableSet                                   : loaded 2 times (x 146B)
Class com.google.common.reflect.Invokable$MethodInvokable                             : loaded 2 times (x 103B)
Class net.rubygrapefruit.platform.internal.Platform$Linux32Bit                        : loaded 2 times (x 81B)
Class com.google.common.collect.ImmutableList$SubList                                 : loaded 2 times (x 168B)
Class com.google.common.reflect.TypeResolver$TypeTable                                : loaded 2 times (x 71B)
Class net.rubygrapefruit.platform.internal.Platform$MacOs64Bit                        : loaded 2 times (x 80B)
Class com.google.common.cache.LocalCache$ValueReference                               : loaded 2 times (x 68B)
Class com.google.common.collect.CollectSpliterators                                   : loaded 2 times (x 69B)
Class com.google.common.io.Java8Compatibility                                         : loaded 2 times (x 69B)
Class org.gradle.internal.classloader.ClasspathUtil                                   : loaded 2 times (x 69B)
Class com.google.common.collect.AbstractMapBasedMultimap$WrappedCollection            : loaded 2 times (x 122B)
Class org.objectweb.asm.CurrentFrame                                                  : loaded 2 times (x 71B)
Class com.google.common.util.concurrent.AbstractFuture                                : loaded 2 times (x 93B)
Class org.gradle.internal.classloader.FilteringClassLoader                            : loaded 2 times (x 103B)
Class com.google.common.reflect.TypeResolver                                          : loaded 2 times (x 70B)
Class androidx.room.processor.Context$Companion                                       : loaded 2 times (x 69B)
Class androidx.room.compiler.processing.javac.XTypeElementStore                       : loaded 2 times (x 70B)
Class com.google.common.cache.LocalCache$StrongValueReference                         : loaded 2 times (x 88B)
Class com.google.common.base.Splitter$1                                               : loaded 2 times (x 75B)
Class com.google.common.base.Predicate                                                : loaded 2 times (x 68B)
Class com.google.common.cache.LocalCache$EntryFactory$8                               : loaded 2 times (x 81B)
Class com.google.common.cache.LocalCache$ValueIterator                                : loaded 2 times (x 84B)
Class com.google.common.base.Ticker$1                                                 : loaded 2 times (x 70B)
Class com.google.common.collect.Maps$BiMapConverter                                   : loaded 2 times (x 88B)
Class org.gradle.api.internal.DefaultClassPathRegistry                                : loaded 2 times (x 74B)
Class com.google.common.collect.AbstractIterator$State                                : loaded 2 times (x 77B)
Class com.google.common.util.concurrent.AbstractFuture$Cancellation                   : loaded 2 times (x 70B)
Class [Lorg.objectweb.asm.Symbol;                                                     : loaded 2 times (x 67B)
Class com.google.common.base.Predicates                                               : loaded 2 times (x 69B)
Class com.google.common.collect.Interner                                              : loaded 2 times (x 68B)
Class com.google.common.collect.ImmutableSet$SetBuilderImpl                           : loaded 2 times (x 74B)
Class org.gradle.api.internal.classpath.DefaultModuleRegistry$DefaultModule           : loaded 2 times (x 84B)
Class net.rubygrapefruit.platform.internal.Platform                                   : loaded 2 times (x 77B)
Class com.google.common.io.LineReader                                                 : loaded 2 times (x 70B)
Class com.google.common.base.CharMatcher$JavaIsoControl                               : loaded 2 times (x 110B)
Class com.google.common.collect.ImmutableMap$1                                        : loaded 2 times (x 79B)
Class com.google.common.cache.LocalCache$EntryFactory$7                               : loaded 2 times (x 81B)
Class com.google.common.base.CharMatcher$Or                                           : loaded 2 times (x 110B)
Class com.google.common.reflect.TypeResolver$TypeVariableKey                          : loaded 2 times (x 70B)
Class com.google.common.cache.LocalCache$EntryFactory$6                               : loaded 2 times (x 81B)
Class com.google.common.cache.RemovalCause$1                                          : loaded 2 times (x 78B)
Class com.google.common.cache.RemovalCause$2                                          : loaded 2 times (x 78B)
Class com.google.common.cache.LocalCache$EntryFactory$5                               : loaded 2 times (x 81B)
Class com.google.common.cache.RemovalCause$3                                          : loaded 2 times (x 78B)
Class org.gradle.kotlin.dsl.VersionCatalogAccessorsKt                                 : loaded 2 times (x 69B)
Class com.google.common.cache.LocalCache$EntryFactory$4                               : loaded 2 times (x 81B)
Class com.google.common.cache.RemovalCause$4                                          : loaded 2 times (x 78B)
Class com.google.common.cache.RemovalCause$5                                          : loaded 2 times (x 78B)
Class [Lcom.google.common.collect.Maps$EntryFunction;                                 : loaded 2 times (x 67B)
Class com.google.common.base.Suppliers$SupplierOfInstance                             : loaded 2 times (x 77B)
Class org.objectweb.asm.RecordComponentVisitor                                        : loaded 2 times (x 75B)
Class com.google.common.cache.LocalCache$EntryFactory$3                               : loaded 2 times (x 81B)
Class com.google.common.reflect.Types$ClassOwnership$1                                : loaded 2 times (x 78B)
Class com.google.common.reflect.Invokable                                             : loaded 2 times (x 99B)
Class com.google.common.reflect.Types$ClassOwnership$2                                : loaded 2 times (x 78B)
Class com.google.common.reflect.Types$ClassOwnership$3                                : loaded 2 times (x 69B)
Class com.google.common.cache.LocalCache$EntryFactory$2                               : loaded 2 times (x 81B)
Class com.google.common.cache.LocalCache$HashIterator                                 : loaded 2 times (x 84B)
Class com.google.common.collect.Iterables                                             : loaded 2 times (x 69B)
Class com.google.common.base.CharMatcher$JavaLowerCase                                : loaded 2 times (x 109B)
Class org.objectweb.asm.ClassTooLargeException                                        : loaded 2 times (x 81B)
Class org.gradle.api.internal.classpath.UnknownModuleException                        : loaded 2 times (x 80B)
Class kotlin.comparisons.NaturalOrderComparator                                       : loaded 2 times (x 86B)
Class com.google.common.collect.FluentIterable                                        : loaded 2 times (x 79B)
Class com.google.common.util.concurrent.AbstractFuture$Listener                       : loaded 2 times (x 70B)
Class com.google.common.cache.LocalCache$EntryFactory$1                               : loaded 2 times (x 81B)
Class com.google.common.collect.CollectSpliterators$1                                 : loaded 2 times (x 88B)
Class com.google.common.primitives.Ints                                               : loaded 2 times (x 69B)
Class com.google.common.base.Equivalence                                              : loaded 2 times (x 80B)
Class com.google.common.collect.MapMakerInternalMap$StrongKeyDummyValueEntry$LinkedStrongKeyDummyValueEntry: loaded 2 times (x 80B)
Class com.google.common.collect.Iterables$4                                           : loaded 2 times (x 79B)
Class com.google.common.collect.Iterables$5                                           : loaded 2 times (x 79B)
Class org.objectweb.asm.Edge                                                          : loaded 2 times (x 70B)
Class com.google.common.collect.Maps$EntryTransformer                                 : loaded 2 times (x 68B)
Class com.google.common.collect.ImmutableCollection$Builder                           : loaded 2 times (x 74B)
Class kotlin.io.FileSystemException                                                   : loaded 2 times (x 80B)
Class com.google.common.io.ByteArrayDataInput                                         : loaded 2 times (x 68B)
Class kotlin.io.FilesKt                                                               : loaded 2 times (x 69B)
Class net.rubygrapefruit.platform.internal.Platform$Window64Bit                       : loaded 2 times (x 77B)
Class [Lorg.objectweb.asm.SymbolTable$Entry;                                          : loaded 2 times (x 67B)
Class com.google.common.collect.ImmutableSet$EmptySetBuilderImpl                      : loaded 2 times (x 74B)
Class com.google.common.reflect.Types$JavaVersion                                     : loaded 2 times (x 81B)
Class com.google.common.collect.SingletonImmutableBiMap                               : loaded 2 times (x 141B)
Class com.google.common.collect.ImmutableSortedSetFauxverideShim                      : loaded 2 times (x 145B)
Class com.google.common.base.Converter                                                : loaded 2 times (x 88B)
Class com.google.common.base.CommonPattern                                            : loaded 2 times (x 72B)
Class com.google.common.collect.CollectSpliterators$1WithCharacteristics              : loaded 2 times (x 88B)
Class com.google.common.base.Suppliers$MemoizingSupplier                              : loaded 2 times (x 77B)
Class com.google.common.base.Suppliers                                                : loaded 2 times (x 69B)
Class com.google.common.collect.ImmutableMap                                          : loaded 2 times (x 118B)
Class com.google.common.io.Files$FileByteSource                                       : loaded 2 times (x 83B)
Class net.rubygrapefruit.platform.internal.Platform$FreeBSD32Bit                      : loaded 2 times (x 80B)
Class [Lcom.google.common.collect.Iterators$EmptyModifiableIterator;                  : loaded 2 times (x 67B)
Class com.google.common.reflect.Reflection                                            : loaded 2 times (x 69B)
Class androidx.room.processor.Context$Companion$ARG_OPTIONS$2                         : loaded 2 times (x 76B)
Class com.google.common.collect.ImmutableMap$IteratorBasedImmutableMap                : loaded 2 times (x 123B)
Class org.objectweb.asm.ClassVisitor                                                  : loaded 2 times (x 86B)
Class com.google.common.collect.MapMakerInternalMap$StrongKeyDummyValueEntry          : loaded 2 times (x 80B)
Class com.google.common.cache.LoadingCache                                            : loaded 2 times (x 68B)
Class org.gradle.internal.service.ServiceLookupException                              : loaded 2 times (x 80B)
Class com.google.common.base.CharMatcher$BitSetMatcher                                : loaded 2 times (x 110B)
Class androidx.room.util.SimpleJavaVersion$compareTo$$inlined$compareBy$1             : loaded 2 times (x 87B)
Class com.google.common.util.concurrent.AbstractFuture$Failure                        : loaded 2 times (x 70B)
Class com.google.common.collect.MapMakerInternalMap$StrongKeyDummyValueSegment        : loaded 2 times (x 140B)
Class androidx.room.compiler.processing.javac.JavacProcessingEnv$typeElementStore$1   : loaded 2 times (x 77B)
Class androidx.room.compiler.processing.javac.JavacProcessingEnv$typeElementStore$2   : loaded 2 times (x 76B)
Class androidx.room.compiler.processing.javac.JavacProcessingEnv$typeElementStore$3   : loaded 2 times (x 77B)
Class org.gradle.cache.GlobalCache                                                    : loaded 2 times (x 68B)
Class com.google.common.base.Present                                                  : loaded 2 times (x 79B)
Class kotlin.collections.EmptySet                                                     : loaded 2 times (x 120B)
Class org.objectweb.asm.Type                                                          : loaded 2 times (x 70B)
Class com.google.common.base.CharMatcher$NegatedFastMatcher                           : loaded 2 times (x 111B)
Class [Lorg.gradle.api.internal.ClassPathProvider;                                    : loaded 2 times (x 67B)
Class com.google.common.util.concurrent.AbstractFuture$SafeAtomicHelper               : loaded 2 times (x 77B)
Class com.google.common.collect.ImmutableMultimap$Values                              : loaded 2 times (x 124B)
Class com.google.common.cache.LocalCache$AbstractReferenceEntry                       : loaded 2 times (x 105B)
Class net.rubygrapefruit.platform.internal.Platform$FreeBSD                           : loaded 2 times (x 80B)
Class org.gradle.util.internal.GUtil                                                  : loaded 2 times (x 69B)
Class net.rubygrapefruit.platform.internal.Platform$Unix                              : loaded 2 times (x 80B)
Class org.gradle.internal.installation.GradleInstallation$1                           : loaded 2 times (x 73B)
Class androidx.room.processor.Context$ProcessorOptions                                : loaded 2 times (x 77B)
Class com.google.common.math.IntMath                                                  : loaded 2 times (x 69B)
Class [Lcom.google.common.reflect.Types$JavaVersion;                                  : loaded 2 times (x 67B)
Class net.rubygrapefruit.platform.Process                                             : loaded 2 times (x 68B)
Class com.google.common.collect.AbstractIterator                                      : loaded 2 times (x 80B)
Class org.gradle.internal.classloader.ClassLoaderSpec                                 : loaded 2 times (x 69B)
Class com.google.common.io.LineProcessor                                              : loaded 2 times (x 68B)
Class com.google.common.base.NullnessCasts                                            : loaded 2 times (x 69B)
Class com.google.common.io.CharSink                                                   : loaded 2 times (x 77B)
Class org.objectweb.asm.Frame                                                         : loaded 2 times (x 71B)
Class com.google.common.cache.LocalCache$LocalManualCache                             : loaded 2 times (x 97B)
Class com.google.common.collect.AbstractMapEntry                                      : loaded 2 times (x 79B)
Class com.google.common.collect.ImmutableList$Builder                                 : loaded 2 times (x 75B)
Class com.google.common.base.CharMatcher$Negated                                      : loaded 2 times (x 111B)
Class org.gradle.api.internal.DefaultClassPathProvider                                : loaded 2 times (x 74B)
Class net.rubygrapefruit.platform.NativeIntegrationUnavailableException               : loaded 2 times (x 80B)
Class com.google.common.cache.CacheLoader$1                                           : loaded 2 times (x 73B)
Class net.rubygrapefruit.platform.NativeIntegration                                   : loaded 2 times (x 68B)
Class [Lcom.google.common.collect.MapMakerInternalMap$Strength;                       : loaded 2 times (x 67B)
Class com.google.common.util.concurrent.AbstractFuture$TrustedFuture                  : loaded 2 times (x 95B)
Class com.google.common.cache.RemovalCause                                            : loaded 2 times (x 78B)
Class [Lkotlin.Pair;                                                                  : loaded 2 times (x 67B)
Class com.google.common.cache.LocalCache$Segment                                      : loaded 2 times (x 152B)
Class com.google.common.collect.MapMakerInternalMap$Strength                          : loaded 2 times (x 78B)
Class com.google.common.collect.MapMakerInternalMap$InternalEntry                     : loaded 2 times (x 68B)
Class com.google.common.collect.Maps$ViewCachingAbstractMap                           : loaded 2 times (x 123B)
Class com.google.common.collect.Sets                                                  : loaded 2 times (x 69B)
Class com.google.common.collect.Iterators$ArrayItr                                    : loaded 2 times (x 95B)
Class androidx.room.compiler.processing.XProcessingEnvConfig$Builder                  : loaded 2 times (x 70B)
Class kotlin.io.FilesKt__UtilsKt                                                      : loaded 2 times (x 69B)
Class com.google.common.collect.ImmutableSet$Builder                                  : loaded 2 times (x 83B)
Class com.google.common.collect.Sets$FilteredSet                                      : loaded 2 times (x 135B)
Class com.google.common.collect.MapMakerInternalMap                                   : loaded 2 times (x 159B)
Class com.google.common.base.CharMatcher$ForPredicate                                 : loaded 2 times (x 110B)
Class com.google.common.collect.ImmutableMap$MapViewOfValuesAsSingletonSets           : loaded 2 times (x 123B)
Class net.rubygrapefruit.platform.internal.Platform$MacOs32Bit                        : loaded 2 times (x 80B)
Class com.google.common.collect.ImmutableMapKeySet                                    : loaded 2 times (x 148B)
Class [Lcom.google.common.cache.Weigher;                                              : loaded 2 times (x 67B)
Class com.google.common.base.MoreObjects                                              : loaded 2 times (x 69B)
Class com.google.common.collect.SortedMapDifference                                   : loaded 2 times (x 68B)
Class com.google.common.base.Splitter                                                 : loaded 2 times (x 70B)
Class org.objectweb.asm.SymbolTable                                                   : loaded 2 times (x 70B)
Class net.rubygrapefruit.platform.internal.FunctionResult                             : loaded 2 times (x 75B)
Class androidx.room.compiler.processing.XProcessingEnv$Companion                      : loaded 2 times (x 69B)
Class [Lorg.objectweb.asm.AnnotationVisitor;                                          : loaded 2 times (x 67B)
Class com.google.common.collect.Maps$IteratorBasedAbstractMap                         : loaded 2 times (x 123B)
Class com.google.common.cache.CacheStats                                              : loaded 2 times (x 69B)
Class org.objectweb.asm.Attribute                                                     : loaded 2 times (x 75B)
Class org.gradle.internal.classloader.VisitableURLClassLoader                         : loaded 2 times (x 115B)
Class com.google.common.cache.LocalCache$LocalLoadingCache                            : loaded 2 times (x 132B)
Class com.google.common.collect.RegularImmutableSortedSet                             : loaded 2 times (x 233B)
Class com.google.common.base.Supplier                                                 : loaded 2 times (x 68B)
Class com.google.common.base.CharMatcher$IsNot                                        : loaded 2 times (x 109B)
Class com.google.common.collect.HashBiMap$BiEntry                                     : loaded 2 times (x 81B)
Class androidx.room.compiler.processing.javac.JavacFiler                              : loaded 2 times (x 76B)
Class kotlin.io.FilesKt__FileTreeWalkKt                                               : loaded 2 times (x 69B)
Class com.google.common.collect.ImmutableMultimap$Keys                                : loaded 2 times (x 164B)
Class com.google.common.base.Objects                                                  : loaded 2 times (x 69B)
Class com.google.common.util.concurrent.AbstractFuture$AtomicHelper                   : loaded 2 times (x 76B)
Class com.google.common.collect.ImmutableBiMap                                        : loaded 2 times (x 141B)
Class kotlin.reflect.jvm.internal.ReflectProperties$LazyVal                           : loaded 2 times (x 73B)
Class org.gradle.internal.Cast                                                        : loaded 2 times (x 69B)
Class com.google.common.hash.PrimitiveSink                                            : loaded 2 times (x 68B)
Class com.google.common.collect.NullnessCasts                                         : loaded 2 times (x 69B)
Class com.google.common.base.CharMatcher                                              : loaded 2 times (x 109B)
Class org.objectweb.asm.FieldWriter                                                   : loaded 2 times (x 76B)
Class com.google.common.collect.MapMakerInternalMap$InternalEntryHelper               : loaded 2 times (x 68B)
Class org.gradle.api.internal.ClassPathRegistry                                       : loaded 2 times (x 68B)
Class com.google.common.cache.LocalCache$EntryFactory                                 : loaded 2 times (x 81B)
Class [Landroidx.room.processor.Context$ProcessorOptions;                             : loaded 2 times (x 67B)
Class com.google.common.util.concurrent.UncheckedExecutionException                   : loaded 2 times (x 80B)
Class com.google.common.collect.ImmutableSet                                          : loaded 2 times (x 143B)
Class org.gradle.internal.classloader.VisitableURLClassLoader$InstrumentingVisitableURLClassLoader: loaded 2 times (x 121B)
Class org.gradle.internal.classloader.ClassLoaderHierarchy                            : loaded 2 times (x 68B)
Class kotlin.sequences.SequencesKt___SequencesJvmKt                                   : loaded 2 times (x 69B)
Class com.google.common.cache.LocalCache$StrongEntry                                  : loaded 2 times (x 106B)
Class com.google.common.collect.ImmutableMap$SerializedForm                           : loaded 2 times (x 71B)
Class com.google.common.collect.Lists$StringAsImmutableList                           : loaded 2 times (x 167B)
Class com.google.common.collect.ImmutableEntry                                        : loaded 2 times (x 80B)
Class com.google.common.collect.Lists$ReverseList                                     : loaded 2 times (x 160B)
Class com.google.common.io.Closer$Suppressor                                          : loaded 2 times (x 68B)
Class [Landroidx.room.processor.Context$BooleanProcessorOptions;                      : loaded 2 times (x 67B)
Class com.google.common.io.ByteArrayDataOutput                                        : loaded 2 times (x 68B)
Class net.rubygrapefruit.platform.internal.LibraryDef                                 : loaded 2 times (x 70B)
Class com.google.common.collect.AbstractMapBasedMultimap$WrappedList                  : loaded 2 times (x 165B)
Class [Lorg.objectweb.asm.Type;                                                       : loaded 2 times (x 67B)
Class com.google.common.collect.MapMakerInternalMap$WeakValueReference                : loaded 2 times (x 68B)
Class com.google.common.collect.Lists$ReverseList$1                                   : loaded 2 times (x 97B)
Class com.google.common.base.AbstractIterator$State                                   : loaded 2 times (x 77B)
Class [Lkotlin.reflect.jvm.internal.impl.builtins.functions.FunctionClassKind;        : loaded 2 times (x 67B)
Class com.google.common.cache.Weigher                                                 : loaded 2 times (x 68B)
Class com.google.common.collect.MapMakerInternalMap$StrongValueEntry                  : loaded 2 times (x 68B)
Class com.google.common.base.CharMatcher$NamedFastMatcher                             : loaded 2 times (x 110B)
Class org.gradle.internal.InternalTransformer                                         : loaded 2 times (x 68B)
Class com.google.common.collect.AbstractMapBasedMultimap$AsMap$AsMapEntries           : loaded 2 times (x 136B)
Class kotlin.sequences.Sequence                                                       : loaded 2 times (x 68B)
Class com.google.common.io.ByteSource$SlicedByteSource                                : loaded 2 times (x 83B)
Class org.gradle.internal.service.ServiceLocator                                      : loaded 2 times (x 68B)
Class com.google.common.collect.ImmutableBiMap$Builder                                : loaded 2 times (x 80B)
Class Settings_gradle$1                                                               : loaded 2 times (x 72B)
Class net.rubygrapefruit.platform.internal.Platform$Linux                             : loaded 2 times (x 81B)
Class com.google.common.collect.ImmutableRangeSet$1                                   : loaded 2 times (x 169B)
Class com.google.common.util.concurrent.SettableFuture                                : loaded 2 times (x 95B)
Class org.gradle.api.Action                                                           : loaded 2 times (x 68B)
Class net.rubygrapefruit.platform.NativeException                                     : loaded 2 times (x 80B)
Class androidx.room.compiler.processing.XFiler                                        : loaded 2 times (x 68B)
Class net.rubygrapefruit.platform.Native                                              : loaded 2 times (x 69B)
Class com.google.common.io.Files$2                                                    : loaded 2 times (x 74B)
Class com.google.common.collect.ImmutableMapEntry                                     : loaded 2 times (x 83B)
Class com.google.common.reflect.Types$ParameterizedTypeImpl                           : loaded 2 times (x 79B)
Class com.google.common.collect.Maps$EntryFunction                                    : loaded 2 times (x 89B)
Class net.rubygrapefruit.platform.internal.Platform$Window32Bit                       : loaded 2 times (x 77B)
Class com.google.common.io.ByteStreams                                                : loaded 2 times (x 69B)
Class com.google.common.cache.CacheBuilder$OneWeigher                                 : loaded 2 times (x 80B)
Class com.google.common.io.ByteSource$ConcatenatedByteSource                          : loaded 2 times (x 83B)
Class com.google.common.base.CharMatcher$Invisible                                    : loaded 2 times (x 110B)
Class androidx.room.compiler.processing.XProcessingEnvConfig$Companion                : loaded 2 times (x 69B)
Class com.google.common.base.Joiner$1                                                 : loaded 2 times (x 78B)
Class kotlin.io.FilesKt__FilePathComponentsKt                                         : loaded 2 times (x 69B)
Class com.google.common.collect.AbstractMultimap                                      : loaded 2 times (x 121B)
Class com.google.common.collect.MapMaker                                              : loaded 2 times (x 70B)
Class com.google.common.base.Joiner$2                                                 : loaded 2 times (x 77B)
Class com.google.common.collect.HashBiMap                                             : loaded 2 times (x 141B)
Class kotlin.io.TerminateException                                                    : loaded 2 times (x 80B)
Class com.google.common.base.CharMatcher$Digit                                        : loaded 2 times (x 110B)
Class com.google.common.reflect.Types$JavaVersion$1                                   : loaded 2 times (x 81B)
Class com.google.common.collect.ImmutableMultiset                                     : loaded 2 times (x 161B)
Class com.google.common.base.CharMatcher$FastMatcher                                  : loaded 2 times (x 109B)
Class com.google.common.reflect.Types$JavaVersion$2                                   : loaded 2 times (x 81B)
Class com.google.common.reflect.Types$JavaVersion$3                                   : loaded 2 times (x 81B)
Class org.gradle.internal.classpath.DefaultClassPath$ImmutableUniqueList              : loaded 2 times (x 159B)
Class com.google.common.reflect.Types$JavaVersion$4                                   : loaded 2 times (x 81B)
Class com.google.common.reflect.Types$JavaVersion$5                                   : loaded 2 times (x 69B)
Class com.google.common.base.CharMatcher$JavaLetter                                   : loaded 2 times (x 109B)
Class com.google.common.collect.ImmutableMultimap$1                                   : loaded 2 times (x 80B)
Class com.google.common.collect.ImmutableMultimap$2                                   : loaded 2 times (x 79B)
Class androidx.room.processor.Context$BooleanProcessorOptions                         : loaded 2 times (x 78B)
Class org.gradle.internal.classpath.TransformedClassPath                              : loaded 2 times (x 94B)
Class com.google.common.collect.MapDifference                                         : loaded 2 times (x 68B)
Class androidx.room.util.SimpleJavaVersion$compareTo$$inlined$thenBy$1                : loaded 2 times (x 88B)
Class com.google.common.reflect.TypeToken$SimpleTypeToken                             : loaded 2 times (x 71B)
Class com.google.common.io.ByteSource$EmptyByteSource                                 : loaded 2 times (x 83B)
Class androidx.room.util.SimpleJavaVersion$compareTo$$inlined$thenBy$2                : loaded 2 times (x 88B)
Class com.google.common.collect.Sets$1                                                : loaded 2 times (x 137B)
Class com.google.common.collect.Sets$2                                                : loaded 2 times (x 137B)
Class com.google.common.util.concurrent.AbstractFuture$Trusted                        : loaded 2 times (x 68B)
Class com.google.common.collect.Sets$3                                                : loaded 2 times (x 137B)
Class com.google.common.base.CharMatcher$JavaDigit                                    : loaded 2 times (x 109B)
Class com.google.common.graph.SuccessorsFunction                                      : loaded 2 times (x 68B)
Class com.google.common.collect.Sets$4                                                : loaded 2 times (x 137B)
Class com.google.common.collect.ListMultimap                                          : loaded 2 times (x 68B)
Class [Lcom.google.common.collect.MapMaker$Dummy;                                     : loaded 2 times (x 67B)
Class com.google.common.reflect.Types$NativeTypeVariableEquals                        : loaded 2 times (x 69B)
Class Settings_gradle                                                                 : loaded 2 times (x 126B)
Class com.google.common.collect.ImmutableEnumSet                                      : loaded 2 times (x 144B)
Class Settings_gradle$1$1                                                             : loaded 2 times (x 72B)
Class com.google.common.collect.FluentIterable$3                                      : loaded 2 times (x 79B)
Class com.google.common.collect.FluentIterable$2                                      : loaded 2 times (x 79B)
Class com.google.common.collect.FluentIterable$1                                      : loaded 2 times (x 79B)
Class com.google.common.collect.ImmutableBiMap$SerializedForm                         : loaded 2 times (x 73B)
Class org.gradle.api.internal.classpath.DefaultModuleRegistry                         : loaded 2 times (x 84B)
Class com.google.common.io.ByteSink                                                   : loaded 2 times (x 74B)
Class com.google.common.cache.RemovalListener                                         : loaded 2 times (x 68B)
Class com.google.common.io.FileWriteMode                                              : loaded 2 times (x 77B)
Class org.objectweb.asm.MethodWriter                                                  : loaded 2 times (x 104B)
Class org.gradle.internal.classpath.ClassPath                                         : loaded 2 times (x 68B)
Class com.google.common.cache.CacheLoader$SupplierToCacheLoader                       : loaded 2 times (x 73B)
Class com.google.common.collect.SingletonImmutableList                                : loaded 2 times (x 167B)
Class com.google.common.io.AppendableWriter                                           : loaded 2 times (x 98B)
Class com.google.common.collect.Platform                                              : loaded 2 times (x 69B)
Class com.google.common.collect.ImmutableRangeSet$AsSet                               : loaded 2 times (x 233B)
Class com.google.common.collect.ImmutableAsList                                       : loaded 2 times (x 169B)
Class [Lcom.google.common.collect.AbstractMapEntry;                                   : loaded 2 times (x 67B)
Class com.google.common.util.concurrent.ExecutionError                                : loaded 2 times (x 80B)
Class com.google.common.io.ByteSink$AsCharSink                                        : loaded 2 times (x 78B)
Class com.google.common.base.Equivalence$Identity                                     : loaded 2 times (x 80B)
Class com.google.common.io.ByteSource                                                 : loaded 2 times (x 82B)
Class com.google.common.base.CharMatcher$AnyOf                                        : loaded 2 times (x 110B)
Class com.google.common.base.CharMatcher$IsEither                                     : loaded 2 times (x 109B)
Class com.google.common.collect.Maps$IteratorBasedAbstractMap$1                       : loaded 2 times (x 136B)
Class com.google.common.collect.AbstractIterator$1                                    : loaded 2 times (x 69B)
Class com.google.common.io.CharSource                                                 : loaded 2 times (x 83B)
Class com.google.common.cache.LocalCache                                              : loaded 2 times (x 185B)
Class org.objectweb.asm.ModuleVisitor                                                 : loaded 2 times (x 79B)
Class com.google.common.collect.ImmutableRangeSet$Builder                             : loaded 2 times (x 75B)
Class net.rubygrapefruit.platform.internal.FunctionResult$Failure                     : loaded 2 times (x 77B)
Class androidx.room.Database                                                          : loaded 2 times (x 68B)
Class com.google.common.collect.RegularImmutableList                                  : loaded 2 times (x 172B)
Class com.google.common.io.Closer$SuppressingSuppressor                               : loaded 2 times (x 73B)
Class com.google.common.collect.Iterators$MergingIterator                             : loaded 2 times (x 79B)
Class com.google.common.util.concurrent.AbstractFuture$UnsafeAtomicHelper$1           : loaded 2 times (x 74B)
Class com.google.common.base.CharMatcher$JavaUpperCase                                : loaded 2 times (x 109B)
Class androidx.room.compiler.processing.javac.JavacProcessingEnv$Companion            : loaded 2 times (x 69B)
Class com.google.common.collect.Multiset                                              : loaded 2 times (x 68B)
Class com.google.common.collect.ImmutableSet$CachingAsList                            : loaded 2 times (x 145B)
Class [Lcom.google.common.collect.MapMakerInternalMap$Segment;                        : loaded 2 times (x 67B)
Class org.gradle.internal.installation.GradleInstallation                             : loaded 2 times (x 73B)
Class com.google.common.reflect.TypeCapture                                           : loaded 2 times (x 69B)
Class kotlin.collections.EmptyMap                                                     : loaded 2 times (x 107B)
Class com.google.common.reflect.Invokable$ConstructorInvokable                        : loaded 2 times (x 103B)
Class org.objectweb.asm.MethodVisitor                                                 : loaded 2 times (x 103B)
Class com.google.common.util.concurrent.Uninterruptibles                              : loaded 2 times (x 69B)
Class com.google.common.collect.AbstractMapBasedMultimap$KeySet$1                     : loaded 2 times (x 80B)
Class com.google.common.collect.ImmutableMapEntry$NonTerminalImmutableMapEntry        : loaded 2 times (x 83B)
Class com.google.common.collect.AbstractMapBasedMultimap                              : loaded 2 times (x 137B)
Class androidx.room.compiler.processing.XProcessingEnv                                : loaded 2 times (x 68B)


---------------  S Y S T E M  ---------------

OS:
 Windows 11 , 64 bit Build 26100 (10.0.26100.3775)
OS uptime: 0 days 1:06 hours
Hyper-V role detected

CPU: total 12 (initial active 12) (6 cores per cpu, 2 threads per core) family 6 model 154 stepping 3 microcode 0x426, cx8, cmov, fxsr, ht, mmx, 3dnowpref, sse, sse2, sse3, ssse3, sse4.1, sse4.2, popcnt, lzcnt, tsc, tscinvbit, avx, avx2, aes, erms, clmul, bmi1, bmi2, adx, sha, fma, vzeroupper, clflush, clflushopt, clwb, hv
Processor Information for processor 0
  Max Mhz: 2000, Current Mhz: 1520, Mhz Limit: 2000
Processor Information for processor 1
  Max Mhz: 2000, Current Mhz: 2000, Mhz Limit: 2000
Processor Information for processor 2
  Max Mhz: 2000, Current Mhz: 1520, Mhz Limit: 2000
Processor Information for processor 3
  Max Mhz: 2000, Current Mhz: 2000, Mhz Limit: 2000
Processor Information for processor 4
  Max Mhz: 2000, Current Mhz: 1520, Mhz Limit: 2000
Processor Information for processor 5
  Max Mhz: 2000, Current Mhz: 2000, Mhz Limit: 2000
Processor Information for processor 6
  Max Mhz: 2000, Current Mhz: 1520, Mhz Limit: 2000
Processor Information for processor 7
  Max Mhz: 2000, Current Mhz: 2000, Mhz Limit: 2000
Processor Information for processor 8
  Max Mhz: 2000, Current Mhz: 2000, Mhz Limit: 2000
Processor Information for processor 9
  Max Mhz: 2000, Current Mhz: 2000, Mhz Limit: 2000
Processor Information for processor 10
  Max Mhz: 2000, Current Mhz: 2000, Mhz Limit: 2000
Processor Information for processor 11
  Max Mhz: 2000, Current Mhz: 2000, Mhz Limit: 2000

Memory: 4k page, system-wide physical 16108M (1182M free)
TotalPageFile size 20204M (AvailPageFile size 33M)
current process WorkingSet (physical memory assigned to process): 845M, peak: 907M
current process commit charge ("private bytes"): 1645M, peak: 1648M

vm_info: OpenJDK 64-Bit Server VM (17.0.11+0--11852314) for windows-amd64 JRE (17.0.11+0--11852314), built on May 16 2024 21:29:20 by "androidbuild" with MS VC++ 16.10 / 16.11 (VS2019)

END.
